datetime,CO_GT
2004-03-10 18:00:00,2.6
2004-03-10 19:00:00,2.0
2004-03-10 20:00:00,2.2
2004-03-10 21:00:00,2.2
2004-03-10 22:00:00,1.6
2004-03-10 23:00:00,1.2
2004-03-11 00:00:00,1.2
2004-03-11 01:00:00,1.0
2004-03-11 02:00:00,0.9
2004-03-11 03:00:00,0.6
2004-03-11 04:00:00,0.6499999999999999
2004-03-11 05:00:00,0.7
2004-03-11 06:00:00,0.7
2004-03-11 07:00:00,1.1
2004-03-11 08:00:00,2.0
2004-03-11 09:00:00,2.2
2004-03-11 10:00:00,1.7
2004-03-11 11:00:00,1.5
2004-03-11 12:00:00,1.6
2004-03-11 13:00:00,1.9
2004-03-11 14:00:00,2.9
2004-03-11 15:00:00,2.2
2004-03-11 16:00:00,2.2
2004-03-11 17:00:00,2.9
2004-03-11 18:00:00,4.8
2004-03-11 19:00:00,6.9
2004-03-11 20:00:00,6.1
2004-03-11 21:00:00,3.9
2004-03-11 22:00:00,1.5
2004-03-11 23:00:00,1.0
2004-03-12 00:00:00,1.7
2004-03-12 01:00:00,1.9
2004-03-12 02:00:00,1.4
2004-03-12 03:00:00,0.8
2004-03-12 04:00:00,0.7
2004-03-12 05:00:00,0.6
2004-03-12 06:00:00,0.8
2004-03-12 07:00:00,1.4
2004-03-12 08:00:00,4.4
2004-03-12 09:00:00,3.75
2004-03-12 10:00:00,3.1
2004-03-12 11:00:00,2.7
2004-03-12 12:00:00,2.1
2004-03-12 13:00:00,2.5
2004-03-12 14:00:00,2.7
2004-03-12 15:00:00,2.9
2004-03-12 16:00:00,2.8
2004-03-12 17:00:00,2.4
2004-03-12 18:00:00,3.9
2004-03-12 19:00:00,3.7
2004-03-12 20:00:00,6.6
2004-03-12 21:00:00,4.4
2004-03-12 22:00:00,3.5
2004-03-12 23:00:00,5.4
2004-03-13 00:00:00,2.7
2004-03-13 01:00:00,1.9
2004-03-13 02:00:00,1.6
2004-03-13 03:00:00,1.7
2004-03-13 04:00:00,1.35
2004-03-13 05:00:00,1.0
2004-03-13 06:00:00,1.2
2004-03-13 07:00:00,1.5
2004-03-13 08:00:00,2.7
2004-03-13 09:00:00,3.7
2004-03-13 10:00:00,3.2
2004-03-13 11:00:00,4.1
2004-03-13 12:00:00,3.6
2004-03-13 13:00:00,2.8
2004-03-13 14:00:00,2.0
2004-03-13 15:00:00,2.0
2004-03-13 16:00:00,2.5
2004-03-13 17:00:00,2.3
2004-03-13 18:00:00,3.2
2004-03-13 19:00:00,4.2
2004-03-13 20:00:00,4.2
2004-03-13 21:00:00,4.2
2004-03-13 22:00:00,3.1
2004-03-13 23:00:00,2.6
2004-03-14 00:00:00,2.9
2004-03-14 01:00:00,2.8
2004-03-14 02:00:00,2.5
2004-03-14 03:00:00,2.4
2004-03-14 04:00:00,1.7999999999999998
2004-03-14 05:00:00,1.2
2004-03-14 06:00:00,1.0
2004-03-14 07:00:00,0.9
2004-03-14 08:00:00,1.4
2004-03-14 09:00:00,1.6
2004-03-14 10:00:00,2.2
2004-03-14 11:00:00,2.8
2004-03-14 12:00:00,2.8
2004-03-14 13:00:00,2.0
2004-03-14 14:00:00,1.8
2004-03-14 15:00:00,1.9
2004-03-14 16:00:00,3.0
2004-03-14 17:00:00,2.9
2004-03-14 18:00:00,2.5
2004-03-14 19:00:00,4.6
2004-03-14 20:00:00,5.9
2004-03-14 21:00:00,3.4
2004-03-14 22:00:00,2.1
2004-03-14 23:00:00,2.2
2004-03-15 00:00:00,1.8
2004-03-15 01:00:00,1.8
2004-03-15 02:00:00,1.8
2004-03-15 03:00:00,1.1
2004-03-15 04:00:00,1.05
2004-03-15 05:00:00,1.0
2004-03-15 06:00:00,1.4
2004-03-15 07:00:00,2.2
2004-03-15 08:00:00,5.5
2004-03-15 09:00:00,8.1
2004-03-15 10:00:00,5.8
2004-03-15 11:00:00,4.2
2004-03-15 12:00:00,3.1
2004-03-15 13:00:00,2.9
2004-03-15 14:00:00,2.9
2004-03-15 15:00:00,2.5
2004-03-15 16:00:00,2.3
2004-03-15 17:00:00,2.8
2004-03-15 18:00:00,6.1
2004-03-15 19:00:00,8.0
2004-03-15 20:00:00,6.5
2004-03-15 21:00:00,4.2
2004-03-15 22:00:00,3.2
2004-03-15 23:00:00,1.4
2004-03-16 00:00:00,2.1
2004-03-16 01:00:00,1.2
2004-03-16 02:00:00,0.8
2004-03-16 03:00:00,0.7
2004-03-16 04:00:00,0.6499999999999999
2004-03-16 05:00:00,0.6
2004-03-16 06:00:00,0.9
2004-03-16 07:00:00,1.3
2004-03-16 08:00:00,3.4
2004-03-16 09:00:00,3.7
2004-03-16 10:00:00,5.3
2004-03-16 11:00:00,4.1
2004-03-16 12:00:00,3.3
2004-03-16 13:00:00,4.0
2004-03-16 14:00:00,3.8
2004-03-16 15:00:00,2.8
2004-03-16 16:00:00,2.9
2004-03-16 17:00:00,2.9
2004-03-16 18:00:00,3.4
2004-03-16 19:00:00,3.9
2004-03-16 20:00:00,3.2
2004-03-16 21:00:00,5.1
2004-03-16 22:00:00,2.6
2004-03-16 23:00:00,1.7
2004-03-17 00:00:00,1.7
2004-03-17 01:00:00,1.2
2004-03-17 02:00:00,0.9
2004-03-17 03:00:00,0.7
2004-03-17 04:00:00,0.6
2004-03-17 05:00:00,0.5
2004-03-17 06:00:00,0.5
2004-03-17 07:00:00,1.6
2004-03-17 08:00:00,4.1
2004-03-17 09:00:00,6.6
2004-03-17 10:00:00,4.3
2004-03-17 11:00:00,2.9
2004-03-17 12:00:00,2.5
2004-03-17 13:00:00,2.8
2004-03-17 14:00:00,2.6
2004-03-17 15:00:00,2.0
2004-03-17 16:00:00,2.9
2004-03-17 17:00:00,2.5
2004-03-17 18:00:00,5.0
2004-03-17 19:00:00,7.6
2004-03-17 20:00:00,6.7
2004-03-17 21:00:00,5.7
2004-03-17 22:00:00,2.8
2004-03-17 23:00:00,2.6
2004-03-18 00:00:00,2.3
2004-03-18 01:00:00,1.4
2004-03-18 02:00:00,1.0
2004-03-18 03:00:00,0.7
2004-03-18 04:00:00,0.6499999999999999
2004-03-18 05:00:00,0.6
2004-03-18 06:00:00,0.7
2004-03-18 07:00:00,1.5
2004-03-18 08:00:00,4.7
2004-03-18 09:00:00,6.6
2004-03-18 10:00:00,4.5
2004-03-18 11:00:00,2.8
2004-03-18 12:00:00,2.2
2004-03-18 13:00:00,2.2
2004-03-18 14:00:00,2.3
2004-03-18 15:00:00,2.2
2004-03-18 16:00:00,2.8
2004-03-18 17:00:00,2.7
2004-03-18 18:00:00,3.7
2004-03-18 19:00:00,5.1
2004-03-18 20:00:00,5.1
2004-03-18 21:00:00,3.2
2004-03-18 22:00:00,2.1
2004-03-18 23:00:00,1.7
2004-03-19 00:00:00,2.0
2004-03-19 01:00:00,1.6
2004-03-19 02:00:00,0.9
2004-03-19 03:00:00,0.7
2004-03-19 04:00:00,0.6
2004-03-19 05:00:00,0.5
2004-03-19 06:00:00,0.7
2004-03-19 07:00:00,1.5
2004-03-19 08:00:00,4.8
2004-03-19 09:00:00,6.2
2004-03-19 10:00:00,4.0
2004-03-19 11:00:00,3.3
2004-03-19 12:00:00,2.8
2004-03-19 13:00:00,3.0
2004-03-19 14:00:00,3.3
2004-03-19 15:00:00,3.5
2004-03-19 16:00:00,4.0
2004-03-19 17:00:00,4.6
2004-03-19 18:00:00,4.1
2004-03-19 19:00:00,4.5
2004-03-19 20:00:00,3.9
2004-03-19 21:00:00,4.0
2004-03-19 22:00:00,2.2
2004-03-19 23:00:00,2.1
2004-03-20 00:00:00,1.7
2004-03-20 01:00:00,1.6
2004-03-20 02:00:00,1.3
2004-03-20 03:00:00,1.3
2004-03-20 04:00:00,1.05
2004-03-20 05:00:00,0.8
2004-03-20 06:00:00,0.8
2004-03-20 07:00:00,1.1
2004-03-20 08:00:00,2.1
2004-03-20 09:00:00,2.4
2004-03-20 10:00:00,2.6
2004-03-20 11:00:00,2.8
2004-03-20 12:00:00,2.6
2004-03-20 13:00:00,2.6
2004-03-20 14:00:00,2.1
2004-03-20 15:00:00,1.7
2004-03-20 16:00:00,1.6
2004-03-20 17:00:00,2.1
2004-03-20 18:00:00,2.3
2004-03-20 19:00:00,3.5
2004-03-20 20:00:00,3.9
2004-03-20 21:00:00,3.3
2004-03-20 22:00:00,2.3
2004-03-20 23:00:00,2.1
2004-03-21 00:00:00,2.8
2004-03-21 01:00:00,2.1
2004-03-21 02:00:00,1.6
2004-03-21 03:00:00,1.6
2004-03-21 04:00:00,1.35
2004-03-21 05:00:00,1.1
2004-03-21 06:00:00,0.7
2004-03-21 07:00:00,0.8
2004-03-21 08:00:00,1.2
2004-03-21 09:00:00,1.4
2004-03-21 10:00:00,1.7
2004-03-21 11:00:00,1.8
2004-03-21 12:00:00,1.8
2004-03-21 13:00:00,1.9
2004-03-21 14:00:00,1.3
2004-03-21 15:00:00,1.6
2004-03-21 16:00:00,1.9
2004-03-21 17:00:00,2.3
2004-03-21 18:00:00,3.8
2004-03-21 19:00:00,3.5
2004-03-21 20:00:00,4.3
2004-03-21 21:00:00,2.8
2004-03-21 22:00:00,1.9
2004-03-21 23:00:00,1.9
2004-03-22 00:00:00,1.7
2004-03-22 01:00:00,1.5
2004-03-22 02:00:00,0.6
2004-03-22 03:00:00,0.4
2004-03-22 04:00:00,0.35
2004-03-22 05:00:00,0.3
2004-03-22 06:00:00,0.6
2004-03-22 07:00:00,1.2
2004-03-22 08:00:00,3.6
2004-03-22 09:00:00,3.7
2004-03-22 10:00:00,1.8
2004-03-22 11:00:00,1.6
2004-03-22 12:00:00,1.9
2004-03-22 13:00:00,2.0
2004-03-22 14:00:00,2.2
2004-03-22 15:00:00,2.1
2004-03-22 16:00:00,2.3
2004-03-22 17:00:00,2.6
2004-03-22 18:00:00,3.8
2004-03-22 19:00:00,4.4
2004-03-22 20:00:00,4.5
2004-03-22 21:00:00,3.3
2004-03-22 22:00:00,2.0
2004-03-22 23:00:00,1.1
2004-03-23 00:00:00,0.9
2004-03-23 01:00:00,0.8
2004-03-23 02:00:00,0.7
2004-03-23 03:00:00,0.5
2004-03-23 04:00:00,0.4
2004-03-23 05:00:00,0.3
2004-03-23 06:00:00,0.5
2004-03-23 07:00:00,1.1
2004-03-23 08:00:00,3.0
2004-03-23 09:00:00,3.8
2004-03-23 10:00:00,3.4
2004-03-23 11:00:00,3.0
2004-03-23 12:00:00,2.7
2004-03-23 13:00:00,3.5
2004-03-23 14:00:00,2.8
2004-03-23 15:00:00,1.9
2004-03-23 16:00:00,2.0
2004-03-23 17:00:00,3.0
2004-03-23 18:00:00,1.9
2004-03-23 19:00:00,2.7
2004-03-23 20:00:00,3.3
2004-03-23 21:00:00,1.7
2004-03-23 22:00:00,1.3
2004-03-23 23:00:00,1.3
2004-03-24 00:00:00,1.2
2004-03-24 01:00:00,1.1
2004-03-24 02:00:00,0.9
2004-03-24 03:00:00,0.6
2004-03-24 04:00:00,0.6
2004-03-24 05:00:00,0.6
2004-03-24 06:00:00,0.8
2004-03-24 07:00:00,1.2
2004-03-24 08:00:00,3.1
2004-03-24 09:00:00,4.4
2004-03-24 10:00:00,3.4
2004-03-24 11:00:00,1.7
2004-03-24 12:00:00,1.5
2004-03-24 13:00:00,1.7
2004-03-24 14:00:00,2.2
2004-03-24 15:00:00,2.45
2004-03-24 16:00:00,2.7
2004-03-24 17:00:00,2.8
2004-03-24 18:00:00,2.7
2004-03-24 19:00:00,4.5
2004-03-24 20:00:00,3.5
2004-03-24 21:00:00,2.6
2004-03-24 22:00:00,1.7
2004-03-24 23:00:00,1.3
2004-03-25 00:00:00,1.3
2004-03-25 01:00:00,1.0
2004-03-25 02:00:00,0.7
2004-03-25 03:00:00,0.7
2004-03-25 04:00:00,0.5
2004-03-25 05:00:00,0.5
2004-03-25 06:00:00,0.6
2004-03-25 07:00:00,1.1
2004-03-25 08:00:00,2.7
2004-03-25 09:00:00,3.5
2004-03-25 10:00:00,2.3
2004-03-25 11:00:00,1.6
2004-03-25 12:00:00,1.3
2004-03-25 13:00:00,2.0
2004-03-25 14:00:00,1.9
2004-03-25 15:00:00,1.9
2004-03-25 16:00:00,2.2
2004-03-25 17:00:00,2.0
2004-03-25 18:00:00,2.9
2004-03-25 19:00:00,5.2
2004-03-25 20:00:00,4.6
2004-03-25 21:00:00,2.5
2004-03-25 22:00:00,1.5
2004-03-25 23:00:00,1.2
2004-03-26 00:00:00,1.7
2004-03-26 01:00:00,1.4
2004-03-26 02:00:00,1.2
2004-03-26 03:00:00,0.6
2004-03-26 04:00:00,0.7
2004-03-26 05:00:00,0.8
2004-03-26 06:00:00,0.9
2004-03-26 07:00:00,1.6
2004-03-26 08:00:00,3.4
2004-03-26 09:00:00,3.8
2004-03-26 10:00:00,3.1
2004-03-26 11:00:00,2.7
2004-03-26 12:00:00,2.0
2004-03-26 13:00:00,2.3
2004-03-26 14:00:00,1.9
2004-03-26 15:00:00,1.3
2004-03-26 16:00:00,1.9
2004-03-26 17:00:00,2.3
2004-03-26 18:00:00,2.4
2004-03-26 19:00:00,2.7
2004-03-26 20:00:00,2.6
2004-03-26 21:00:00,1.5
2004-03-26 22:00:00,1.2
2004-03-26 23:00:00,1.1
2004-03-27 00:00:00,1.5
2004-03-27 01:00:00,1.0
2004-03-27 02:00:00,1.2
2004-03-27 03:00:00,1.1
2004-03-27 04:00:00,0.9500000000000001
2004-03-27 05:00:00,0.8
2004-03-27 06:00:00,0.9
2004-03-27 07:00:00,1.1
2004-03-27 08:00:00,1.5
2004-03-27 09:00:00,1.8
2004-03-27 10:00:00,2.1
2004-03-27 11:00:00,2.1
2004-03-27 12:00:00,1.9
2004-03-27 13:00:00,2.1
2004-03-27 14:00:00,2.5
2004-03-27 15:00:00,1.9
2004-03-27 16:00:00,2.2
2004-03-27 17:00:00,2.3
2004-03-27 18:00:00,2.7
2004-03-27 19:00:00,3.0
2004-03-27 20:00:00,2.8
2004-03-27 21:00:00,2.2
2004-03-27 22:00:00,1.6
2004-03-27 23:00:00,2.1
2004-03-28 00:00:00,2.3
2004-03-28 01:00:00,2.3
2004-03-28 02:00:00,1.7
2004-03-28 03:00:00,2.2
2004-03-28 04:00:00,1.3
2004-03-28 05:00:00,0.8
2004-03-28 06:00:00,1.1
2004-03-28 07:00:00,1.4
2004-03-28 08:00:00,1.3
2004-03-28 09:00:00,1.9
2004-03-28 10:00:00,2.3
2004-03-28 11:00:00,2.3
2004-03-28 12:00:00,1.8
2004-03-28 13:00:00,1.4
2004-03-28 14:00:00,1.0
2004-03-28 15:00:00,1.4
2004-03-28 16:00:00,1.3
2004-03-28 17:00:00,1.3
2004-03-28 18:00:00,1.4
2004-03-28 19:00:00,1.9
2004-03-28 20:00:00,1.8
2004-03-28 21:00:00,1.1
2004-03-28 22:00:00,1.1
2004-03-28 23:00:00,1.1
2004-03-29 00:00:00,0.9
2004-03-29 01:00:00,0.6
2004-03-29 02:00:00,0.5
2004-03-29 03:00:00,0.7
2004-03-29 04:00:00,0.6
2004-03-29 05:00:00,0.7
2004-03-29 06:00:00,0.9
2004-03-29 07:00:00,2.9
2004-03-29 08:00:00,4.1
2004-03-29 09:00:00,1.5
2004-03-29 10:00:00,1.5
2004-03-29 11:00:00,1.5
2004-03-29 12:00:00,1.4
2004-03-29 13:00:00,1.6
2004-03-29 14:00:00,1.5
2004-03-29 15:00:00,1.4
2004-03-29 16:00:00,1.5
2004-03-29 17:00:00,1.9
2004-03-29 18:00:00,2.5
2004-03-29 19:00:00,2.1
2004-03-29 20:00:00,1.6
2004-03-29 21:00:00,1.2
2004-03-29 22:00:00,1.1
2004-03-29 23:00:00,1.0
2004-03-30 00:00:00,1.0
2004-03-30 01:00:00,0.7
2004-03-30 02:00:00,0.7
2004-03-30 03:00:00,0.8
2004-03-30 04:00:00,0.75
2004-03-30 05:00:00,0.7
2004-03-30 06:00:00,1.1
2004-03-30 07:00:00,2.6
2004-03-30 08:00:00,4.0
2004-03-30 09:00:00,4.2
2004-03-30 10:00:00,4.7
2004-03-30 11:00:00,3.9
2004-03-30 12:00:00,3.7
2004-03-30 13:00:00,3.4
2004-03-30 14:00:00,2.2
2004-03-30 15:00:00,1.9
2004-03-30 16:00:00,1.6
2004-03-30 17:00:00,2.1
2004-03-30 18:00:00,2.2
2004-03-30 19:00:00,2.7
2004-03-30 20:00:00,2.4
2004-03-30 21:00:00,1.3
2004-03-30 22:00:00,1.2
2004-03-30 23:00:00,1.5
2004-03-31 00:00:00,1.3
2004-03-31 01:00:00,1.0
2004-03-31 02:00:00,0.9
2004-03-31 03:00:00,0.5
2004-03-31 04:00:00,0.5
2004-03-31 05:00:00,0.6
2004-03-31 06:00:00,1.0
2004-03-31 07:00:00,3.1
2004-03-31 08:00:00,4.1
2004-03-31 09:00:00,2.2
2004-03-31 10:00:00,1.7
2004-03-31 11:00:00,1.9
2004-03-31 12:00:00,2.9
2004-03-31 13:00:00,2.2
2004-03-31 14:00:00,2.6
2004-03-31 15:00:00,3.1
2004-03-31 16:00:00,2.3
2004-03-31 17:00:00,2.4
2004-03-31 18:00:00,2.8
2004-03-31 19:00:00,2.7
2004-03-31 20:00:00,2.3
2004-03-31 21:00:00,1.5
2004-03-31 22:00:00,1.4
2004-03-31 23:00:00,1.2
2004-04-01 00:00:00,1.6
2004-04-01 01:00:00,1.2
2004-04-01 02:00:00,1.1
2004-04-01 03:00:00,0.9
2004-04-01 04:00:00,0.7
2004-04-01 05:00:00,0.9
2004-04-01 06:00:00,1.7
2004-04-01 07:00:00,4.2
2004-04-01 08:00:00,6.2
2004-04-01 09:00:00,4.6
2004-04-01 10:00:00,2.8
2004-04-01 11:00:00,1.6
2004-04-01 12:00:00,1.7
2004-04-01 13:00:00,1.7
2004-04-01 14:00:00,1.7
2004-04-01 15:00:00,1.9
2004-04-01 16:00:00,2.3
2004-04-01 17:00:00,3.3
2004-04-01 18:00:00,4.2
2004-04-01 19:00:00,5.5
2004-04-01 20:00:00,4.9
2004-04-01 21:00:00,2.5
2004-04-01 22:00:00,2.0
2004-04-01 23:00:00,2.0
2004-04-02 00:00:00,2.0
2004-04-02 01:00:00,1.3
2004-04-02 02:00:00,1.0
2004-04-02 03:00:00,0.9
2004-04-02 04:00:00,0.8
2004-04-02 05:00:00,0.7
2004-04-02 06:00:00,1.1
2004-04-02 07:00:00,2.6
2004-04-02 08:00:00,3.9
2004-04-02 09:00:00,5.0
2004-04-02 10:00:00,3.3
2004-04-02 11:00:00,2.9
2004-04-02 12:00:00,3.1
2004-04-02 13:00:00,3.0
2004-04-02 14:00:00,2.7
2004-04-02 15:00:00,2.7
2004-04-02 16:00:00,2.6
2004-04-02 17:00:00,3.7
2004-04-02 18:00:00,4.5
2004-04-02 19:00:00,4.7
2004-04-02 20:00:00,5.5
2004-04-02 21:00:00,3.0
2004-04-02 22:00:00,1.9
2004-04-02 23:00:00,2.3
2004-04-03 00:00:00,1.6
2004-04-03 01:00:00,1.3
2004-04-03 02:00:00,1.2
2004-04-03 03:00:00,0.9
2004-04-03 04:00:00,0.8
2004-04-03 05:00:00,0.8
2004-04-03 06:00:00,0.9
2004-04-03 07:00:00,2.0
2004-04-03 08:00:00,3.0
2004-04-03 09:00:00,3.1
2004-04-03 10:00:00,3.1
2004-04-03 11:00:00,3.1
2004-04-03 12:00:00,3.1
2004-04-03 13:00:00,3.1
2004-04-03 14:00:00,3.1
2004-04-03 15:00:00,3.1
2004-04-03 16:00:00,3.1
2004-04-03 17:00:00,3.1
2004-04-03 18:00:00,3.1
2004-04-03 19:00:00,3.1
2004-04-03 20:00:00,3.1
2004-04-03 21:00:00,3.1
2004-04-03 22:00:00,3.1
2004-04-03 23:00:00,3.1
2004-04-04 00:00:00,3.1
2004-04-04 01:00:00,3.1
2004-04-04 02:00:00,3.1
2004-04-04 03:00:00,3.1
2004-04-04 04:00:00,3.1
2004-04-04 05:00:00,3.1
2004-04-04 06:00:00,3.1
2004-04-04 07:00:00,3.1
2004-04-04 08:00:00,3.1
2004-04-04 09:00:00,3.1
2004-04-04 10:00:00,3.1
2004-04-04 11:00:00,3.1
2004-04-04 12:00:00,3.1
2004-04-04 13:00:00,3.1
2004-04-04 14:00:00,3.1
2004-04-04 15:00:00,3.1
2004-04-04 16:00:00,3.1
2004-04-04 17:00:00,3.1
2004-04-04 18:00:00,3.1
2004-04-04 19:00:00,3.1
2004-04-04 20:00:00,3.1
2004-04-04 21:00:00,3.1
2004-04-04 22:00:00,3.1
2004-04-04 23:00:00,3.1
2004-04-05 00:00:00,3.1
2004-04-05 01:00:00,3.1
2004-04-05 02:00:00,3.1
2004-04-05 03:00:00,3.1
2004-04-05 04:00:00,3.1
2004-04-05 05:00:00,3.1
2004-04-05 06:00:00,3.1
2004-04-05 07:00:00,3.1
2004-04-05 08:00:00,3.1
2004-04-05 09:00:00,3.1
2004-04-05 10:00:00,3.1
2004-04-05 11:00:00,3.0
2004-04-05 12:00:00,3.2
2004-04-05 13:00:00,3.1
2004-04-05 14:00:00,2.5
2004-04-05 15:00:00,2.1
2004-04-05 16:00:00,2.0
2004-04-05 17:00:00,3.2
2004-04-05 18:00:00,4.1
2004-04-05 19:00:00,3.9
2004-04-05 20:00:00,3.1
2004-04-05 21:00:00,2.0
2004-04-05 22:00:00,1.7
2004-04-05 23:00:00,1.6
2004-04-06 00:00:00,1.0
2004-04-06 01:00:00,0.8
2004-04-06 02:00:00,0.5
2004-04-06 03:00:00,0.5
2004-04-06 04:00:00,0.5
2004-04-06 05:00:00,0.8
2004-04-06 06:00:00,1.7
2004-04-06 07:00:00,4.5
2004-04-06 08:00:00,6.2
2004-04-06 09:00:00,4.4
2004-04-06 10:00:00,2.9
2004-04-06 11:00:00,1.6
2004-04-06 12:00:00,2.6
2004-04-06 13:00:00,2.9
2004-04-06 14:00:00,2.5
2004-04-06 15:00:00,1.9
2004-04-06 16:00:00,1.9
2004-04-06 17:00:00,2.7
2004-04-06 18:00:00,3.0
2004-04-06 19:00:00,3.3
2004-04-06 20:00:00,3.2
2004-04-06 21:00:00,1.8
2004-04-06 22:00:00,1.3
2004-04-06 23:00:00,1.1
2004-04-07 00:00:00,0.9
2004-04-07 01:00:00,0.7
2004-04-07 02:00:00,0.4
2004-04-07 03:00:00,0.3
2004-04-07 04:00:00,0.3
2004-04-07 05:00:00,0.3
2004-04-07 06:00:00,0.8
2004-04-07 07:00:00,2.8
2004-04-07 08:00:00,3.1
2004-04-07 09:00:00,2.3
2004-04-07 10:00:00,1.6
2004-04-07 11:00:00,1.5
2004-04-07 12:00:00,1.6
2004-04-07 13:00:00,1.8
2004-04-07 14:00:00,1.4
2004-04-07 15:00:00,1.9
2004-04-07 16:00:00,1.2
2004-04-07 17:00:00,2.3
2004-04-07 18:00:00,3.3
2004-04-07 19:00:00,3.1
2004-04-07 20:00:00,3.3
2004-04-07 21:00:00,1.2
2004-04-07 22:00:00,1.3
2004-04-07 23:00:00,1.9
2004-04-08 00:00:00,1.4
2004-04-08 01:00:00,1.5
2004-04-08 02:00:00,1.1
2004-04-08 03:00:00,0.8
2004-04-08 04:00:00,0.8
2004-04-08 05:00:00,0.8
2004-04-08 06:00:00,1.1
2004-04-08 07:00:00,2.6
2004-04-08 08:00:00,5.1
2004-04-08 09:00:00,4.2
2004-04-08 10:00:00,2.6
2004-04-08 11:00:00,2.4
2004-04-08 12:00:00,2.1
2004-04-08 13:00:00,2.6
2004-04-08 14:00:00,2.8
2004-04-08 15:00:00,2.5
2004-04-08 16:00:00,1.9
2004-04-08 17:00:00,3.6
2004-04-08 18:00:00,4.6
2004-04-08 19:00:00,6.3
2004-04-08 20:00:00,4.3
2004-04-08 21:00:00,1.6
2004-04-08 22:00:00,1.4
2004-04-08 23:00:00,2.0
2004-04-09 00:00:00,2.4
2004-04-09 01:00:00,1.8
2004-04-09 02:00:00,1.0
2004-04-09 03:00:00,1.0
2004-04-09 04:00:00,1.0
2004-04-09 05:00:00,0.9
2004-04-09 06:00:00,1.5
2004-04-09 07:00:00,2.6
2004-04-09 08:00:00,2.9
2004-04-09 09:00:00,2.7
2004-04-09 10:00:00,2.4
2004-04-09 11:00:00,2.6
2004-04-09 12:00:00,4.1
2004-04-09 13:00:00,4.3
2004-04-09 14:00:00,2.2
2004-04-09 15:00:00,3.4
2004-04-09 16:00:00,3.6
2004-04-09 17:00:00,2.5
2004-04-09 18:00:00,2.8
2004-04-09 19:00:00,3.4
2004-04-09 20:00:00,3.0
2004-04-09 21:00:00,2.1
2004-04-09 22:00:00,2.4
2004-04-09 23:00:00,2.3
2004-04-10 00:00:00,1.3
2004-04-10 01:00:00,1.7
2004-04-10 02:00:00,1.7
2004-04-10 03:00:00,1.0
2004-04-10 04:00:00,0.8
2004-04-10 05:00:00,1.0
2004-04-10 06:00:00,1.4
2004-04-10 07:00:00,1.7
2004-04-10 08:00:00,2.0
2004-04-10 09:00:00,2.0
2004-04-10 10:00:00,1.9
2004-04-10 11:00:00,2.1
2004-04-10 12:00:00,1.8
2004-04-10 13:00:00,1.5
2004-04-10 14:00:00,1.3
2004-04-10 15:00:00,1.4
2004-04-10 16:00:00,1.5
2004-04-10 17:00:00,1.7
2004-04-10 18:00:00,2.0
2004-04-10 19:00:00,2.5
2004-04-10 20:00:00,2.4
2004-04-10 21:00:00,2.0
2004-04-10 22:00:00,2.9
2004-04-10 23:00:00,2.5
2004-04-11 00:00:00,1.4
2004-04-11 01:00:00,1.2
2004-04-11 02:00:00,1.0
2004-04-11 03:00:00,1.0
2004-04-11 04:00:00,0.85
2004-04-11 05:00:00,0.7
2004-04-11 06:00:00,0.8
2004-04-11 07:00:00,0.9
2004-04-11 08:00:00,1.1
2004-04-11 09:00:00,1.0
2004-04-11 10:00:00,1.6
2004-04-11 11:00:00,1.8
2004-04-11 12:00:00,2.6
2004-04-11 13:00:00,1.1
2004-04-11 14:00:00,0.6
2004-04-11 15:00:00,0.9
2004-04-11 16:00:00,1.0
2004-04-11 17:00:00,1.2
2004-04-11 18:00:00,1.4
2004-04-11 19:00:00,2.0
2004-04-11 20:00:00,1.1
2004-04-11 21:00:00,1.1
2004-04-11 22:00:00,1.1
2004-04-11 23:00:00,1.1
2004-04-12 00:00:00,0.7
2004-04-12 01:00:00,0.6
2004-04-12 02:00:00,0.7
2004-04-12 03:00:00,0.6
2004-04-12 04:00:00,0.3
2004-04-12 05:00:00,0.3
2004-04-12 06:00:00,0.4
2004-04-12 07:00:00,0.5
2004-04-12 08:00:00,0.6
2004-04-12 09:00:00,0.8
2004-04-12 10:00:00,1.0
2004-04-12 11:00:00,1.3
2004-04-12 12:00:00,1.1
2004-04-12 13:00:00,0.6
2004-04-12 14:00:00,0.7
2004-04-12 15:00:00,1.2
2004-04-12 16:00:00,1.4
2004-04-12 17:00:00,1.2
2004-04-12 18:00:00,1.3
2004-04-12 19:00:00,1.8
2004-04-12 20:00:00,1.2
2004-04-12 21:00:00,0.8
2004-04-12 22:00:00,0.8
2004-04-12 23:00:00,0.8
2004-04-13 00:00:00,0.7
2004-04-13 01:00:00,0.5
2004-04-13 02:00:00,0.3
2004-04-13 03:00:00,0.4
2004-04-13 04:00:00,0.3
2004-04-13 05:00:00,0.7
2004-04-13 06:00:00,1.6
2004-04-13 07:00:00,3.9
2004-04-13 08:00:00,4.5
2004-04-13 09:00:00,2.7
2004-04-13 10:00:00,1.6
2004-04-13 11:00:00,1.6
2004-04-13 12:00:00,1.6
2004-04-13 13:00:00,1.5
2004-04-13 14:00:00,1.8
2004-04-13 15:00:00,2.1
2004-04-13 16:00:00,1.7
2004-04-13 17:00:00,3.0
2004-04-13 18:00:00,4.6
2004-04-13 19:00:00,5.0
2004-04-13 20:00:00,3.5
2004-04-13 21:00:00,2.1
2004-04-13 22:00:00,2.1
2004-04-13 23:00:00,1.5
2004-04-14 00:00:00,1.1
2004-04-14 01:00:00,0.9
2004-04-14 02:00:00,0.7
2004-04-14 03:00:00,0.4
2004-04-14 04:00:00,0.65
2004-04-14 05:00:00,0.9
2004-04-14 06:00:00,1.6
2004-04-14 07:00:00,3.9
2004-04-14 08:00:00,5.0
2004-04-14 09:00:00,4.3
2004-04-14 10:00:00,2.7
2004-04-14 11:00:00,2.1
2004-04-14 12:00:00,2.1
2004-04-14 13:00:00,2.185714285714286
2004-04-14 14:00:00,2.2714285714285714
2004-04-14 15:00:00,2.357142857142857
2004-04-14 16:00:00,2.442857142857143
2004-04-14 17:00:00,2.5285714285714285
2004-04-14 18:00:00,2.6142857142857143
2004-04-14 19:00:00,2.7
2004-04-14 20:00:00,2.7857142857142856
2004-04-14 21:00:00,2.8714285714285714
2004-04-14 22:00:00,2.9571428571428573
2004-04-14 23:00:00,3.0428571428571427
2004-04-15 00:00:00,3.1285714285714286
2004-04-15 01:00:00,3.2142857142857144
2004-04-15 02:00:00,3.3
2004-04-15 03:00:00,3.3857142857142857
2004-04-15 04:00:00,3.4714285714285715
2004-04-15 05:00:00,3.557142857142857
2004-04-15 06:00:00,3.642857142857143
2004-04-15 07:00:00,3.7285714285714286
2004-04-15 08:00:00,3.814285714285714
2004-04-15 09:00:00,3.9
2004-04-15 10:00:00,3.8
2004-04-15 11:00:00,3.8
2004-04-15 12:00:00,3.9
2004-04-15 13:00:00,3.5
2004-04-15 14:00:00,4.0
2004-04-15 15:00:00,3.0
2004-04-15 16:00:00,3.1
2004-04-15 17:00:00,5.2
2004-04-15 18:00:00,5.9
2004-04-15 19:00:00,7.3
2004-04-15 20:00:00,6.1
2004-04-15 21:00:00,4.6
2004-04-15 22:00:00,2.5
2004-04-15 23:00:00,2.2
2004-04-16 00:00:00,2.0
2004-04-16 01:00:00,1.9
2004-04-16 02:00:00,1.6
2004-04-16 03:00:00,1.0
2004-04-16 04:00:00,1.0
2004-04-16 05:00:00,1.2
2004-04-16 06:00:00,2.0
2004-04-16 07:00:00,4.5
2004-04-16 08:00:00,4.1
2004-04-16 09:00:00,2.6
2004-04-16 10:00:00,2.3
2004-04-16 11:00:00,2.6
2004-04-16 12:00:00,2.4
2004-04-16 13:00:00,4.3
2004-04-16 14:00:00,4.6
2004-04-16 15:00:00,4.0
2004-04-16 16:00:00,4.7
2004-04-16 17:00:00,5.7
2004-04-16 18:00:00,5.2
2004-04-16 19:00:00,6.4
2004-04-16 20:00:00,6.0
2004-04-16 21:00:00,3.4
2004-04-16 22:00:00,2.7
2004-04-16 23:00:00,3.1
2004-04-17 00:00:00,2.6
2004-04-17 01:00:00,2.2
2004-04-17 02:00:00,1.9
2004-04-17 03:00:00,1.891156462585034
2004-04-17 04:00:00,1.8823129251700679
2004-04-17 05:00:00,1.8734693877551019
2004-04-17 06:00:00,1.864625850340136
2004-04-17 07:00:00,1.85578231292517
2004-04-17 08:00:00,1.846938775510204
2004-04-17 09:00:00,1.838095238095238
2004-04-17 10:00:00,1.829251700680272
2004-04-17 11:00:00,1.820408163265306
2004-04-17 12:00:00,1.8115646258503402
2004-04-17 13:00:00,1.8027210884353742
2004-04-17 14:00:00,1.7938775510204081
2004-04-17 15:00:00,1.7850340136054421
2004-04-17 16:00:00,1.776190476190476
2004-04-17 17:00:00,1.76734693877551
2004-04-17 18:00:00,1.758503401360544
2004-04-17 19:00:00,1.749659863945578
2004-04-17 20:00:00,1.7408163265306122
2004-04-17 21:00:00,1.7319727891156462
2004-04-17 22:00:00,1.7231292517006802
2004-04-17 23:00:00,1.7142857142857142
2004-04-18 00:00:00,1.7054421768707482
2004-04-18 01:00:00,1.6965986394557822
2004-04-18 02:00:00,1.6877551020408164
2004-04-18 03:00:00,1.6789115646258503
2004-04-18 04:00:00,1.6700680272108843
2004-04-18 05:00:00,1.6612244897959183
2004-04-18 06:00:00,1.6523809523809523
2004-04-18 07:00:00,1.6435374149659863
2004-04-18 08:00:00,1.6346938775510202
2004-04-18 09:00:00,1.6258503401360542
2004-04-18 10:00:00,1.6170068027210884
2004-04-18 11:00:00,1.6081632653061224
2004-04-18 12:00:00,1.5993197278911564
2004-04-18 13:00:00,1.5904761904761904
2004-04-18 14:00:00,1.5816326530612244
2004-04-18 15:00:00,1.5727891156462586
2004-04-18 16:00:00,1.5639455782312925
2004-04-18 17:00:00,1.5551020408163265
2004-04-18 18:00:00,1.5462585034013605
2004-04-18 19:00:00,1.5374149659863945
2004-04-18 20:00:00,1.5285714285714285
2004-04-18 21:00:00,1.5197278911564625
2004-04-18 22:00:00,1.5108843537414964
2004-04-18 23:00:00,1.5020408163265306
2004-04-19 00:00:00,1.4931972789115646
2004-04-19 01:00:00,1.4843537414965986
2004-04-19 02:00:00,1.4755102040816326
2004-04-19 03:00:00,1.4666666666666666
2004-04-19 04:00:00,1.4578231292517008
2004-04-19 05:00:00,1.4489795918367347
2004-04-19 06:00:00,1.4401360544217687
2004-04-19 07:00:00,1.4312925170068027
2004-04-19 08:00:00,1.4224489795918367
2004-04-19 09:00:00,1.4136054421768707
2004-04-19 10:00:00,1.4047619047619047
2004-04-19 11:00:00,1.3959183673469386
2004-04-19 12:00:00,1.3870748299319726
2004-04-19 13:00:00,1.3782312925170068
2004-04-19 14:00:00,1.3693877551020408
2004-04-19 15:00:00,1.3605442176870748
2004-04-19 16:00:00,1.3517006802721088
2004-04-19 17:00:00,1.342857142857143
2004-04-19 18:00:00,1.334013605442177
2004-04-19 19:00:00,1.325170068027211
2004-04-19 20:00:00,1.316326530612245
2004-04-19 21:00:00,1.307482993197279
2004-04-19 22:00:00,1.2986394557823129
2004-04-19 23:00:00,1.2897959183673469
2004-04-20 00:00:00,1.2809523809523808
2004-04-20 01:00:00,1.2721088435374148
2004-04-20 02:00:00,1.2632653061224488
2004-04-20 03:00:00,1.254421768707483
2004-04-20 04:00:00,1.245578231292517
2004-04-20 05:00:00,1.236734693877551
2004-04-20 06:00:00,1.2278911564625852
2004-04-20 07:00:00,1.2190476190476192
2004-04-20 08:00:00,1.2102040816326531
2004-04-20 09:00:00,1.2013605442176871
2004-04-20 10:00:00,1.192517006802721
2004-04-20 11:00:00,1.183673469387755
2004-04-20 12:00:00,1.174829931972789
2004-04-20 13:00:00,1.165986394557823
2004-04-20 14:00:00,1.157142857142857
2004-04-20 15:00:00,1.148299319727891
2004-04-20 16:00:00,1.1394557823129252
2004-04-20 17:00:00,1.1306122448979592
2004-04-20 18:00:00,1.1217687074829932
2004-04-20 19:00:00,1.1129251700680272
2004-04-20 20:00:00,1.1040816326530614
2004-04-20 21:00:00,1.0952380952380953
2004-04-20 22:00:00,1.0863945578231293
2004-04-20 23:00:00,1.0775510204081633
2004-04-21 00:00:00,1.0687074829931973
2004-04-21 01:00:00,1.0598639455782313
2004-04-21 02:00:00,1.0510204081632653
2004-04-21 03:00:00,1.0421768707482992
2004-04-21 04:00:00,1.0333333333333332
2004-04-21 05:00:00,1.0244897959183672
2004-04-21 06:00:00,1.0156462585034014
2004-04-21 07:00:00,1.0068027210884354
2004-04-21 08:00:00,0.9979591836734694
2004-04-21 09:00:00,0.9891156462585035
2004-04-21 10:00:00,0.9802721088435374
2004-04-21 11:00:00,0.9714285714285714
2004-04-21 12:00:00,0.9625850340136054
2004-04-21 13:00:00,0.9537414965986395
2004-04-21 14:00:00,0.9448979591836735
2004-04-21 15:00:00,0.9360544217687075
2004-04-21 16:00:00,0.9272108843537415
2004-04-21 17:00:00,0.9183673469387755
2004-04-21 18:00:00,0.9095238095238095
2004-04-21 19:00:00,0.9006802721088436
2004-04-21 20:00:00,0.8918367346938776
2004-04-21 21:00:00,0.8829931972789116
2004-04-21 22:00:00,0.8741496598639455
2004-04-21 23:00:00,0.8653061224489795
2004-04-22 00:00:00,0.8564625850340137
2004-04-22 01:00:00,0.8476190476190477
2004-04-22 02:00:00,0.8387755102040817
2004-04-22 03:00:00,0.8299319727891157
2004-04-22 04:00:00,0.8210884353741497
2004-04-22 05:00:00,0.8122448979591836
2004-04-22 06:00:00,0.8034013605442176
2004-04-22 07:00:00,0.7945578231292518
2004-04-22 08:00:00,0.7857142857142858
2004-04-22 09:00:00,0.7768707482993198
2004-04-22 10:00:00,0.7680272108843538
2004-04-22 11:00:00,0.7591836734693878
2004-04-22 12:00:00,0.7503401360544217
2004-04-22 13:00:00,0.7414965986394557
2004-04-22 14:00:00,0.7326530612244899
2004-04-22 15:00:00,0.7238095238095239
2004-04-22 16:00:00,0.7149659863945579
2004-04-22 17:00:00,0.7061224489795919
2004-04-22 18:00:00,0.6972789115646258
2004-04-22 19:00:00,0.6884353741496598
2004-04-22 20:00:00,0.6795918367346938
2004-04-22 21:00:00,0.670748299319728
2004-04-22 22:00:00,0.661904761904762
2004-04-22 23:00:00,0.653061224489796
2004-04-23 00:00:00,0.64421768707483
2004-04-23 01:00:00,0.6353741496598639
2004-04-23 02:00:00,0.6265306122448979
2004-04-23 03:00:00,0.6176870748299321
2004-04-23 04:00:00,0.6088435374149661
2004-04-23 05:00:00,0.6
2004-04-23 06:00:00,0.8
2004-04-23 07:00:00,4.0
2004-04-23 08:00:00,5.6
2004-04-23 09:00:00,5.0
2004-04-23 10:00:00,3.2
2004-04-23 11:00:00,3.8
2004-04-23 12:00:00,3.3
2004-04-23 13:00:00,3.0
2004-04-23 14:00:00,3.2
2004-04-23 15:00:00,4.4
2004-04-23 16:00:00,4.6
2004-04-23 17:00:00,5.2
2004-04-23 18:00:00,4.8
2004-04-23 19:00:00,5.6
2004-04-23 20:00:00,4.6
2004-04-23 21:00:00,1.8
2004-04-23 22:00:00,2.2
2004-04-23 23:00:00,2.0
2004-04-24 00:00:00,2.8
2004-04-24 01:00:00,2.6
2004-04-24 02:00:00,1.8
2004-04-24 03:00:00,1.1
2004-04-24 04:00:00,0.9
2004-04-24 05:00:00,0.7
2004-04-24 06:00:00,0.9
2004-04-24 07:00:00,1.5
2004-04-24 08:00:00,2.5
2004-04-24 09:00:00,3.0
2004-04-24 10:00:00,2.6
2004-04-24 11:00:00,2.6
2004-04-24 12:00:00,2.6
2004-04-24 13:00:00,1.9
2004-04-24 14:00:00,2.0
2004-04-24 15:00:00,1.7
2004-04-24 16:00:00,1.9
2004-04-24 17:00:00,1.8
2004-04-24 18:00:00,2.8
2004-04-24 19:00:00,3.5
2004-04-24 20:00:00,3.4
2004-04-24 21:00:00,2.0
2004-04-24 22:00:00,1.1
2004-04-24 23:00:00,1.3
2004-04-25 00:00:00,1.2
2004-04-25 01:00:00,1.3
2004-04-25 02:00:00,1.0
2004-04-25 03:00:00,1.3
2004-04-25 04:00:00,0.8
2004-04-25 05:00:00,0.3
2004-04-25 06:00:00,0.5
2004-04-25 07:00:00,0.6
2004-04-25 08:00:00,0.6
2004-04-25 09:00:00,0.8
2004-04-25 10:00:00,1.0
2004-04-25 11:00:00,0.9
2004-04-25 12:00:00,1.0
2004-04-25 13:00:00,0.8
2004-04-25 14:00:00,0.7
2004-04-25 15:00:00,0.9
2004-04-25 16:00:00,1.3
2004-04-25 17:00:00,1.4
2004-04-25 18:00:00,1.5
2004-04-25 19:00:00,2.7
2004-04-25 20:00:00,2.5
2004-04-25 21:00:00,1.4
2004-04-25 22:00:00,2.8
2004-04-25 23:00:00,2.1
2004-04-26 00:00:00,1.1
2004-04-26 01:00:00,0.7
2004-04-26 02:00:00,0.4
2004-04-26 03:00:00,0.3
2004-04-26 04:00:00,0.35
2004-04-26 05:00:00,0.4
2004-04-26 06:00:00,0.8
2004-04-26 07:00:00,1.9
2004-04-26 08:00:00,2.1
2004-04-26 09:00:00,1.4
2004-04-26 10:00:00,1.4
2004-04-26 11:00:00,1.3
2004-04-26 12:00:00,1.5
2004-04-26 13:00:00,1.6
2004-04-26 14:00:00,1.3
2004-04-26 15:00:00,1.4
2004-04-26 16:00:00,1.5
2004-04-26 17:00:00,2.2
2004-04-26 18:00:00,3.2
2004-04-26 19:00:00,3.0
2004-04-26 20:00:00,2.6
2004-04-26 21:00:00,1.6
2004-04-26 22:00:00,1.5
2004-04-26 23:00:00,1.2
2004-04-27 00:00:00,0.8
2004-04-27 01:00:00,0.7
2004-04-27 02:00:00,0.5
2004-04-27 03:00:00,0.5
2004-04-27 04:00:00,0.6
2004-04-27 05:00:00,0.7
2004-04-27 06:00:00,1.4
2004-04-27 07:00:00,4.1
2004-04-27 08:00:00,4.6
2004-04-27 09:00:00,1.9
2004-04-27 10:00:00,1.9
2004-04-27 11:00:00,1.7
2004-04-27 12:00:00,2.4
2004-04-27 13:00:00,3.0
2004-04-27 14:00:00,2.0
2004-04-27 15:00:00,2.7
2004-04-27 16:00:00,2.2
2004-04-27 17:00:00,2.9
2004-04-27 18:00:00,3.4
2004-04-27 19:00:00,3.9
2004-04-27 20:00:00,3.6
2004-04-27 21:00:00,2.5
2004-04-27 22:00:00,1.8
2004-04-27 23:00:00,2.0
2004-04-28 00:00:00,1.3
2004-04-28 01:00:00,1.0
2004-04-28 02:00:00,0.6
2004-04-28 03:00:00,0.6
2004-04-28 04:00:00,0.55
2004-04-28 05:00:00,0.5
2004-04-28 06:00:00,1.1
2004-04-28 07:00:00,5.5
2004-04-28 08:00:00,4.2
2004-04-28 09:00:00,4.6
2004-04-28 10:00:00,3.4
2004-04-28 11:00:00,2.8
2004-04-28 12:00:00,2.5
2004-04-28 13:00:00,2.4
2004-04-28 14:00:00,3.2
2004-04-28 15:00:00,3.5
2004-04-28 16:00:00,2.9
2004-04-28 17:00:00,3.6
2004-04-28 18:00:00,4.8
2004-04-28 19:00:00,5.4
2004-04-28 20:00:00,5.3
2004-04-28 21:00:00,2.7
2004-04-28 22:00:00,1.4
2004-04-28 23:00:00,1.6
2004-04-29 00:00:00,1.5
2004-04-29 01:00:00,1.0
2004-04-29 02:00:00,0.6
2004-04-29 03:00:00,0.4
2004-04-29 04:00:00,0.6000000000000001
2004-04-29 05:00:00,0.8
2004-04-29 06:00:00,1.5
2004-04-29 07:00:00,4.9
2004-04-29 08:00:00,7.2
2004-04-29 09:00:00,3.5
2004-04-29 10:00:00,2.1
2004-04-29 11:00:00,1.5
2004-04-29 12:00:00,2.0
2004-04-29 13:00:00,3.8
2004-04-29 14:00:00,3.4
2004-04-29 15:00:00,4.4
2004-04-29 16:00:00,3.9
2004-04-29 17:00:00,4.9
2004-04-29 18:00:00,5.4
2004-04-29 19:00:00,6.5
2004-04-29 20:00:00,4.3
2004-04-29 21:00:00,2.9
2004-04-29 22:00:00,2.7
2004-04-29 23:00:00,2.8
2004-04-30 00:00:00,2.3
2004-04-30 01:00:00,1.7
2004-04-30 02:00:00,1.2
2004-04-30 03:00:00,1.0
2004-04-30 04:00:00,0.9
2004-04-30 05:00:00,0.8
2004-04-30 06:00:00,1.7
2004-04-30 07:00:00,3.0
2004-04-30 08:00:00,3.4
2004-04-30 09:00:00,3.3
2004-04-30 10:00:00,2.7
2004-04-30 11:00:00,2.6
2004-04-30 12:00:00,3.2
2004-04-30 13:00:00,3.4
2004-04-30 14:00:00,2.6
2004-04-30 15:00:00,3.4
2004-04-30 16:00:00,4.0
2004-04-30 17:00:00,4.5
2004-04-30 18:00:00,4.2
2004-04-30 19:00:00,5.7
2004-04-30 20:00:00,4.4
2004-04-30 21:00:00,3.1
2004-04-30 22:00:00,3.0
2004-04-30 23:00:00,3.1
2004-05-01 00:00:00,3.5
2004-05-01 01:00:00,2.4
2004-05-01 02:00:00,1.6
2004-05-01 03:00:00,1.3
2004-05-01 04:00:00,0.95
2004-05-01 05:00:00,0.6
2004-05-01 06:00:00,0.7
2004-05-01 07:00:00,1.2
2004-05-01 08:00:00,1.5
2004-05-01 09:00:00,1.8
2004-05-01 10:00:00,2.1
2004-05-01 11:00:00,1.9
2004-05-01 12:00:00,2.0
2004-05-01 13:00:00,1.3
2004-05-01 14:00:00,1.3
2004-05-01 15:00:00,1.8
2004-05-01 16:00:00,2.0
2004-05-01 17:00:00,1.8
2004-05-01 18:00:00,2.4
2004-05-01 19:00:00,4.0
2004-05-01 20:00:00,2.8
2004-05-01 21:00:00,2.0
2004-05-01 22:00:00,3.6
2004-05-01 23:00:00,3.7
2004-05-02 00:00:00,2.3
2004-05-02 01:00:00,1.8
2004-05-02 02:00:00,0.9
2004-05-02 03:00:00,1.6
2004-05-02 04:00:00,1.1
2004-05-02 05:00:00,0.6
2004-05-02 06:00:00,0.7
2004-05-02 07:00:00,0.8
2004-05-02 08:00:00,1.2
2004-05-02 09:00:00,1.4
2004-05-02 10:00:00,1.6
2004-05-02 11:00:00,1.3
2004-05-02 12:00:00,1.3
2004-05-02 13:00:00,1.1
2004-05-02 14:00:00,1.2
2004-05-02 15:00:00,1.5
2004-05-02 16:00:00,1.1
2004-05-02 17:00:00,1.9
2004-05-02 18:00:00,2.3
2004-05-02 19:00:00,3.3
2004-05-02 20:00:00,2.6
2004-05-02 21:00:00,2.2
2004-05-02 22:00:00,2.3
2004-05-02 23:00:00,2.0
2004-05-03 00:00:00,1.6
2004-05-03 01:00:00,0.8
2004-05-03 02:00:00,0.6
2004-05-03 03:00:00,0.4
2004-05-03 04:00:00,0.55
2004-05-03 05:00:00,0.7
2004-05-03 06:00:00,1.3
2004-05-03 07:00:00,3.4
2004-05-03 08:00:00,4.7
2004-05-03 09:00:00,3.4
2004-05-03 10:00:00,2.5
2004-05-03 11:00:00,2.0
2004-05-03 12:00:00,1.9
2004-05-03 13:00:00,1.7
2004-05-03 14:00:00,1.4
2004-05-03 15:00:00,1.5
2004-05-03 16:00:00,2.4
2004-05-03 17:00:00,3.9
2004-05-03 18:00:00,4.2
2004-05-03 19:00:00,3.7
2004-05-03 20:00:00,3.2
2004-05-03 21:00:00,2.0
2004-05-03 22:00:00,1.1
2004-05-03 23:00:00,1.5
2004-05-04 00:00:00,1.3
2004-05-04 01:00:00,1.0
2004-05-04 02:00:00,0.6
2004-05-04 03:00:00,0.4
2004-05-04 04:00:00,0.5
2004-05-04 05:00:00,0.6
2004-05-04 06:00:00,1.9
2004-05-04 07:00:00,4.5
2004-05-04 08:00:00,4.3
2004-05-04 09:00:00,3.2
2004-05-04 10:00:00,1.3
2004-05-04 11:00:00,2.2
2004-05-04 12:00:00,2.6
2004-05-04 13:00:00,2.3
2004-05-04 14:00:00,2.4
2004-05-04 15:00:00,2.6
2004-05-04 16:00:00,1.2
2004-05-04 17:00:00,1.6
2004-05-04 18:00:00,3.9
2004-05-04 19:00:00,4.7
2004-05-04 20:00:00,5.4
2004-05-04 21:00:00,3.0
2004-05-04 22:00:00,0.9
2004-05-04 23:00:00,1.1
2004-05-05 00:00:00,0.7
2004-05-05 01:00:00,0.5
2004-05-05 02:00:00,0.5
2004-05-05 03:00:00,0.5
2004-05-05 04:00:00,0.65
2004-05-05 05:00:00,0.8
2004-05-05 06:00:00,1.3
2004-05-05 07:00:00,3.5
2004-05-05 08:00:00,3.7
2004-05-05 09:00:00,3.9
2004-05-05 10:00:00,2.9
2004-05-05 11:00:00,2.6
2004-05-05 12:00:00,3.0
2004-05-05 13:00:00,3.7
2004-05-05 14:00:00,3.9
2004-05-05 15:00:00,3.5
2004-05-05 16:00:00,2.4
2004-05-05 17:00:00,1.6
2004-05-05 18:00:00,3.0
2004-05-05 19:00:00,1.6
2004-05-05 20:00:00,2.1
2004-05-05 21:00:00,1.8
2004-05-05 22:00:00,1.1
2004-05-05 23:00:00,1.5
2004-05-06 00:00:00,1.4
2004-05-06 01:00:00,0.9
2004-05-06 02:00:00,0.5
2004-05-06 03:00:00,0.4
2004-05-06 04:00:00,0.5
2004-05-06 05:00:00,0.6
2004-05-06 06:00:00,1.3
2004-05-06 07:00:00,2.9
2004-05-06 08:00:00,3.6
2004-05-06 09:00:00,3.4
2004-05-06 10:00:00,2.5
2004-05-06 11:00:00,2.1
2004-05-06 12:00:00,1.1
2004-05-06 13:00:00,1.8
2004-05-06 14:00:00,3.0
2004-05-06 15:00:00,3.1
2004-05-06 16:00:00,3.6
2004-05-06 17:00:00,3.3
2004-05-06 18:00:00,1.8
2004-05-06 19:00:00,2.1
2004-05-06 20:00:00,2.2
2004-05-06 21:00:00,1.6
2004-05-06 22:00:00,0.9
2004-05-06 23:00:00,1.8
2004-05-07 00:00:00,2.3
2004-05-07 01:00:00,2.0
2004-05-07 02:00:00,0.9
2004-05-07 03:00:00,0.6
2004-05-07 04:00:00,0.6499999999999999
2004-05-07 05:00:00,0.7
2004-05-07 06:00:00,1.5
2004-05-07 07:00:00,3.7
2004-05-07 08:00:00,4.2
2004-05-07 09:00:00,3.4
2004-05-07 10:00:00,2.4
2004-05-07 11:00:00,1.3
2004-05-07 12:00:00,1.5
2004-05-07 13:00:00,2.2
2004-05-07 14:00:00,1.8
2004-05-07 15:00:00,1.9
2004-05-07 16:00:00,2.3
2004-05-07 17:00:00,3.6
2004-05-07 18:00:00,4.3
2004-05-07 19:00:00,2.2
2004-05-07 20:00:00,1.5
2004-05-07 21:00:00,2.0
2004-05-07 22:00:00,2.0
2004-05-07 23:00:00,2.1
2004-05-08 00:00:00,1.5
2004-05-08 01:00:00,2.2
2004-05-08 02:00:00,0.5
2004-05-08 03:00:00,0.5709090909090909
2004-05-08 04:00:00,0.6418181818181818
2004-05-08 05:00:00,0.7127272727272728
2004-05-08 06:00:00,0.7836363636363637
2004-05-08 07:00:00,0.8545454545454546
2004-05-08 08:00:00,0.9254545454545455
2004-05-08 09:00:00,0.9963636363636365
2004-05-08 10:00:00,1.0672727272727274
2004-05-08 11:00:00,1.1381818181818182
2004-05-08 12:00:00,1.2090909090909092
2004-05-08 13:00:00,1.2800000000000002
2004-05-08 14:00:00,1.350909090909091
2004-05-08 15:00:00,1.4218181818181819
2004-05-08 16:00:00,1.492727272727273
2004-05-08 17:00:00,1.563636363636364
2004-05-08 18:00:00,1.6345454545454547
2004-05-08 19:00:00,1.7054545454545456
2004-05-08 20:00:00,1.7763636363636366
2004-05-08 21:00:00,1.8472727272727276
2004-05-08 22:00:00,1.9181818181818184
2004-05-08 23:00:00,1.9890909090909092
2004-05-09 00:00:00,2.0600000000000005
2004-05-09 01:00:00,2.1309090909090913
2004-05-09 02:00:00,2.201818181818182
2004-05-09 03:00:00,2.272727272727273
2004-05-09 04:00:00,2.3436363636363637
2004-05-09 05:00:00,2.414545454545455
2004-05-09 06:00:00,2.485454545454546
2004-05-09 07:00:00,2.5563636363636366
2004-05-09 08:00:00,2.627272727272728
2004-05-09 09:00:00,2.6981818181818187
2004-05-09 10:00:00,2.7690909090909095
2004-05-09 11:00:00,2.8400000000000003
2004-05-09 12:00:00,2.910909090909091
2004-05-09 13:00:00,2.9818181818181824
2004-05-09 14:00:00,3.052727272727273
2004-05-09 15:00:00,3.123636363636364
2004-05-09 16:00:00,3.1945454545454552
2004-05-09 17:00:00,3.265454545454546
2004-05-09 18:00:00,3.336363636363637
2004-05-09 19:00:00,3.4072727272727277
2004-05-09 20:00:00,3.4781818181818185
2004-05-09 21:00:00,3.5490909090909097
2004-05-09 22:00:00,3.6200000000000006
2004-05-09 23:00:00,3.6909090909090914
2004-05-10 00:00:00,3.7618181818181826
2004-05-10 01:00:00,3.8327272727272734
2004-05-10 02:00:00,3.9036363636363642
2004-05-10 03:00:00,3.974545454545455
2004-05-10 04:00:00,4.045454545454546
2004-05-10 05:00:00,4.116363636363637
2004-05-10 06:00:00,4.1872727272727275
2004-05-10 07:00:00,4.258181818181819
2004-05-10 08:00:00,4.32909090909091
2004-05-10 09:00:00,4.4
2004-05-10 10:00:00,2.5
2004-05-10 11:00:00,2.1
2004-05-10 12:00:00,2.4
2004-05-10 13:00:00,2.2
2004-05-10 14:00:00,2.2
2004-05-10 15:00:00,2.3
2004-05-10 16:00:00,2.1
2004-05-10 17:00:00,2.5
2004-05-10 18:00:00,3.6
2004-05-10 19:00:00,4.0
2004-05-10 20:00:00,3.0
2004-05-10 21:00:00,2.1
2004-05-10 22:00:00,1.7
2004-05-10 23:00:00,1.1
2004-05-11 00:00:00,0.9
2004-05-11 01:00:00,0.4
2004-05-11 02:00:00,0.2
2004-05-11 03:00:00,0.2
2004-05-11 04:00:00,0.4
2004-05-11 05:00:00,0.6
2004-05-11 06:00:00,1.4
2004-05-11 07:00:00,4.6
2004-05-11 08:00:00,5.5
2004-05-11 09:00:00,4.8
2004-05-11 10:00:00,4.5
2004-05-11 11:00:00,3.0
2004-05-11 12:00:00,2.5
2004-05-11 13:00:00,2.3
2004-05-11 14:00:00,2.0
2004-05-11 15:00:00,1.9
2004-05-11 16:00:00,1.9
2004-05-11 17:00:00,3.5
2004-05-11 18:00:00,4.6
2004-05-11 19:00:00,6.3
2004-05-11 20:00:00,5.0
2004-05-11 21:00:00,3.3
2004-05-11 22:00:00,2.7
2004-05-11 23:00:00,2.2
2004-05-12 00:00:00,1.7
2004-05-12 01:00:00,0.8
2004-05-12 02:00:00,0.8
2004-05-12 03:00:00,0.6
2004-05-12 04:00:00,0.7
2004-05-12 05:00:00,0.8
2004-05-12 06:00:00,1.5
2004-05-12 07:00:00,4.1
2004-05-12 08:00:00,5.9
2004-05-12 09:00:00,5.1
2004-05-12 10:00:00,3.9
2004-05-12 11:00:00,3.4
2004-05-12 12:00:00,3.3
2004-05-12 13:00:00,5.1
2004-05-12 14:00:00,3.1
2004-05-12 15:00:00,2.5
2004-05-12 16:00:00,2.4
2004-05-12 17:00:00,2.8
2004-05-12 18:00:00,2.9
2004-05-12 19:00:00,3.4
2004-05-12 20:00:00,2.2
2004-05-12 21:00:00,1.6
2004-05-12 22:00:00,1.3
2004-05-12 23:00:00,1.3
2004-05-13 00:00:00,1.6
2004-05-13 01:00:00,1.2
2004-05-13 02:00:00,0.6
2004-05-13 03:00:00,0.4
2004-05-13 04:00:00,0.4
2004-05-13 05:00:00,0.4
2004-05-13 06:00:00,1.0
2004-05-13 07:00:00,2.0
2004-05-13 08:00:00,3.6
2004-05-13 09:00:00,2.4
2004-05-13 10:00:00,2.4
2004-05-13 11:00:00,1.6
2004-05-13 12:00:00,1.9
2004-05-13 13:00:00,2.4
2004-05-13 14:00:00,1.7
2004-05-13 15:00:00,2.1
2004-05-13 16:00:00,3.1
2004-05-13 17:00:00,4.6
2004-05-13 18:00:00,4.5
2004-05-13 19:00:00,3.9
2004-05-13 20:00:00,4.6
2004-05-13 21:00:00,3.3
2004-05-13 22:00:00,2.7
2004-05-13 23:00:00,3.3
2004-05-14 00:00:00,2.5
2004-05-14 01:00:00,2.1
2004-05-14 02:00:00,1.3
2004-05-14 03:00:00,1.0
2004-05-14 04:00:00,1.1
2004-05-14 05:00:00,1.2
2004-05-14 06:00:00,1.5
2004-05-14 07:00:00,3.7
2004-05-14 08:00:00,3.5
2004-05-14 09:00:00,3.3
2004-05-14 10:00:00,2.5
2004-05-14 11:00:00,1.9
2004-05-14 12:00:00,2.0
2004-05-14 13:00:00,2.5
2004-05-14 14:00:00,2.1
2004-05-14 15:00:00,2.1
2004-05-14 16:00:00,2.3
2004-05-14 17:00:00,3.0
2004-05-14 18:00:00,4.1
2004-05-14 19:00:00,4.5
2004-05-14 20:00:00,3.5
2004-05-14 21:00:00,2.1
2004-05-14 22:00:00,2.3
2004-05-14 23:00:00,1.9
2004-05-15 00:00:00,1.9
2004-05-15 01:00:00,1.2
2004-05-15 02:00:00,1.0
2004-05-15 03:00:00,1.1
2004-05-15 04:00:00,0.8
2004-05-15 05:00:00,0.5
2004-05-15 06:00:00,0.6
2004-05-15 07:00:00,1.4
2004-05-15 08:00:00,2.6
2004-05-15 09:00:00,2.8
2004-05-15 10:00:00,2.6
2004-05-15 11:00:00,1.6
2004-05-15 12:00:00,1.7
2004-05-15 13:00:00,1.7
2004-05-15 14:00:00,1.3
2004-05-15 15:00:00,1.4
2004-05-15 16:00:00,1.4
2004-05-15 17:00:00,1.7
2004-05-15 18:00:00,2.3
2004-05-15 19:00:00,2.5
2004-05-15 20:00:00,3.3
2004-05-15 21:00:00,2.2
2004-05-15 22:00:00,1.6
2004-05-15 23:00:00,2.6
2004-05-16 00:00:00,2.3
2004-05-16 01:00:00,1.5
2004-05-16 02:00:00,0.9
2004-05-16 03:00:00,0.8
2004-05-16 04:00:00,0.6000000000000001
2004-05-16 05:00:00,0.4
2004-05-16 06:00:00,0.4
2004-05-16 07:00:00,0.8
2004-05-16 08:00:00,0.9
2004-05-16 09:00:00,1.6
2004-05-16 10:00:00,2.0
2004-05-16 11:00:00,1.6
2004-05-16 12:00:00,1.4
2004-05-16 13:00:00,0.9
2004-05-16 14:00:00,0.9
2004-05-16 15:00:00,1.2
2004-05-16 16:00:00,1.4
2004-05-16 17:00:00,1.9
2004-05-16 18:00:00,1.8
2004-05-16 19:00:00,2.7
2004-05-16 20:00:00,2.4
2004-05-16 21:00:00,1.6
2004-05-16 22:00:00,1.4
2004-05-16 23:00:00,1.4
2004-05-17 00:00:00,1.4
2004-05-17 01:00:00,0.9
2004-05-17 02:00:00,0.5
2004-05-17 03:00:00,0.4
2004-05-17 04:00:00,0.45
2004-05-17 05:00:00,0.5
2004-05-17 06:00:00,1.3
2004-05-17 07:00:00,2.6
2004-05-17 08:00:00,2.0
2004-05-17 09:00:00,1.8
2004-05-17 10:00:00,1.7
2004-05-17 11:00:00,1.5
2004-05-17 12:00:00,1.9
2004-05-17 13:00:00,1.7
2004-05-17 14:00:00,1.5
2004-05-17 15:00:00,1.7
2004-05-17 16:00:00,1.7
2004-05-17 17:00:00,2.4
2004-05-17 18:00:00,3.1
2004-05-17 19:00:00,3.4
2004-05-17 20:00:00,3.0
2004-05-17 21:00:00,1.2
2004-05-17 22:00:00,1.2
2004-05-17 23:00:00,1.3
2004-05-18 00:00:00,1.0
2004-05-18 01:00:00,0.4
2004-05-18 02:00:00,0.3
2004-05-18 03:00:00,0.2
2004-05-18 04:00:00,0.35
2004-05-18 05:00:00,0.5
2004-05-18 06:00:00,0.9
2004-05-18 07:00:00,2.7
2004-05-18 08:00:00,6.5
2004-05-18 09:00:00,3.2
2004-05-18 10:00:00,2.4
2004-05-18 11:00:00,1.9
2004-05-18 12:00:00,2.7
2004-05-18 13:00:00,2.9
2004-05-18 14:00:00,2.0
2004-05-18 15:00:00,2.3
2004-05-18 16:00:00,1.9
2004-05-18 17:00:00,3.0
2004-05-18 18:00:00,4.4
2004-05-18 19:00:00,4.7
2004-05-18 20:00:00,3.4
2004-05-18 21:00:00,2.4
2004-05-18 22:00:00,1.2
2004-05-18 23:00:00,1.7
2004-05-19 00:00:00,1.2
2004-05-19 01:00:00,0.7
2004-05-19 02:00:00,0.5
2004-05-19 03:00:00,0.3
2004-05-19 04:00:00,0.3
2004-05-19 05:00:00,0.3
2004-05-19 06:00:00,0.7
2004-05-19 07:00:00,3.1
2004-05-19 08:00:00,6.2
2004-05-19 09:00:00,4.6
2004-05-19 10:00:00,2.6
2004-05-19 11:00:00,2.1
2004-05-19 12:00:00,2.0
2004-05-19 13:00:00,2.2
2004-05-19 14:00:00,2.1
2004-05-19 15:00:00,2.3
2004-05-19 16:00:00,2.5
2004-05-19 17:00:00,3.4
2004-05-19 18:00:00,4.3
2004-05-19 19:00:00,3.8
2004-05-19 20:00:00,3.8
2004-05-19 21:00:00,2.0
2004-05-19 22:00:00,1.7
2004-05-19 23:00:00,2.0
2004-05-20 00:00:00,1.5
2004-05-20 01:00:00,0.8
2004-05-20 02:00:00,0.5
2004-05-20 03:00:00,0.3
2004-05-20 04:00:00,0.3
2004-05-20 05:00:00,0.3
2004-05-20 06:00:00,0.9
2004-05-20 07:00:00,2.8
2004-05-20 08:00:00,5.4
2004-05-20 09:00:00,4.0
2004-05-20 10:00:00,2.2
2004-05-20 11:00:00,2.2
2004-05-20 12:00:00,2.0
2004-05-20 13:00:00,2.0
2004-05-20 14:00:00,1.9
2004-05-20 15:00:00,2.7
2004-05-20 16:00:00,2.2
2004-05-20 17:00:00,3.5
2004-05-20 18:00:00,4.1
2004-05-20 19:00:00,4.4
2004-05-20 20:00:00,4.5
2004-05-20 21:00:00,2.9
2004-05-20 22:00:00,2.6
2004-05-20 23:00:00,2.1
2004-05-21 00:00:00,1.2
2004-05-21 01:00:00,0.6
2004-05-21 02:00:00,0.3
2004-05-21 03:00:00,0.3
2004-05-21 04:00:00,0.3
2004-05-21 05:00:00,0.3
2004-05-21 06:00:00,0.7
2004-05-21 07:00:00,4.2
2004-05-21 08:00:00,4.8
2004-05-21 09:00:00,3.4
2004-05-21 10:00:00,2.8
2004-05-21 11:00:00,1.8
2004-05-21 12:00:00,1.9
2004-05-21 13:00:00,2.0
2004-05-21 14:00:00,1.9
2004-05-21 15:00:00,2.0
2004-05-21 16:00:00,2.3
2004-05-21 17:00:00,2.7
2004-05-21 18:00:00,3.6
2004-05-21 19:00:00,3.8
2004-05-21 20:00:00,3.5
2004-05-21 21:00:00,2.5
2004-05-21 22:00:00,2.5
2004-05-21 23:00:00,3.0
2004-05-22 00:00:00,3.7
2004-05-22 01:00:00,3.3
2004-05-22 02:00:00,1.5
2004-05-22 03:00:00,0.7
2004-05-22 04:00:00,0.6
2004-05-22 05:00:00,0.5
2004-05-22 06:00:00,0.5
2004-05-22 07:00:00,1.2
2004-05-22 08:00:00,2.2
2004-05-22 09:00:00,2.2
2004-05-22 10:00:00,2.1
2004-05-22 11:00:00,1.8
2004-05-22 12:00:00,2.2
2004-05-22 13:00:00,2.0
2004-05-22 14:00:00,1.4
2004-05-22 15:00:00,1.8
2004-05-22 16:00:00,2.1
2004-05-22 17:00:00,2.8
2004-05-22 18:00:00,2.8
2004-05-22 19:00:00,2.7
2004-05-22 20:00:00,1.8
2004-05-22 21:00:00,1.2
2004-05-22 22:00:00,2.6
2004-05-22 23:00:00,3.1
2004-05-23 00:00:00,4.1
2004-05-23 01:00:00,3.6
2004-05-23 02:00:00,1.9
2004-05-23 03:00:00,1.9
2004-05-23 04:00:00,1.1
2004-05-23 05:00:00,0.3
2004-05-23 06:00:00,0.4
2004-05-23 07:00:00,0.8
2004-05-23 08:00:00,0.8
2004-05-23 09:00:00,0.8
2004-05-23 10:00:00,0.8
2004-05-23 11:00:00,0.9
2004-05-23 12:00:00,1.2
2004-05-23 13:00:00,1.0
2004-05-23 14:00:00,0.8
2004-05-23 15:00:00,1.1
2004-05-23 16:00:00,1.5
2004-05-23 17:00:00,1.5
2004-05-23 18:00:00,1.4
2004-05-23 19:00:00,1.1
2004-05-23 20:00:00,0.9
2004-05-23 21:00:00,1.0
2004-05-23 22:00:00,1.1
2004-05-23 23:00:00,1.0
2004-05-24 00:00:00,0.7
2004-05-24 01:00:00,0.5
2004-05-24 02:00:00,0.2
2004-05-24 03:00:00,0.16666666666666669
2004-05-24 04:00:00,0.13333333333333336
2004-05-24 05:00:00,0.1
2004-05-24 06:00:00,0.5
2004-05-24 07:00:00,1.6
2004-05-24 08:00:00,2.0
2004-05-24 09:00:00,1.3
2004-05-24 10:00:00,1.0
2004-05-24 11:00:00,0.9
2004-05-24 12:00:00,1.2
2004-05-24 13:00:00,1.3
2004-05-24 14:00:00,1.1
2004-05-24 15:00:00,1.2
2004-05-24 16:00:00,1.4
2004-05-24 17:00:00,2.0
2004-05-24 18:00:00,2.4
2004-05-24 19:00:00,2.1
2004-05-24 20:00:00,1.2
2004-05-24 21:00:00,0.7
2004-05-24 22:00:00,0.7
2004-05-24 23:00:00,0.8
2004-05-25 00:00:00,0.5
2004-05-25 01:00:00,0.2
2004-05-25 02:00:00,0.17500000000000002
2004-05-25 03:00:00,0.15000000000000002
2004-05-25 04:00:00,0.125
2004-05-25 05:00:00,0.1
2004-05-25 06:00:00,0.2
2004-05-25 07:00:00,1.1
2004-05-25 08:00:00,3.0
2004-05-25 09:00:00,2.1
2004-05-25 10:00:00,2.6
2004-05-25 11:00:00,3.2
2004-05-25 12:00:00,2.1
2004-05-25 13:00:00,2.2
2004-05-25 14:00:00,2.4
2004-05-25 15:00:00,2.484210526315789
2004-05-25 16:00:00,2.568421052631579
2004-05-25 17:00:00,2.6526315789473682
2004-05-25 18:00:00,2.736842105263158
2004-05-25 19:00:00,2.8210526315789473
2004-05-25 20:00:00,2.905263157894737
2004-05-25 21:00:00,2.9894736842105263
2004-05-25 22:00:00,3.0736842105263156
2004-05-25 23:00:00,3.1578947368421053
2004-05-26 00:00:00,3.2421052631578946
2004-05-26 01:00:00,3.326315789473684
2004-05-26 02:00:00,3.4105263157894736
2004-05-26 03:00:00,3.4947368421052634
2004-05-26 04:00:00,3.578947368421052
2004-05-26 05:00:00,3.663157894736842
2004-05-26 06:00:00,3.7473684210526317
2004-05-26 07:00:00,3.831578947368421
2004-05-26 08:00:00,3.9157894736842103
2004-05-26 09:00:00,4.0
2004-05-26 10:00:00,2.2
2004-05-26 11:00:00,1.8
2004-05-26 12:00:00,1.6
2004-05-26 13:00:00,1.8
2004-05-26 14:00:00,1.6
2004-05-26 15:00:00,1.6
2004-05-26 16:00:00,1.3
2004-05-26 17:00:00,1.3085106382978724
2004-05-26 18:00:00,1.3170212765957447
2004-05-26 19:00:00,1.325531914893617
2004-05-26 20:00:00,1.3340425531914895
2004-05-26 21:00:00,1.3425531914893618
2004-05-26 22:00:00,1.3510638297872342
2004-05-26 23:00:00,1.3595744680851065
2004-05-27 00:00:00,1.3680851063829786
2004-05-27 01:00:00,1.376595744680851
2004-05-27 02:00:00,1.3851063829787233
2004-05-27 03:00:00,1.3936170212765957
2004-05-27 04:00:00,1.402127659574468
2004-05-27 05:00:00,1.4106382978723404
2004-05-27 06:00:00,1.4191489361702128
2004-05-27 07:00:00,1.4276595744680851
2004-05-27 08:00:00,1.4361702127659575
2004-05-27 09:00:00,1.4446808510638298
2004-05-27 10:00:00,1.4531914893617022
2004-05-27 11:00:00,1.4617021276595745
2004-05-27 12:00:00,1.4702127659574469
2004-05-27 13:00:00,1.4787234042553192
2004-05-27 14:00:00,1.4872340425531916
2004-05-27 15:00:00,1.4957446808510637
2004-05-27 16:00:00,1.5042553191489363
2004-05-27 17:00:00,1.5127659574468084
2004-05-27 18:00:00,1.5212765957446808
2004-05-27 19:00:00,1.5297872340425531
2004-05-27 20:00:00,1.5382978723404255
2004-05-27 21:00:00,1.5468085106382978
2004-05-27 22:00:00,1.5553191489361702
2004-05-27 23:00:00,1.5638297872340425
2004-05-28 00:00:00,1.5723404255319149
2004-05-28 01:00:00,1.5808510638297872
2004-05-28 02:00:00,1.5893617021276596
2004-05-28 03:00:00,1.597872340425532
2004-05-28 04:00:00,1.6063829787234043
2004-05-28 05:00:00,1.6148936170212767
2004-05-28 06:00:00,1.6234042553191488
2004-05-28 07:00:00,1.6319148936170214
2004-05-28 08:00:00,1.6404255319148935
2004-05-28 09:00:00,1.648936170212766
2004-05-28 10:00:00,1.6574468085106382
2004-05-28 11:00:00,1.6659574468085105
2004-05-28 12:00:00,1.674468085106383
2004-05-28 13:00:00,1.6829787234042553
2004-05-28 14:00:00,1.6914893617021276
2004-05-28 15:00:00,1.7
2004-05-28 16:00:00,1.7
2004-05-28 17:00:00,2.1
2004-05-28 18:00:00,2.2
2004-05-28 19:00:00,1.8
2004-05-28 20:00:00,1.8
2004-05-28 21:00:00,0.9
2004-05-28 22:00:00,1.0
2004-05-28 23:00:00,2.0
2004-05-29 00:00:00,1.8
2004-05-29 01:00:00,1.1
2004-05-29 02:00:00,0.6
2004-05-29 03:00:00,0.3
2004-05-29 04:00:00,0.23333333333333334
2004-05-29 05:00:00,0.16666666666666666
2004-05-29 06:00:00,0.1
2004-05-29 07:00:00,0.5
2004-05-29 08:00:00,0.6
2004-05-29 09:00:00,0.5
2004-05-29 10:00:00,0.7
2004-05-29 11:00:00,0.7
2004-05-29 12:00:00,0.9
2004-05-29 13:00:00,0.7
2004-05-29 14:00:00,0.4
2004-05-29 15:00:00,0.5
2004-05-29 16:00:00,0.6
2004-05-29 17:00:00,0.6
2004-05-29 18:00:00,0.8
2004-05-29 19:00:00,1.0
2004-05-29 20:00:00,1.2
2004-05-29 21:00:00,1.0
2004-05-29 22:00:00,1.3
2004-05-29 23:00:00,2.7
2004-05-30 00:00:00,2.7
2004-05-30 01:00:00,1.6
2004-05-30 02:00:00,0.6
2004-05-30 03:00:00,0.3
2004-05-30 04:00:00,0.2
2004-05-30 05:00:00,0.1
2004-05-30 06:00:00,0.1
2004-05-30 07:00:00,0.2
2004-05-30 08:00:00,0.3
2004-05-30 09:00:00,0.3
2004-05-30 10:00:00,0.4
2004-05-30 11:00:00,0.3
2004-05-30 12:00:00,0.3
2004-05-30 13:00:00,0.1
2004-05-30 14:00:00,0.1
2004-05-30 15:00:00,0.2
2004-05-30 16:00:00,0.6
2004-05-30 17:00:00,0.5
2004-05-30 18:00:00,0.9
2004-05-30 19:00:00,1.1
2004-05-30 20:00:00,1.3
2004-05-30 21:00:00,1.5
2004-05-30 22:00:00,1.2
2004-05-30 23:00:00,0.4
2004-05-31 00:00:00,0.2
2004-05-31 01:00:00,0.3
2004-05-31 02:00:00,0.33999999999999997
2004-05-31 03:00:00,0.38
2004-05-31 04:00:00,0.42
2004-05-31 05:00:00,0.45999999999999996
2004-05-31 06:00:00,0.5
2004-05-31 07:00:00,1.6
2004-05-31 08:00:00,3.6
2004-05-31 09:00:00,2.2
2004-05-31 10:00:00,1.6
2004-05-31 11:00:00,1.4
2004-05-31 12:00:00,1.4
2004-05-31 13:00:00,1.5
2004-05-31 14:00:00,1.3
2004-05-31 15:00:00,1.2
2004-05-31 16:00:00,1.8
2004-05-31 17:00:00,3.0
2004-05-31 18:00:00,3.5
2004-05-31 19:00:00,2.4
2004-05-31 20:00:00,1.1
2004-05-31 21:00:00,0.8
2004-05-31 22:00:00,0.4
2004-05-31 23:00:00,0.6
2004-06-01 00:00:00,0.3
2004-06-01 01:00:00,0.26
2004-06-01 02:00:00,0.22
2004-06-01 03:00:00,0.18
2004-06-01 04:00:00,0.14
2004-06-01 05:00:00,0.1
2004-06-01 06:00:00,0.3
2004-06-01 07:00:00,1.4
2004-06-01 08:00:00,2.7
2004-06-01 09:00:00,2.3
2004-06-01 10:00:00,1.8
2004-06-01 11:00:00,1.6
2004-06-01 12:00:00,1.9
2004-06-01 13:00:00,2.5
2004-06-01 14:00:00,1.6
2004-06-01 15:00:00,1.5
2004-06-01 16:00:00,2.5
2004-06-01 17:00:00,3.6
2004-06-01 18:00:00,3.5
2004-06-01 19:00:00,4.8
2004-06-01 20:00:00,3.7
2004-06-01 21:00:00,2.1
2004-06-01 22:00:00,1.6
2004-06-01 23:00:00,2.2
2004-06-02 00:00:00,0.8
2004-06-02 01:00:00,0.8296875
2004-06-02 02:00:00,0.859375
2004-06-02 03:00:00,0.8890625000000001
2004-06-02 04:00:00,0.9187500000000001
2004-06-02 05:00:00,0.9484375
2004-06-02 06:00:00,0.978125
2004-06-02 07:00:00,1.0078125
2004-06-02 08:00:00,1.0375
2004-06-02 09:00:00,1.0671875000000002
2004-06-02 10:00:00,1.096875
2004-06-02 11:00:00,1.1265625000000001
2004-06-02 12:00:00,1.15625
2004-06-02 13:00:00,1.1859375
2004-06-02 14:00:00,1.2156250000000002
2004-06-02 15:00:00,1.2453125
2004-06-02 16:00:00,1.2750000000000001
2004-06-02 17:00:00,1.3046875
2004-06-02 18:00:00,1.334375
2004-06-02 19:00:00,1.3640625000000002
2004-06-02 20:00:00,1.39375
2004-06-02 21:00:00,1.4234375000000001
2004-06-02 22:00:00,1.453125
2004-06-02 23:00:00,1.4828125
2004-06-03 00:00:00,1.5125000000000002
2004-06-03 01:00:00,1.5421875
2004-06-03 02:00:00,1.5718750000000001
2004-06-03 03:00:00,1.6015625
2004-06-03 04:00:00,1.63125
2004-06-03 05:00:00,1.6609375000000002
2004-06-03 06:00:00,1.6906250000000003
2004-06-03 07:00:00,1.7203125000000001
2004-06-03 08:00:00,1.75
2004-06-03 09:00:00,1.7796875
2004-06-03 10:00:00,1.8093750000000002
2004-06-03 11:00:00,1.8390625
2004-06-03 12:00:00,1.8687500000000001
2004-06-03 13:00:00,1.8984375000000002
2004-06-03 14:00:00,1.928125
2004-06-03 15:00:00,1.9578125000000002
2004-06-03 16:00:00,1.9875
2004-06-03 17:00:00,2.0171875000000004
2004-06-03 18:00:00,2.046875
2004-06-03 19:00:00,2.0765625
2004-06-03 20:00:00,2.10625
2004-06-03 21:00:00,2.1359375
2004-06-03 22:00:00,2.1656250000000004
2004-06-03 23:00:00,2.1953125
2004-06-04 00:00:00,2.225
2004-06-04 01:00:00,2.2546875
2004-06-04 02:00:00,2.284375
2004-06-04 03:00:00,2.3140625000000004
2004-06-04 04:00:00,2.34375
2004-06-04 05:00:00,2.3734375
2004-06-04 06:00:00,2.403125
2004-06-04 07:00:00,2.4328125000000003
2004-06-04 08:00:00,2.4625000000000004
2004-06-04 09:00:00,2.4921875
2004-06-04 10:00:00,2.521875
2004-06-04 11:00:00,2.5515625
2004-06-04 12:00:00,2.5812500000000003
2004-06-04 13:00:00,2.6109375000000004
2004-06-04 14:00:00,2.640625
2004-06-04 15:00:00,2.6703125
2004-06-04 16:00:00,2.7
2004-06-04 17:00:00,3.6
2004-06-04 18:00:00,3.3
2004-06-04 19:00:00,3.6
2004-06-04 20:00:00,2.9
2004-06-04 21:00:00,1.9
2004-06-04 22:00:00,2.0
2004-06-04 23:00:00,2.9
2004-06-05 00:00:00,2.7
2004-06-05 01:00:00,1.5
2004-06-05 02:00:00,1.6
2004-06-05 03:00:00,1.3
2004-06-05 04:00:00,0.7
2004-06-05 05:00:00,0.7
2004-06-05 06:00:00,1.2
2004-06-05 07:00:00,1.5
2004-06-05 08:00:00,1.5
2004-06-05 09:00:00,1.6
2004-06-05 10:00:00,1.1
2004-06-05 11:00:00,1.1
2004-06-05 12:00:00,1.4
2004-06-05 13:00:00,1.4
2004-06-05 14:00:00,1.0
2004-06-05 15:00:00,1.3
2004-06-05 16:00:00,1.9
2004-06-05 17:00:00,1.7
2004-06-05 18:00:00,2.3
2004-06-05 19:00:00,2.4
2004-06-05 20:00:00,1.8
2004-06-05 21:00:00,0.6
2004-06-05 22:00:00,0.8
2004-06-05 23:00:00,1.7
2004-06-06 00:00:00,1.1
2004-06-06 01:00:00,0.6
2004-06-06 02:00:00,1.1
2004-06-06 03:00:00,1.1
2004-06-06 04:00:00,1.0
2004-06-06 05:00:00,0.5
2004-06-06 06:00:00,0.7
2004-06-06 07:00:00,1.0
2004-06-06 08:00:00,1.2
2004-06-06 09:00:00,0.7
2004-06-06 10:00:00,0.9
2004-06-06 11:00:00,0.8
2004-06-06 12:00:00,0.8
2004-06-06 13:00:00,0.5
2004-06-06 14:00:00,0.5
2004-06-06 15:00:00,0.7
2004-06-06 16:00:00,0.9
2004-06-06 17:00:00,1.0
2004-06-06 18:00:00,1.2
2004-06-06 19:00:00,1.3
2004-06-06 20:00:00,1.6
2004-06-06 21:00:00,1.4
2004-06-06 22:00:00,1.7
2004-06-06 23:00:00,1.7
2004-06-07 00:00:00,1.4
2004-06-07 01:00:00,0.8
2004-06-07 02:00:00,0.4
2004-06-07 03:00:00,0.3
2004-06-07 04:00:00,0.4
2004-06-07 05:00:00,0.5
2004-06-07 06:00:00,1.5
2004-06-07 07:00:00,2.6
2004-06-07 08:00:00,4.3
2004-06-07 09:00:00,3.1
2004-06-07 10:00:00,2.9
2004-06-07 11:00:00,2.5
2004-06-07 12:00:00,1.9
2004-06-07 13:00:00,2.5
2004-06-07 14:00:00,2.5
2004-06-07 15:00:00,2.8
2004-06-07 16:00:00,2.3
2004-06-07 17:00:00,3.3
2004-06-07 18:00:00,2.8
2004-06-07 19:00:00,4.8
2004-06-07 20:00:00,2.5
2004-06-07 21:00:00,2.0
2004-06-07 22:00:00,1.8
2004-06-07 23:00:00,1.7
2004-06-08 00:00:00,1.3
2004-06-08 01:00:00,0.7
2004-06-08 02:00:00,0.5
2004-06-08 03:00:00,0.4
2004-06-08 04:00:00,0.3
2004-06-08 05:00:00,0.5
2004-06-08 06:00:00,1.4
2004-06-08 07:00:00,3.3
2004-06-08 08:00:00,5.8
2004-06-08 09:00:00,5.0
2004-06-08 10:00:00,3.5
2004-06-08 11:00:00,2.9
2004-06-08 12:00:00,2.5
2004-06-08 13:00:00,2.3
2004-06-08 14:00:00,2.4
2004-06-08 15:00:00,2.6
2004-06-08 16:00:00,2.2
2004-06-08 17:00:00,3.5
2004-06-08 18:00:00,3.9
2004-06-08 19:00:00,4.5
2004-06-08 20:00:00,3.8
2004-06-08 21:00:00,2.8
2004-06-08 22:00:00,1.7
2004-06-08 23:00:00,1.2
2004-06-09 00:00:00,1.6
2004-06-09 01:00:00,1.0
2004-06-09 02:00:00,0.9
2004-06-09 03:00:00,0.5
2004-06-09 04:00:00,0.5
2004-06-09 05:00:00,0.5
2004-06-09 06:00:00,1.0
2004-06-09 07:00:00,3.5
2004-06-09 08:00:00,6.4
2004-06-09 09:00:00,2.9
2004-06-09 10:00:00,3.4
2004-06-09 11:00:00,2.8
2004-06-09 12:00:00,2.8
2004-06-09 13:00:00,2.8
2004-06-09 14:00:00,2.3
2004-06-09 15:00:00,1.8
2004-06-09 16:00:00,2.0
2004-06-09 17:00:00,3.5
2004-06-09 18:00:00,4.9
2004-06-09 19:00:00,4.6
2004-06-09 20:00:00,3.4
2004-06-09 21:00:00,2.7
2004-06-09 22:00:00,1.9
2004-06-09 23:00:00,1.5
2004-06-10 00:00:00,1.0
2004-06-10 01:00:00,0.7
2004-06-10 02:00:00,1.0
2004-06-10 03:00:00,0.6
2004-06-10 04:00:00,0.75
2004-06-10 05:00:00,0.9
2004-06-10 06:00:00,1.2
2004-06-10 07:00:00,2.9
2004-06-10 08:00:00,4.8
2004-06-10 09:00:00,4.3
2004-06-10 10:00:00,3.1
2004-06-10 11:00:00,2.4
2004-06-10 12:00:00,2.8
2004-06-10 13:00:00,2.5
2004-06-10 14:00:00,2.6
2004-06-10 15:00:00,2.3
2004-06-10 16:00:00,2.4
2004-06-10 17:00:00,3.5
2004-06-10 18:00:00,4.8
2004-06-10 19:00:00,5.1
2004-06-10 20:00:00,4.7
2004-06-10 21:00:00,2.4
2004-06-10 22:00:00,2.5
2004-06-10 23:00:00,2.7
2004-06-11 00:00:00,1.5
2004-06-11 01:00:00,1.1
2004-06-11 02:00:00,0.6
2004-06-11 03:00:00,0.5
2004-06-11 04:00:00,0.4
2004-06-11 05:00:00,0.6
2004-06-11 06:00:00,1.0
2004-06-11 07:00:00,4.6
2004-06-11 08:00:00,4.8
2004-06-11 09:00:00,4.0
2004-06-11 10:00:00,3.0
2004-06-11 11:00:00,2.0
2004-06-11 12:00:00,2.0
2004-06-11 13:00:00,2.0
2004-06-11 14:00:00,1.9
2004-06-11 15:00:00,1.9
2004-06-11 16:00:00,1.9
2004-06-11 17:00:00,2.6
2004-06-11 18:00:00,3.2
2004-06-11 19:00:00,3.4
2004-06-11 20:00:00,3.4
2004-06-11 21:00:00,2.9
2004-06-11 22:00:00,2.7
2004-06-11 23:00:00,1.3
2004-06-12 00:00:00,1.3
2004-06-12 01:00:00,0.9
2004-06-12 02:00:00,0.6
2004-06-12 03:00:00,0.5
2004-06-12 04:00:00,0.5
2004-06-12 05:00:00,0.9
2004-06-12 06:00:00,0.7
2004-06-12 07:00:00,0.6
2004-06-12 08:00:00,1.3
2004-06-12 09:00:00,1.9
2004-06-12 10:00:00,2.1
2004-06-12 11:00:00,1.8
2004-06-12 12:00:00,1.8
2004-06-12 13:00:00,1.6
2004-06-12 14:00:00,1.2
2004-06-12 15:00:00,1.2
2004-06-12 16:00:00,1.4
2004-06-12 17:00:00,1.3
2004-06-12 18:00:00,1.1
2004-06-12 19:00:00,1.1
2004-06-12 20:00:00,1.1
2004-06-12 21:00:00,1.8
2004-06-12 22:00:00,2.3
2004-06-12 23:00:00,2.6
2004-06-13 00:00:00,2.0
2004-06-13 01:00:00,1.0
2004-06-13 02:00:00,0.6
2004-06-13 03:00:00,0.6
2004-06-13 04:00:00,0.5
2004-06-13 05:00:00,0.4
2004-06-13 06:00:00,0.4
2004-06-13 07:00:00,0.4
2004-06-13 08:00:00,0.4
2004-06-13 09:00:00,0.5
2004-06-13 10:00:00,0.6
2004-06-13 11:00:00,0.7
2004-06-13 12:00:00,0.7
2004-06-13 13:00:00,0.6
2004-06-13 14:00:00,0.5
2004-06-13 15:00:00,0.6
2004-06-13 16:00:00,0.8
2004-06-13 17:00:00,0.8
2004-06-13 18:00:00,1.0
2004-06-13 19:00:00,1.0
2004-06-13 20:00:00,1.0
2004-06-13 21:00:00,0.9
2004-06-13 22:00:00,0.7
2004-06-13 23:00:00,0.8
2004-06-14 00:00:00,0.7
2004-06-14 01:00:00,0.5
2004-06-14 02:00:00,0.3
2004-06-14 03:00:00,0.3
2004-06-14 04:00:00,0.3
2004-06-14 05:00:00,0.3
2004-06-14 06:00:00,0.7
2004-06-14 07:00:00,1.5
2004-06-14 08:00:00,1.8
2004-06-14 09:00:00,1.4
2004-06-14 10:00:00,1.5
2004-06-14 11:00:00,1.2
2004-06-14 12:00:00,1.2
2004-06-14 13:00:00,1.3
2004-06-14 14:00:00,1.0
2004-06-14 15:00:00,1.4
2004-06-14 16:00:00,1.6
2004-06-14 17:00:00,2.7
2004-06-14 18:00:00,2.3
2004-06-14 19:00:00,1.5
2004-06-14 20:00:00,1.4
2004-06-14 21:00:00,1.0
2004-06-14 22:00:00,1.1
2004-06-14 23:00:00,1.2
2004-06-15 00:00:00,1.2
2004-06-15 01:00:00,0.7
2004-06-15 02:00:00,0.5
2004-06-15 03:00:00,0.4
2004-06-15 04:00:00,0.4
2004-06-15 05:00:00,0.5
2004-06-15 06:00:00,1.0
2004-06-15 07:00:00,4.4
2004-06-15 08:00:00,4.0
2004-06-15 09:00:00,2.4
2004-06-15 10:00:00,2.1
2004-06-15 11:00:00,2.7
2004-06-15 12:00:00,2.8
2004-06-15 13:00:00,2.3
2004-06-15 14:00:00,2.0
2004-06-15 15:00:00,2.6
2004-06-15 16:00:00,2.7
2004-06-15 17:00:00,3.1
2004-06-15 18:00:00,3.1
2004-06-15 19:00:00,3.6
2004-06-15 20:00:00,2.9
2004-06-15 21:00:00,2.2
2004-06-15 22:00:00,2.0
2004-06-15 23:00:00,2.1
2004-06-16 00:00:00,1.9
2004-06-16 01:00:00,1.4
2004-06-16 02:00:00,0.8
2004-06-16 03:00:00,0.6
2004-06-16 04:00:00,0.6
2004-06-16 05:00:00,0.5
2004-06-16 06:00:00,1.0
2004-06-16 07:00:00,2.7
2004-06-16 08:00:00,5.0
2004-06-16 09:00:00,3.3
2004-06-16 10:00:00,2.4
2004-06-16 11:00:00,1.7
2004-06-16 12:00:00,1.7
2004-06-16 13:00:00,2.4
2004-06-16 14:00:00,2.2
2004-06-16 15:00:00,2.2
2004-06-16 16:00:00,2.3
2004-06-16 17:00:00,2.6
2004-06-16 18:00:00,2.3
2004-06-16 19:00:00,3.3
2004-06-16 20:00:00,3.5
2004-06-16 21:00:00,2.5
2004-06-16 22:00:00,2.5
2004-06-16 23:00:00,2.4
2004-06-17 00:00:00,2.5
2004-06-17 01:00:00,2.1
2004-06-17 02:00:00,1.0
2004-06-17 03:00:00,0.8
2004-06-17 04:00:00,0.65
2004-06-17 05:00:00,0.5
2004-06-17 06:00:00,1.3
2004-06-17 07:00:00,3.6
2004-06-17 08:00:00,4.8
2004-06-17 09:00:00,3.7
2004-06-17 10:00:00,1.9
2004-06-17 11:00:00,1.7
2004-06-17 12:00:00,1.9
2004-06-17 13:00:00,1.8
2004-06-17 14:00:00,1.7
2004-06-17 15:00:00,1.8
2004-06-17 16:00:00,1.7
2004-06-17 17:00:00,2.8
2004-06-17 18:00:00,3.6
2004-06-17 19:00:00,3.3
2004-06-17 20:00:00,2.9
2004-06-17 21:00:00,1.7
2004-06-17 22:00:00,1.7
2004-06-17 23:00:00,2.8
2004-06-18 00:00:00,1.8
2004-06-18 01:00:00,1.0
2004-06-18 02:00:00,0.5
2004-06-18 03:00:00,0.4
2004-06-18 04:00:00,0.3
2004-06-18 05:00:00,0.4
2004-06-18 06:00:00,0.8
2004-06-18 07:00:00,2.2
2004-06-18 08:00:00,4.4
2004-06-18 09:00:00,3.7
2004-06-18 10:00:00,2.5
2004-06-18 11:00:00,2.5
2004-06-18 12:00:00,2.3
2004-06-18 13:00:00,2.0
2004-06-18 14:00:00,2.0
2004-06-18 15:00:00,2.1
2004-06-18 16:00:00,2.4
2004-06-18 17:00:00,3.1
2004-06-18 18:00:00,2.9
2004-06-18 19:00:00,3.5
2004-06-18 20:00:00,2.9
2004-06-18 21:00:00,1.5
2004-06-18 22:00:00,1.7
2004-06-18 23:00:00,2.2
2004-06-19 00:00:00,1.6
2004-06-19 01:00:00,1.0
2004-06-19 02:00:00,0.6
2004-06-19 03:00:00,0.6
2004-06-19 04:00:00,0.6
2004-06-19 05:00:00,0.5
2004-06-19 06:00:00,0.5
2004-06-19 07:00:00,0.9
2004-06-19 08:00:00,1.4
2004-06-19 09:00:00,1.6
2004-06-19 10:00:00,1.6
2004-06-19 11:00:00,1.7
2004-06-19 12:00:00,1.7
2004-06-19 13:00:00,1.5
2004-06-19 14:00:00,1.2
2004-06-19 15:00:00,1.2
2004-06-19 16:00:00,1.1
2004-06-19 17:00:00,1.0
2004-06-19 18:00:00,1.1
2004-06-19 19:00:00,1.6
2004-06-19 20:00:00,1.7
2004-06-19 21:00:00,1.4
2004-06-19 22:00:00,1.7
2004-06-19 23:00:00,2.4
2004-06-20 00:00:00,2.3
2004-06-20 01:00:00,1.2
2004-06-20 02:00:00,1.0
2004-06-20 03:00:00,1.4
2004-06-20 04:00:00,1.2
2004-06-20 05:00:00,1.0
2004-06-20 06:00:00,0.9
2004-06-20 07:00:00,0.8
2004-06-20 08:00:00,1.0
2004-06-20 09:00:00,1.2
2004-06-20 10:00:00,1.2
2004-06-20 11:00:00,1.0
2004-06-20 12:00:00,1.0
2004-06-20 13:00:00,0.6
2004-06-20 14:00:00,0.7
2004-06-20 15:00:00,0.8
2004-06-20 16:00:00,1.1
2004-06-20 17:00:00,1.4
2004-06-20 18:00:00,2.8
2004-06-20 19:00:00,2.5
2004-06-20 20:00:00,1.6
2004-06-20 21:00:00,1.4
2004-06-20 22:00:00,2.3
2004-06-20 23:00:00,4.2
2004-06-21 00:00:00,3.0
2004-06-21 01:00:00,2.2
2004-06-21 02:00:00,0.6
2004-06-21 03:00:00,0.3
2004-06-21 04:00:00,0.3
2004-06-21 05:00:00,0.5
2004-06-21 06:00:00,1.3
2004-06-21 07:00:00,2.5
2004-06-21 08:00:00,3.7
2004-06-21 09:00:00,2.5
2004-06-21 10:00:00,1.8
2004-06-21 11:00:00,1.5
2004-06-21 12:00:00,1.5
2004-06-21 13:00:00,1.2
2004-06-21 14:00:00,1.4
2004-06-21 15:00:00,1.6
2004-06-21 16:00:00,1.6
2004-06-21 17:00:00,2.2
2004-06-21 18:00:00,3.0
2004-06-21 19:00:00,3.0
2004-06-21 20:00:00,2.7
2004-06-21 21:00:00,2.1
2004-06-21 22:00:00,1.6
2004-06-21 23:00:00,1.3
2004-06-22 00:00:00,1.1
2004-06-22 01:00:00,0.7
2004-06-22 02:00:00,0.4
2004-06-22 03:00:00,0.2
2004-06-22 04:00:00,0.2
2004-06-22 05:00:00,0.3
2004-06-22 06:00:00,0.9
2004-06-22 07:00:00,3.1
2004-06-22 08:00:00,5.0
2004-06-22 09:00:00,2.8
2004-06-22 10:00:00,2.8
2004-06-22 11:00:00,2.1
2004-06-22 12:00:00,3.1
2004-06-22 13:00:00,3.0
2004-06-22 14:00:00,2.1
2004-06-22 15:00:00,1.7
2004-06-22 16:00:00,2.2
2004-06-22 17:00:00,3.5
2004-06-22 18:00:00,3.6
2004-06-22 19:00:00,4.1
2004-06-22 20:00:00,4.0
2004-06-22 21:00:00,1.8
2004-06-22 22:00:00,1.7
2004-06-22 23:00:00,2.4
2004-06-23 00:00:00,1.2
2004-06-23 01:00:00,0.8
2004-06-23 02:00:00,0.5
2004-06-23 03:00:00,0.3
2004-06-23 04:00:00,0.35
2004-06-23 05:00:00,0.4
2004-06-23 06:00:00,1.0
2004-06-23 07:00:00,3.8
2004-06-23 08:00:00,3.2
2004-06-23 09:00:00,3.5
2004-06-23 10:00:00,3.2
2004-06-23 11:00:00,2.3
2004-06-23 12:00:00,2.2
2004-06-23 13:00:00,2.1
2004-06-23 14:00:00,1.9
2004-06-23 15:00:00,2.4
2004-06-23 16:00:00,2.5
2004-06-23 17:00:00,3.6
2004-06-23 18:00:00,3.9
2004-06-23 19:00:00,4.4
2004-06-23 20:00:00,4.8
2004-06-23 21:00:00,2.5
2004-06-23 22:00:00,2.8
2004-06-23 23:00:00,3.2
2004-06-24 00:00:00,2.6
2004-06-24 01:00:00,1.5
2004-06-24 02:00:00,1.0
2004-06-24 03:00:00,0.8
2004-06-24 04:00:00,0.6
2004-06-24 05:00:00,0.6
2004-06-24 06:00:00,0.7
2004-06-24 07:00:00,1.2
2004-06-24 08:00:00,1.5
2004-06-24 09:00:00,1.3
2004-06-24 10:00:00,1.6
2004-06-24 11:00:00,1.5
2004-06-24 12:00:00,1.2
2004-06-24 13:00:00,1.1
2004-06-24 14:00:00,1.2
2004-06-24 15:00:00,1.3
2004-06-24 16:00:00,1.4
2004-06-24 17:00:00,1.6
2004-06-24 18:00:00,2.1
2004-06-24 19:00:00,3.0
2004-06-24 20:00:00,2.8
2004-06-24 21:00:00,3.8
2004-06-24 22:00:00,3.2
2004-06-24 23:00:00,4.1
2004-06-25 00:00:00,2.6
2004-06-25 01:00:00,2.0
2004-06-25 02:00:00,0.9
2004-06-25 03:00:00,0.7
2004-06-25 04:00:00,0.6
2004-06-25 05:00:00,0.6
2004-06-25 06:00:00,1.6
2004-06-25 07:00:00,2.6
2004-06-25 08:00:00,2.9
2004-06-25 09:00:00,2.8
2004-06-25 10:00:00,1.9
2004-06-25 11:00:00,1.9
2004-06-25 12:00:00,2.1
2004-06-25 13:00:00,1.9
2004-06-25 14:00:00,1.6
2004-06-25 15:00:00,1.6
2004-06-25 16:00:00,2.1
2004-06-25 17:00:00,2.4
2004-06-25 18:00:00,2.8
2004-06-25 19:00:00,3.4
2004-06-25 20:00:00,3.4
2004-06-25 21:00:00,2.7
2004-06-25 22:00:00,2.6
2004-06-25 23:00:00,2.3
2004-06-26 00:00:00,1.2
2004-06-26 01:00:00,1.0
2004-06-26 02:00:00,0.9
2004-06-26 03:00:00,1.1
2004-06-26 04:00:00,0.75
2004-06-26 05:00:00,0.4
2004-06-26 06:00:00,0.9
2004-06-26 07:00:00,1.8
2004-06-26 08:00:00,2.2
2004-06-26 09:00:00,2.4
2004-06-26 10:00:00,2.3
2004-06-26 11:00:00,1.6
2004-06-26 12:00:00,1.4
2004-06-26 13:00:00,1.4
2004-06-26 14:00:00,1.0
2004-06-26 15:00:00,1.0
2004-06-26 16:00:00,1.2
2004-06-26 17:00:00,1.3
2004-06-26 18:00:00,1.5
2004-06-26 19:00:00,1.9
2004-06-26 20:00:00,1.8
2004-06-26 21:00:00,1.4
2004-06-26 22:00:00,1.7
2004-06-26 23:00:00,2.7
2004-06-27 00:00:00,2.1
2004-06-27 01:00:00,1.4
2004-06-27 02:00:00,1.0
2004-06-27 03:00:00,1.0
2004-06-27 04:00:00,0.8
2004-06-27 05:00:00,0.5
2004-06-27 06:00:00,0.6
2004-06-27 07:00:00,0.6
2004-06-27 08:00:00,1.0
2004-06-27 09:00:00,1.6
2004-06-27 10:00:00,1.9
2004-06-27 11:00:00,1.7
2004-06-27 12:00:00,1.1
2004-06-27 13:00:00,0.8
2004-06-27 14:00:00,0.7
2004-06-27 15:00:00,0.7
2004-06-27 16:00:00,1.2
2004-06-27 17:00:00,1.6
2004-06-27 18:00:00,1.6
2004-06-27 19:00:00,1.7
2004-06-27 20:00:00,2.0
2004-06-27 21:00:00,2.3
2004-06-27 22:00:00,2.4
2004-06-27 23:00:00,1.7
2004-06-28 00:00:00,1.2
2004-06-28 01:00:00,1.0
2004-06-28 02:00:00,0.6
2004-06-28 03:00:00,0.5
2004-06-28 04:00:00,0.4
2004-06-28 05:00:00,0.5
2004-06-28 06:00:00,0.7
2004-06-28 07:00:00,3.2
2004-06-28 08:00:00,5.6
2004-06-28 09:00:00,4.6
2004-06-28 10:00:00,3.3
2004-06-28 11:00:00,2.1
2004-06-28 12:00:00,1.9
2004-06-28 13:00:00,1.9
2004-06-28 14:00:00,1.6
2004-06-28 15:00:00,2.0
2004-06-28 16:00:00,1.8
2004-06-28 17:00:00,2.9
2004-06-28 18:00:00,3.4
2004-06-28 19:00:00,3.1
2004-06-28 20:00:00,2.5
2004-06-28 21:00:00,1.8
2004-06-28 22:00:00,1.8
2004-06-28 23:00:00,2.0
2004-06-29 00:00:00,1.5
2004-06-29 01:00:00,0.8
2004-06-29 02:00:00,0.4
2004-06-29 03:00:00,0.3
2004-06-29 04:00:00,0.4
2004-06-29 05:00:00,0.5
2004-06-29 06:00:00,0.7
2004-06-29 07:00:00,3.4
2004-06-29 08:00:00,5.7
2004-06-29 09:00:00,3.2
2004-06-29 10:00:00,2.7
2004-06-29 11:00:00,2.1
2004-06-29 12:00:00,2.8
2004-06-29 13:00:00,2.5
2004-06-29 14:00:00,2.1
2004-06-29 15:00:00,2.5
2004-06-29 16:00:00,2.7
2004-06-29 17:00:00,3.7
2004-06-29 18:00:00,3.7
2004-06-29 19:00:00,4.6
2004-06-29 20:00:00,2.6
2004-06-29 21:00:00,2.5
2004-06-29 22:00:00,2.3
2004-06-29 23:00:00,2.2
2004-06-30 00:00:00,2.5
2004-06-30 01:00:00,0.9
2004-06-30 02:00:00,0.8
2004-06-30 03:00:00,0.7
2004-06-30 04:00:00,0.5
2004-06-30 05:00:00,0.7
2004-06-30 06:00:00,0.9
2004-06-30 07:00:00,2.2
2004-06-30 08:00:00,2.8
2004-06-30 09:00:00,2.9
2004-06-30 10:00:00,2.9
2004-06-30 11:00:00,3.0
2004-06-30 12:00:00,2.5
2004-06-30 13:00:00,2.3
2004-06-30 14:00:00,2.1
2004-06-30 15:00:00,1.9
2004-06-30 16:00:00,2.3
2004-06-30 17:00:00,4.2
2004-06-30 18:00:00,4.9
2004-06-30 19:00:00,4.9
2004-06-30 20:00:00,3.5
2004-06-30 21:00:00,2.5
2004-06-30 22:00:00,2.5
2004-06-30 23:00:00,2.6
2004-07-01 00:00:00,2.3
2004-07-01 01:00:00,1.5
2004-07-01 02:00:00,0.9
2004-07-01 03:00:00,0.6
2004-07-01 04:00:00,0.6
2004-07-01 05:00:00,0.8
2004-07-01 06:00:00,0.9
2004-07-01 07:00:00,2.4
2004-07-01 08:00:00,3.9
2004-07-01 09:00:00,2.9
2004-07-01 10:00:00,2.7
2004-07-01 11:00:00,2.0
2004-07-01 12:00:00,2.4
2004-07-01 13:00:00,2.0
2004-07-01 14:00:00,1.8
2004-07-01 15:00:00,1.9
2004-07-01 16:00:00,1.8
2004-07-01 17:00:00,2.9
2004-07-01 18:00:00,3.3
2004-07-01 19:00:00,4.4
2004-07-01 20:00:00,3.4
2004-07-01 21:00:00,1.9
2004-07-01 22:00:00,2.1
2004-07-01 23:00:00,2.5
2004-07-02 00:00:00,2.3
2004-07-02 01:00:00,1.7
2004-07-02 02:00:00,1.5
2004-07-02 03:00:00,0.8
2004-07-02 04:00:00,0.65
2004-07-02 05:00:00,0.5
2004-07-02 06:00:00,0.8
2004-07-02 07:00:00,2.6
2004-07-02 08:00:00,4.9
2004-07-02 09:00:00,2.9
2004-07-02 10:00:00,2.8
2004-07-02 11:00:00,1.8
2004-07-02 12:00:00,1.8
2004-07-02 13:00:00,1.9
2004-07-02 14:00:00,1.7
2004-07-02 15:00:00,1.7
2004-07-02 16:00:00,1.9
2004-07-02 17:00:00,2.1
2004-07-02 18:00:00,2.4
2004-07-02 19:00:00,3.0
2004-07-02 20:00:00,2.8
2004-07-02 21:00:00,1.9
2004-07-02 22:00:00,2.1
2004-07-02 23:00:00,1.8
2004-07-03 00:00:00,2.5
2004-07-03 01:00:00,1.1
2004-07-03 02:00:00,0.7
2004-07-03 03:00:00,0.7
2004-07-03 04:00:00,0.4
2004-07-03 05:00:00,0.7
2004-07-03 06:00:00,0.7
2004-07-03 07:00:00,1.8
2004-07-03 08:00:00,2.3
2004-07-03 09:00:00,1.9
2004-07-03 10:00:00,1.7
2004-07-03 11:00:00,1.3
2004-07-03 12:00:00,1.5
2004-07-03 13:00:00,1.3
2004-07-03 14:00:00,0.8
2004-07-03 15:00:00,0.8
2004-07-03 16:00:00,1.1
2004-07-03 17:00:00,1.2
2004-07-03 18:00:00,1.2
2004-07-03 19:00:00,1.4
2004-07-03 20:00:00,1.1
2004-07-03 21:00:00,1.5
2004-07-03 22:00:00,2.0
2004-07-03 23:00:00,1.9
2004-07-04 00:00:00,2.2
2004-07-04 01:00:00,1.1
2004-07-04 02:00:00,1.1
2004-07-04 03:00:00,0.8
2004-07-04 04:00:00,0.6
2004-07-04 05:00:00,0.6
2004-07-04 06:00:00,0.6
2004-07-04 07:00:00,0.6
2004-07-04 08:00:00,1.1
2004-07-04 09:00:00,1.0
2004-07-04 10:00:00,1.0
2004-07-04 11:00:00,1.0
2004-07-04 12:00:00,0.8
2004-07-04 13:00:00,0.7
2004-07-04 14:00:00,0.4
2004-07-04 15:00:00,0.5
2004-07-04 16:00:00,0.6
2004-07-04 17:00:00,0.7
2004-07-04 18:00:00,0.9
2004-07-04 19:00:00,1.6
2004-07-04 20:00:00,1.6
2004-07-04 21:00:00,1.7
2004-07-04 22:00:00,1.3
2004-07-04 23:00:00,1.9
2004-07-05 00:00:00,1.5
2004-07-05 01:00:00,0.6
2004-07-05 02:00:00,0.4
2004-07-05 03:00:00,0.3
2004-07-05 04:00:00,0.35
2004-07-05 05:00:00,0.4
2004-07-05 06:00:00,0.7
2004-07-05 07:00:00,2.0
2004-07-05 08:00:00,3.9
2004-07-05 09:00:00,3.6
2004-07-05 10:00:00,3.2
2004-07-05 11:00:00,2.2
2004-07-05 12:00:00,2.2
2004-07-05 13:00:00,2.1
2004-07-05 14:00:00,1.8
2004-07-05 15:00:00,2.0
2004-07-05 16:00:00,1.8
2004-07-05 17:00:00,3.0
2004-07-05 18:00:00,4.3
2004-07-05 19:00:00,3.5
2004-07-05 20:00:00,2.5
2004-07-05 21:00:00,1.8
2004-07-05 22:00:00,1.9
2004-07-05 23:00:00,1.9
2004-07-06 00:00:00,1.9
2004-07-06 01:00:00,0.9
2004-07-06 02:00:00,0.7
2004-07-06 03:00:00,0.6
2004-07-06 04:00:00,0.4
2004-07-06 05:00:00,0.7
2004-07-06 06:00:00,1.6
2004-07-06 07:00:00,3.8
2004-07-06 08:00:00,5.1
2004-07-06 09:00:00,3.4
2004-07-06 10:00:00,2.6
2004-07-06 11:00:00,2.2
2004-07-06 12:00:00,3.4
2004-07-06 13:00:00,3.4
2004-07-06 14:00:00,1.8
2004-07-06 15:00:00,2.0
2004-07-06 16:00:00,2.4
2004-07-06 17:00:00,3.8
2004-07-06 18:00:00,4.4
2004-07-06 19:00:00,3.9
2004-07-06 20:00:00,4.0
2004-07-06 21:00:00,2.5
2004-07-06 22:00:00,2.1
2004-07-06 23:00:00,2.4
2004-07-07 00:00:00,2.1
2004-07-07 01:00:00,1.6
2004-07-07 02:00:00,0.8
2004-07-07 03:00:00,0.5
2004-07-07 04:00:00,0.4
2004-07-07 05:00:00,0.5
2004-07-07 06:00:00,1.3
2004-07-07 07:00:00,4.1
2004-07-07 08:00:00,4.1
2004-07-07 09:00:00,4.0
2004-07-07 10:00:00,2.2
2004-07-07 11:00:00,2.0
2004-07-07 12:00:00,2.0
2004-07-07 13:00:00,2.2
2004-07-07 14:00:00,2.2
2004-07-07 15:00:00,1.8
2004-07-07 16:00:00,1.8
2004-07-07 17:00:00,3.3
2004-07-07 18:00:00,4.3
2004-07-07 19:00:00,5.3
2004-07-07 20:00:00,4.3
2004-07-07 21:00:00,3.6
2004-07-07 22:00:00,2.4
2004-07-07 23:00:00,2.1
2004-07-08 00:00:00,1.2
2004-07-08 01:00:00,0.9
2004-07-08 02:00:00,0.6
2004-07-08 03:00:00,0.5
2004-07-08 04:00:00,0.55
2004-07-08 05:00:00,0.6
2004-07-08 06:00:00,0.6
2004-07-08 07:00:00,2.2
2004-07-08 08:00:00,3.2
2004-07-08 09:00:00,3.0
2004-07-08 10:00:00,2.7
2004-07-08 11:00:00,3.2
2004-07-08 12:00:00,1.4
2004-07-08 13:00:00,1.3
2004-07-08 14:00:00,1.4
2004-07-08 15:00:00,2.1
2004-07-08 16:00:00,2.4
2004-07-08 17:00:00,3.1
2004-07-08 18:00:00,3.5
2004-07-08 19:00:00,5.1
2004-07-08 20:00:00,4.5
2004-07-08 21:00:00,2.9
2004-07-08 22:00:00,2.6
2004-07-08 23:00:00,2.7
2004-07-09 00:00:00,3.2
2004-07-09 01:00:00,2.3
2004-07-09 02:00:00,1.0
2004-07-09 03:00:00,0.5
2004-07-09 04:00:00,0.4
2004-07-09 05:00:00,0.6
2004-07-09 06:00:00,1.0
2004-07-09 07:00:00,2.9
2004-07-09 08:00:00,2.7
2004-07-09 09:00:00,1.8
2004-07-09 10:00:00,1.8
2004-07-09 11:00:00,1.7
2004-07-09 12:00:00,1.5
2004-07-09 13:00:00,1.7
2004-07-09 14:00:00,1.3
2004-07-09 15:00:00,1.5
2004-07-09 16:00:00,1.5
2004-07-09 17:00:00,2.3
2004-07-09 18:00:00,2.2
2004-07-09 19:00:00,2.8
2004-07-09 20:00:00,2.7
2004-07-09 21:00:00,1.7
2004-07-09 22:00:00,1.5
2004-07-09 23:00:00,2.3
2004-07-10 00:00:00,2.3
2004-07-10 01:00:00,1.5
2004-07-10 02:00:00,1.0
2004-07-10 03:00:00,0.5
2004-07-10 04:00:00,0.3
2004-07-10 05:00:00,0.4
2004-07-10 06:00:00,0.5
2004-07-10 07:00:00,0.9
2004-07-10 08:00:00,1.1
2004-07-10 09:00:00,1.4
2004-07-10 10:00:00,1.1
2004-07-10 11:00:00,0.9
2004-07-10 12:00:00,0.8
2004-07-10 13:00:00,0.8
2004-07-10 14:00:00,0.6
2004-07-10 15:00:00,0.6
2004-07-10 16:00:00,0.5
2004-07-10 17:00:00,0.7
2004-07-10 18:00:00,0.8
2004-07-10 19:00:00,0.9
2004-07-10 20:00:00,1.3
2004-07-10 21:00:00,1.3
2004-07-10 22:00:00,1.4
2004-07-10 23:00:00,1.9
2004-07-11 00:00:00,2.3
2004-07-11 01:00:00,1.0
2004-07-11 02:00:00,0.5
2004-07-11 03:00:00,1.0
2004-07-11 04:00:00,0.4
2004-07-11 05:00:00,0.3
2004-07-11 06:00:00,0.2
2004-07-11 07:00:00,0.4
2004-07-11 08:00:00,0.3
2004-07-11 09:00:00,0.6
2004-07-11 10:00:00,0.6
2004-07-11 11:00:00,0.6
2004-07-11 12:00:00,0.5
2004-07-11 13:00:00,0.4
2004-07-11 14:00:00,0.2
2004-07-11 15:00:00,0.4
2004-07-11 16:00:00,0.6
2004-07-11 17:00:00,0.9
2004-07-11 18:00:00,0.7
2004-07-11 19:00:00,1.2
2004-07-11 20:00:00,1.6
2004-07-11 21:00:00,1.8
2004-07-11 22:00:00,2.4
2004-07-11 23:00:00,1.5
2004-07-12 00:00:00,0.9
2004-07-12 01:00:00,0.8
2004-07-12 02:00:00,0.2
2004-07-12 03:00:00,0.1
2004-07-12 04:00:00,0.30000000000000004
2004-07-12 05:00:00,0.5
2004-07-12 06:00:00,1.4
2004-07-12 07:00:00,3.3
2004-07-12 08:00:00,3.6
2004-07-12 09:00:00,1.7
2004-07-12 10:00:00,1.5
2004-07-12 11:00:00,1.6
2004-07-12 12:00:00,2.1
2004-07-12 13:00:00,2.1
2004-07-12 14:00:00,1.6
2004-07-12 15:00:00,1.3
2004-07-12 16:00:00,1.6
2004-07-12 17:00:00,3.1
2004-07-12 18:00:00,3.3
2004-07-12 19:00:00,3.4
2004-07-12 20:00:00,2.8
2004-07-12 21:00:00,1.5
2004-07-12 22:00:00,1.3
2004-07-12 23:00:00,1.6
2004-07-13 00:00:00,1.5
2004-07-13 01:00:00,1.0
2004-07-13 02:00:00,0.5
2004-07-13 03:00:00,0.4
2004-07-13 04:00:00,0.6
2004-07-13 05:00:00,0.7
2004-07-13 06:00:00,1.3
2004-07-13 07:00:00,4.0
2004-07-13 08:00:00,5.0
2004-07-13 09:00:00,3.6
2004-07-13 10:00:00,2.8
2004-07-13 11:00:00,2.6
2004-07-13 12:00:00,2.7
2004-07-13 13:00:00,2.3
2004-07-13 14:00:00,2.0
2004-07-13 15:00:00,1.3
2004-07-13 16:00:00,1.7
2004-07-13 17:00:00,2.8
2004-07-13 18:00:00,3.8
2004-07-13 19:00:00,4.9
2004-07-13 20:00:00,4.3
2004-07-13 21:00:00,2.6
2004-07-13 22:00:00,2.4
2004-07-13 23:00:00,1.9
2004-07-14 00:00:00,1.4
2004-07-14 01:00:00,1.1
2004-07-14 02:00:00,0.9
2004-07-14 03:00:00,0.7
2004-07-14 04:00:00,0.5
2004-07-14 05:00:00,0.8
2004-07-14 06:00:00,1.3
2004-07-14 07:00:00,4.7
2004-07-14 08:00:00,4.6
2004-07-14 09:00:00,3.7
2004-07-14 10:00:00,2.8
2004-07-14 11:00:00,1.8
2004-07-14 12:00:00,1.9
2004-07-14 13:00:00,2.0
2004-07-14 14:00:00,2.0
2004-07-14 15:00:00,2.1
2004-07-14 16:00:00,2.1
2004-07-14 17:00:00,3.2
2004-07-14 18:00:00,4.0
2004-07-14 19:00:00,4.6
2004-07-14 20:00:00,3.0
2004-07-14 21:00:00,2.9
2004-07-14 22:00:00,1.9
2004-07-14 23:00:00,1.4
2004-07-15 00:00:00,2.1
2004-07-15 01:00:00,1.2
2004-07-15 02:00:00,0.6
2004-07-15 03:00:00,0.4
2004-07-15 04:00:00,0.4
2004-07-15 05:00:00,0.4
2004-07-15 06:00:00,0.7
2004-07-15 07:00:00,2.3
2004-07-15 08:00:00,4.0
2004-07-15 09:00:00,2.8
2004-07-15 10:00:00,1.6
2004-07-15 11:00:00,1.6
2004-07-15 12:00:00,2.0
2004-07-15 13:00:00,2.0
2004-07-15 14:00:00,1.7
2004-07-15 15:00:00,2.0
2004-07-15 16:00:00,2.2
2004-07-15 17:00:00,3.2
2004-07-15 18:00:00,3.6
2004-07-15 19:00:00,3.8
2004-07-15 20:00:00,4.8
2004-07-15 21:00:00,2.8
2004-07-15 22:00:00,2.6
2004-07-15 23:00:00,1.9
2004-07-16 00:00:00,1.7
2004-07-16 01:00:00,1.0
2004-07-16 02:00:00,0.7
2004-07-16 03:00:00,0.5
2004-07-16 04:00:00,0.4
2004-07-16 05:00:00,0.6
2004-07-16 06:00:00,0.7
2004-07-16 07:00:00,2.4
2004-07-16 08:00:00,4.4
2004-07-16 09:00:00,3.1
2004-07-16 10:00:00,2.0
2004-07-16 11:00:00,2.1
2004-07-16 12:00:00,2.1
2004-07-16 13:00:00,2.1
2004-07-16 14:00:00,2.2
2004-07-16 15:00:00,1.6
2004-07-16 16:00:00,2.4
2004-07-16 17:00:00,3.3
2004-07-16 18:00:00,4.0
2004-07-16 19:00:00,4.1
2004-07-16 20:00:00,4.2
2004-07-16 21:00:00,2.9
2004-07-16 22:00:00,2.3
2004-07-16 23:00:00,2.2
2004-07-17 00:00:00,2.1
2004-07-17 01:00:00,1.6
2004-07-17 02:00:00,1.2
2004-07-17 03:00:00,1.2
2004-07-17 04:00:00,0.9
2004-07-17 05:00:00,0.6
2004-07-17 06:00:00,0.7
2004-07-17 07:00:00,1.3
2004-07-17 08:00:00,2.0
2004-07-17 09:00:00,1.9
2004-07-17 10:00:00,2.2
2004-07-17 11:00:00,1.9
2004-07-17 12:00:00,1.5
2004-07-17 13:00:00,1.4
2004-07-17 14:00:00,1.0
2004-07-17 15:00:00,1.0
2004-07-17 16:00:00,1.4
2004-07-17 17:00:00,1.6
2004-07-17 18:00:00,1.6
2004-07-17 19:00:00,2.1
2004-07-17 20:00:00,2.0
2004-07-17 21:00:00,1.9
2004-07-17 22:00:00,2.3
2004-07-17 23:00:00,2.4
2004-07-18 00:00:00,2.2
2004-07-18 01:00:00,1.2
2004-07-18 02:00:00,1.1
2004-07-18 03:00:00,0.8
2004-07-18 04:00:00,0.7
2004-07-18 05:00:00,0.6
2004-07-18 06:00:00,0.7
2004-07-18 07:00:00,0.4
2004-07-18 08:00:00,0.6
2004-07-18 09:00:00,0.9
2004-07-18 10:00:00,0.9
2004-07-18 11:00:00,0.8
2004-07-18 12:00:00,0.4
2004-07-18 13:00:00,0.3
2004-07-18 14:00:00,0.1
2004-07-18 15:00:00,0.5
2004-07-18 16:00:00,0.4
2004-07-18 17:00:00,0.3
2004-07-18 18:00:00,0.4
2004-07-18 19:00:00,0.6
2004-07-18 20:00:00,0.8
2004-07-18 21:00:00,1.2
2004-07-18 22:00:00,1.6
2004-07-18 23:00:00,1.2
2004-07-19 00:00:00,0.5
2004-07-19 01:00:00,0.3
2004-07-19 02:00:00,0.1
2004-07-19 03:00:00,0.1
2004-07-19 04:00:00,0.1
2004-07-19 05:00:00,0.3
2004-07-19 06:00:00,0.8
2004-07-19 07:00:00,2.3
2004-07-19 08:00:00,3.4
2004-07-19 09:00:00,2.5
2004-07-19 10:00:00,2.4
2004-07-19 11:00:00,2.1
2004-07-19 12:00:00,2.1363636363636362
2004-07-19 13:00:00,2.172727272727273
2004-07-19 14:00:00,2.209090909090909
2004-07-19 15:00:00,2.2454545454545456
2004-07-19 16:00:00,2.2818181818181817
2004-07-19 17:00:00,2.3181818181818183
2004-07-19 18:00:00,2.3545454545454545
2004-07-19 19:00:00,2.390909090909091
2004-07-19 20:00:00,2.4272727272727272
2004-07-19 21:00:00,2.463636363636364
2004-07-19 22:00:00,2.5
2004-07-19 23:00:00,2.536363636363636
2004-07-20 00:00:00,2.5727272727272728
2004-07-20 01:00:00,2.609090909090909
2004-07-20 02:00:00,2.6454545454545455
2004-07-20 03:00:00,2.6818181818181817
2004-07-20 04:00:00,2.7181818181818183
2004-07-20 05:00:00,2.7545454545454544
2004-07-20 06:00:00,2.790909090909091
2004-07-20 07:00:00,2.827272727272727
2004-07-20 08:00:00,2.8636363636363633
2004-07-20 09:00:00,2.9
2004-07-20 10:00:00,2.9363636363636365
2004-07-20 11:00:00,2.9727272727272727
2004-07-20 12:00:00,3.009090909090909
2004-07-20 13:00:00,3.0454545454545454
2004-07-20 14:00:00,3.0818181818181816
2004-07-20 15:00:00,3.118181818181818
2004-07-20 16:00:00,3.1545454545454543
2004-07-20 17:00:00,3.1909090909090905
2004-07-20 18:00:00,3.227272727272727
2004-07-20 19:00:00,3.2636363636363637
2004-07-20 20:00:00,3.3
2004-07-20 21:00:00,3.336363636363636
2004-07-20 22:00:00,3.3727272727272726
2004-07-20 23:00:00,3.409090909090909
2004-07-21 00:00:00,3.4454545454545453
2004-07-21 01:00:00,3.4818181818181815
2004-07-21 02:00:00,3.5181818181818176
2004-07-21 03:00:00,3.5545454545454542
2004-07-21 04:00:00,3.590909090909091
2004-07-21 05:00:00,3.627272727272727
2004-07-21 06:00:00,3.663636363636363
2004-07-21 07:00:00,3.6999999999999997
2004-07-21 08:00:00,3.7363636363636363
2004-07-21 09:00:00,3.7727272727272725
2004-07-21 10:00:00,3.8090909090909086
2004-07-21 11:00:00,3.8454545454545452
2004-07-21 12:00:00,3.8818181818181814
2004-07-21 13:00:00,3.918181818181818
2004-07-21 14:00:00,3.954545454545454
2004-07-21 15:00:00,3.9909090909090903
2004-07-21 16:00:00,4.027272727272727
2004-07-21 17:00:00,4.0636363636363635
2004-07-21 18:00:00,4.1
2004-07-21 19:00:00,3.8
2004-07-21 20:00:00,3.4
2004-07-21 21:00:00,2.9
2004-07-21 22:00:00,3.1
2004-07-21 23:00:00,3.5
2004-07-22 00:00:00,2.4
2004-07-22 01:00:00,1.6
2004-07-22 02:00:00,1.3
2004-07-22 03:00:00,0.9
2004-07-22 04:00:00,1.0
2004-07-22 05:00:00,0.8
2004-07-22 06:00:00,1.1
2004-07-22 07:00:00,4.4
2004-07-22 08:00:00,4.033333333333333
2004-07-22 09:00:00,3.6666666666666665
2004-07-22 10:00:00,3.3
2004-07-22 11:00:00,2.1
2004-07-22 12:00:00,2.1
2004-07-22 13:00:00,2.0
2004-07-22 14:00:00,1.5
2004-07-22 15:00:00,2.1
2004-07-22 16:00:00,2.3
2004-07-22 17:00:00,2.8
2004-07-22 18:00:00,3.6
2004-07-22 19:00:00,4.0
2004-07-22 20:00:00,3.7
2004-07-22 21:00:00,2.5
2004-07-22 22:00:00,2.3
2004-07-22 23:00:00,2.5
2004-07-23 00:00:00,2.7
2004-07-23 01:00:00,1.3
2004-07-23 02:00:00,0.8
2004-07-23 03:00:00,0.9
2004-07-23 04:00:00,0.5
2004-07-23 05:00:00,0.8
2004-07-23 06:00:00,1.0
2004-07-23 07:00:00,2.9
2004-07-23 08:00:00,3.8
2004-07-23 09:00:00,3.5
2004-07-23 10:00:00,2.4
2004-07-23 11:00:00,1.8
2004-07-23 12:00:00,2.1
2004-07-23 13:00:00,2.1
2004-07-23 14:00:00,1.5
2004-07-23 15:00:00,1.5
2004-07-23 16:00:00,1.8
2004-07-23 17:00:00,2.1
2004-07-23 18:00:00,3.0
2004-07-23 19:00:00,2.8
2004-07-23 20:00:00,2.5
2004-07-23 21:00:00,1.4
2004-07-23 22:00:00,1.7
2004-07-23 23:00:00,1.8
2004-07-24 00:00:00,2.4
2004-07-24 01:00:00,1.9
2004-07-24 02:00:00,1.4
2004-07-24 03:00:00,0.8
2004-07-24 04:00:00,0.7
2004-07-24 05:00:00,0.8
2004-07-24 06:00:00,0.7
2004-07-24 07:00:00,1.0
2004-07-24 08:00:00,1.7
2004-07-24 09:00:00,1.9
2004-07-24 10:00:00,2.3
2004-07-24 11:00:00,1.7
2004-07-24 12:00:00,1.3
2004-07-24 13:00:00,1.2
2004-07-24 14:00:00,0.8
2004-07-24 15:00:00,0.9
2004-07-24 16:00:00,1.1
2004-07-24 17:00:00,1.2
2004-07-24 18:00:00,1.3
2004-07-24 19:00:00,1.4
2004-07-24 20:00:00,1.2
2004-07-24 21:00:00,0.9
2004-07-24 22:00:00,1.1
2004-07-24 23:00:00,1.5
2004-07-25 00:00:00,1.7
2004-07-25 01:00:00,0.9
2004-07-25 02:00:00,0.7
2004-07-25 03:00:00,0.4
2004-07-25 04:00:00,0.35
2004-07-25 05:00:00,0.3
2004-07-25 06:00:00,0.4
2004-07-25 07:00:00,0.4
2004-07-25 08:00:00,0.5
2004-07-25 09:00:00,0.5
2004-07-25 10:00:00,0.7
2004-07-25 11:00:00,0.9
2004-07-25 12:00:00,0.8
2004-07-25 13:00:00,0.8
2004-07-25 14:00:00,0.7
2004-07-25 15:00:00,0.8
2004-07-25 16:00:00,0.7
2004-07-25 17:00:00,0.8
2004-07-25 18:00:00,1.2
2004-07-25 19:00:00,1.6
2004-07-25 20:00:00,1.6
2004-07-25 21:00:00,1.5
2004-07-25 22:00:00,1.5
2004-07-25 23:00:00,1.5
2004-07-26 00:00:00,1.5
2004-07-26 01:00:00,1.2
2004-07-26 02:00:00,0.8
2004-07-26 03:00:00,0.8
2004-07-26 04:00:00,0.8
2004-07-26 05:00:00,0.8
2004-07-26 06:00:00,0.8
2004-07-26 07:00:00,0.8
2004-07-26 08:00:00,0.8
2004-07-26 09:00:00,0.8
2004-07-26 10:00:00,0.8
2004-07-26 11:00:00,0.8
2004-07-26 12:00:00,0.8
2004-07-26 13:00:00,0.8
2004-07-26 14:00:00,0.8
2004-07-26 15:00:00,0.8
2004-07-26 16:00:00,0.8
2004-07-26 17:00:00,0.8
2004-07-26 18:00:00,0.8
2004-07-26 19:00:00,0.8
2004-07-26 20:00:00,0.8
2004-07-26 21:00:00,0.8
2004-07-26 22:00:00,0.8
2004-07-26 23:00:00,0.8
2004-07-27 00:00:00,0.8
2004-07-27 01:00:00,0.8
2004-07-27 02:00:00,0.8
2004-07-27 03:00:00,0.8
2004-07-27 04:00:00,0.8
2004-07-27 05:00:00,0.8
2004-07-27 06:00:00,0.8
2004-07-27 07:00:00,0.8
2004-07-27 08:00:00,0.8
2004-07-27 09:00:00,0.8
2004-07-27 10:00:00,0.8
2004-07-27 11:00:00,0.8
2004-07-27 12:00:00,0.8
2004-07-27 13:00:00,0.8
2004-07-27 14:00:00,0.8
2004-07-27 15:00:00,0.8
2004-07-27 16:00:00,0.8
2004-07-27 17:00:00,0.8
2004-07-27 18:00:00,0.8
2004-07-27 19:00:00,0.8
2004-07-27 20:00:00,0.8
2004-07-27 21:00:00,0.8
2004-07-27 22:00:00,0.8
2004-07-27 23:00:00,0.8
2004-07-28 00:00:00,0.8
2004-07-28 01:00:00,0.8
2004-07-28 02:00:00,0.8
2004-07-28 03:00:00,0.8
2004-07-28 04:00:00,0.8
2004-07-28 05:00:00,0.8
2004-07-28 06:00:00,0.8
2004-07-28 07:00:00,0.8
2004-07-28 08:00:00,0.8
2004-07-28 09:00:00,0.8
2004-07-28 10:00:00,0.8
2004-07-28 11:00:00,0.8
2004-07-28 12:00:00,0.8
2004-07-28 13:00:00,0.8
2004-07-28 14:00:00,0.8
2004-07-28 15:00:00,0.8
2004-07-28 16:00:00,0.8
2004-07-28 17:00:00,0.8
2004-07-28 18:00:00,0.8
2004-07-28 19:00:00,0.8
2004-07-28 20:00:00,0.8
2004-07-28 21:00:00,0.8
2004-07-28 22:00:00,0.8
2004-07-28 23:00:00,0.8
2004-07-29 00:00:00,0.8
2004-07-29 01:00:00,0.8
2004-07-29 02:00:00,0.8
2004-07-29 03:00:00,0.8
2004-07-29 04:00:00,0.8
2004-07-29 05:00:00,0.8
2004-07-29 06:00:00,0.8
2004-07-29 07:00:00,0.8
2004-07-29 08:00:00,0.8
2004-07-29 09:00:00,0.8
2004-07-29 10:00:00,0.8
2004-07-29 11:00:00,0.8
2004-07-29 12:00:00,0.8
2004-07-29 13:00:00,0.8
2004-07-29 14:00:00,0.8
2004-07-29 15:00:00,0.8
2004-07-29 16:00:00,0.8
2004-07-29 17:00:00,0.8
2004-07-29 18:00:00,0.8
2004-07-29 19:00:00,0.8
2004-07-29 20:00:00,0.8
2004-07-29 21:00:00,0.8
2004-07-29 22:00:00,0.8
2004-07-29 23:00:00,0.8
2004-07-30 00:00:00,0.8
2004-07-30 01:00:00,0.8
2004-07-30 02:00:00,0.8
2004-07-30 03:00:00,0.8
2004-07-30 04:00:00,0.8
2004-07-30 05:00:00,0.8
2004-07-30 06:00:00,0.8
2004-07-30 07:00:00,0.8
2004-07-30 08:00:00,0.8
2004-07-30 09:00:00,0.8
2004-07-30 10:00:00,0.8
2004-07-30 11:00:00,0.8
2004-07-30 12:00:00,0.8
2004-07-30 13:00:00,0.8
2004-07-30 14:00:00,0.8
2004-07-30 15:00:00,0.8
2004-07-30 16:00:00,0.8
2004-07-30 17:00:00,0.8
2004-07-30 18:00:00,0.8
2004-07-30 19:00:00,0.8
2004-07-30 20:00:00,0.8
2004-07-30 21:00:00,0.8
2004-07-30 22:00:00,0.8
2004-07-30 23:00:00,0.8
2004-07-31 00:00:00,0.8
2004-07-31 01:00:00,0.8
2004-07-31 02:00:00,0.8
2004-07-31 03:00:00,0.8
2004-07-31 04:00:00,0.8
2004-07-31 05:00:00,0.8
2004-07-31 06:00:00,1.2
2004-07-31 07:00:00,1.0
2004-07-31 08:00:00,1.5
2004-07-31 09:00:00,2.8
2004-07-31 10:00:00,3.4
2004-07-31 11:00:00,3.3
2004-07-31 12:00:00,2.9
2004-07-31 13:00:00,2.2
2004-07-31 14:00:00,1.6
2004-07-31 15:00:00,0.9
2004-07-31 16:00:00,1.1
2004-07-31 17:00:00,1.0
2004-07-31 18:00:00,1.3
2004-07-31 19:00:00,1.6
2004-07-31 20:00:00,1.8
2004-07-31 21:00:00,2.2
2004-07-31 22:00:00,1.8
2004-07-31 23:00:00,2.3
2004-08-01 00:00:00,2.0
2004-08-01 01:00:00,1.8
2004-08-01 02:00:00,0.9
2004-08-01 03:00:00,0.5
2004-08-01 04:00:00,0.6
2004-08-01 05:00:00,0.4
2004-08-01 06:00:00,0.4
2004-08-01 07:00:00,0.4
2004-08-01 08:00:00,0.8
2004-08-01 09:00:00,0.8
2004-08-01 10:00:00,0.9
2004-08-01 11:00:00,0.7
2004-08-01 12:00:00,0.6
2004-08-01 13:00:00,0.5
2004-08-01 14:00:00,0.6
2004-08-01 15:00:00,0.7
2004-08-01 16:00:00,0.9
2004-08-01 17:00:00,0.9
2004-08-01 18:00:00,1.2
2004-08-01 19:00:00,1.4
2004-08-01 20:00:00,1.5
2004-08-01 21:00:00,1.7
2004-08-01 22:00:00,1.7
2004-08-01 23:00:00,1.7
2004-08-02 00:00:00,1.9
2004-08-02 01:00:00,1.2
2004-08-02 02:00:00,0.7
2004-08-02 03:00:00,0.3
2004-08-02 04:00:00,0.2
2004-08-02 05:00:00,0.4
2004-08-02 06:00:00,0.8
2004-08-02 07:00:00,1.9
2004-08-02 08:00:00,1.9
2004-08-02 09:00:00,1.9
2004-08-02 10:00:00,1.9
2004-08-02 11:00:00,1.9
2004-08-02 12:00:00,1.7
2004-08-02 13:00:00,1.4
2004-08-02 14:00:00,1.2
2004-08-02 15:00:00,1.4
2004-08-02 16:00:00,1.4
2004-08-02 17:00:00,1.9
2004-08-02 18:00:00,2.2
2004-08-02 19:00:00,1.9
2004-08-02 20:00:00,1.7
2004-08-02 21:00:00,1.2
2004-08-02 22:00:00,0.3
2004-08-02 23:00:00,0.1
2004-08-03 00:00:00,0.1
2004-08-03 01:00:00,0.1077922077922078
2004-08-03 02:00:00,0.1155844155844156
2004-08-03 03:00:00,0.12337662337662339
2004-08-03 04:00:00,0.13116883116883118
2004-08-03 05:00:00,0.13896103896103895
2004-08-03 06:00:00,0.14675324675324675
2004-08-03 07:00:00,0.15454545454545454
2004-08-03 08:00:00,0.16233766233766234
2004-08-03 09:00:00,0.17012987012987013
2004-08-03 10:00:00,0.17792207792207793
2004-08-03 11:00:00,0.18571428571428572
2004-08-03 12:00:00,0.19350649350649352
2004-08-03 13:00:00,0.2012987012987013
2004-08-03 14:00:00,0.2090909090909091
2004-08-03 15:00:00,0.2168831168831169
2004-08-03 16:00:00,0.2246753246753247
2004-08-03 17:00:00,0.23246753246753246
2004-08-03 18:00:00,0.24025974025974026
2004-08-03 19:00:00,0.24805194805194805
2004-08-03 20:00:00,0.2558441558441559
2004-08-03 21:00:00,0.26363636363636367
2004-08-03 22:00:00,0.27142857142857146
2004-08-03 23:00:00,0.27922077922077926
2004-08-04 00:00:00,0.28701298701298705
2004-08-04 01:00:00,0.29480519480519485
2004-08-04 02:00:00,0.30259740259740264
2004-08-04 03:00:00,0.3103896103896104
2004-08-04 04:00:00,0.3181818181818182
2004-08-04 05:00:00,0.32597402597402597
2004-08-04 06:00:00,0.33376623376623377
2004-08-04 07:00:00,0.34155844155844156
2004-08-04 08:00:00,0.34935064935064936
2004-08-04 09:00:00,0.3571428571428571
2004-08-04 10:00:00,0.3649350649350649
2004-08-04 11:00:00,0.3727272727272727
2004-08-04 12:00:00,0.3805194805194805
2004-08-04 13:00:00,0.3883116883116883
2004-08-04 14:00:00,0.39610389610389607
2004-08-04 15:00:00,0.40389610389610386
2004-08-04 16:00:00,0.41168831168831166
2004-08-04 17:00:00,0.41948051948051945
2004-08-04 18:00:00,0.42727272727272725
2004-08-04 19:00:00,0.43506493506493504
2004-08-04 20:00:00,0.44285714285714284
2004-08-04 21:00:00,0.45064935064935063
2004-08-04 22:00:00,0.4584415584415584
2004-08-04 23:00:00,0.4662337662337662
2004-08-05 00:00:00,0.474025974025974
2004-08-05 01:00:00,0.4818181818181818
2004-08-05 02:00:00,0.4896103896103896
2004-08-05 03:00:00,0.4974025974025974
2004-08-05 04:00:00,0.5051948051948052
2004-08-05 05:00:00,0.512987012987013
2004-08-05 06:00:00,0.5207792207792208
2004-08-05 07:00:00,0.5285714285714286
2004-08-05 08:00:00,0.5363636363636364
2004-08-05 09:00:00,0.5441558441558442
2004-08-05 10:00:00,0.551948051948052
2004-08-05 11:00:00,0.5597402597402598
2004-08-05 12:00:00,0.5675324675324676
2004-08-05 13:00:00,0.5753246753246753
2004-08-05 14:00:00,0.5831168831168831
2004-08-05 15:00:00,0.5909090909090909
2004-08-05 16:00:00,0.5987012987012987
2004-08-05 17:00:00,0.6064935064935064
2004-08-05 18:00:00,0.6142857142857142
2004-08-05 19:00:00,0.622077922077922
2004-08-05 20:00:00,0.6298701298701298
2004-08-05 21:00:00,0.6376623376623376
2004-08-05 22:00:00,0.6454545454545454
2004-08-05 23:00:00,0.6532467532467532
2004-08-06 00:00:00,0.661038961038961
2004-08-06 01:00:00,0.6688311688311688
2004-08-06 02:00:00,0.6766233766233766
2004-08-06 03:00:00,0.6844155844155844
2004-08-06 04:00:00,0.6922077922077922
2004-08-06 05:00:00,0.7
2004-08-06 06:00:00,1.2
2004-08-06 07:00:00,2.3
2004-08-06 08:00:00,3.0
2004-08-06 09:00:00,2.9
2004-08-06 10:00:00,2.6
2004-08-06 11:00:00,2.6
2004-08-06 12:00:00,2.6
2004-08-06 13:00:00,2.1
2004-08-06 14:00:00,1.7
2004-08-06 15:00:00,1.9
2004-08-06 16:00:00,2.5
2004-08-06 17:00:00,1.1
2004-08-06 18:00:00,2.1
2004-08-06 19:00:00,2.6
2004-08-06 20:00:00,2.6
2004-08-06 21:00:00,1.7
2004-08-06 22:00:00,1.5
2004-08-06 23:00:00,1.8
2004-08-07 00:00:00,1.4
2004-08-07 01:00:00,1.2
2004-08-07 02:00:00,0.7
2004-08-07 03:00:00,0.6
2004-08-07 04:00:00,0.7
2004-08-07 05:00:00,0.5
2004-08-07 06:00:00,0.6
2004-08-07 07:00:00,0.9
2004-08-07 08:00:00,1.2
2004-08-07 09:00:00,2.0
2004-08-07 10:00:00,1.9
2004-08-07 11:00:00,1.7
2004-08-07 12:00:00,1.2
2004-08-07 13:00:00,1.1
2004-08-07 14:00:00,1.0
2004-08-07 15:00:00,1.0
2004-08-07 16:00:00,1.0
2004-08-07 17:00:00,1.2
2004-08-07 18:00:00,1.6
2004-08-07 19:00:00,1.6
2004-08-07 20:00:00,1.6
2004-08-07 21:00:00,1.3
2004-08-07 22:00:00,1.9
2004-08-07 23:00:00,1.9
2004-08-08 00:00:00,1.5
2004-08-08 01:00:00,1.1
2004-08-08 02:00:00,0.8
2004-08-08 03:00:00,0.9
2004-08-08 04:00:00,0.6
2004-08-08 05:00:00,0.6
2004-08-08 06:00:00,0.7
2004-08-08 07:00:00,0.6
2004-08-08 08:00:00,1.0
2004-08-08 09:00:00,1.2
2004-08-08 10:00:00,1.0
2004-08-08 11:00:00,1.3
2004-08-08 12:00:00,1.4
2004-08-08 13:00:00,0.8
2004-08-08 14:00:00,0.6
2004-08-08 15:00:00,0.7
2004-08-08 16:00:00,0.8
2004-08-08 17:00:00,0.9
2004-08-08 18:00:00,1.0
2004-08-08 19:00:00,1.5
2004-08-08 20:00:00,1.5
2004-08-08 21:00:00,1.7
2004-08-08 22:00:00,1.9
2004-08-08 23:00:00,1.7
2004-08-09 00:00:00,1.2
2004-08-09 01:00:00,1.1
2004-08-09 02:00:00,0.8
2004-08-09 03:00:00,0.5
2004-08-09 04:00:00,0.6
2004-08-09 05:00:00,0.7
2004-08-09 06:00:00,1.2
2004-08-09 07:00:00,2.3
2004-08-09 08:00:00,2.5
2004-08-09 09:00:00,2.4
2004-08-09 10:00:00,1.4
2004-08-09 11:00:00,1.2
2004-08-09 12:00:00,1.6
2004-08-09 13:00:00,1.4
2004-08-09 14:00:00,1.2
2004-08-09 15:00:00,1.5
2004-08-09 16:00:00,1.4
2004-08-09 17:00:00,1.5
2004-08-09 18:00:00,1.7
2004-08-09 19:00:00,2.2
2004-08-09 20:00:00,1.9
2004-08-09 21:00:00,1.6
2004-08-09 22:00:00,1.5
2004-08-09 23:00:00,1.4
2004-08-10 00:00:00,1.0
2004-08-10 01:00:00,0.7
2004-08-10 02:00:00,0.5
2004-08-10 03:00:00,0.5
2004-08-10 04:00:00,0.5
2004-08-10 05:00:00,0.7
2004-08-10 06:00:00,1.2
2004-08-10 07:00:00,2.2
2004-08-10 08:00:00,2.9
2004-08-10 09:00:00,2.6
2004-08-10 10:00:00,2.6
2004-08-10 11:00:00,2.2
2004-08-10 12:00:00,1.5
2004-08-10 13:00:00,0.9
2004-08-10 14:00:00,1.0
2004-08-10 15:00:00,1.1
2004-08-10 16:00:00,1.2
2004-08-10 17:00:00,1.8
2004-08-10 18:00:00,1.8
2004-08-10 19:00:00,1.7
2004-08-10 20:00:00,1.7
2004-08-10 21:00:00,1.6
2004-08-10 22:00:00,1.7
2004-08-10 23:00:00,1.8
2004-08-11 00:00:00,1.5
2004-08-11 01:00:00,1.2
2004-08-11 02:00:00,0.8
2004-08-11 03:00:00,0.5
2004-08-11 04:00:00,0.5
2004-08-11 05:00:00,0.7
2004-08-11 06:00:00,1.1
2004-08-11 07:00:00,1.4
2004-08-11 08:00:00,1.7
2004-08-11 09:00:00,1.8
2004-08-11 10:00:00,1.8
2004-08-11 11:00:00,1.7
2004-08-11 12:00:00,1.3
2004-08-11 13:00:00,1.3
2004-08-11 14:00:00,1.0
2004-08-11 15:00:00,1.0
2004-08-11 16:00:00,1.4
2004-08-11 17:00:00,1.6
2004-08-11 18:00:00,1.4
2004-08-11 19:00:00,1.7
2004-08-11 20:00:00,1.4
2004-08-11 21:00:00,1.5
2004-08-11 22:00:00,1.4
2004-08-11 23:00:00,1.5
2004-08-12 00:00:00,1.6
2004-08-12 01:00:00,1.2
2004-08-12 02:00:00,0.9
2004-08-12 03:00:00,0.6
2004-08-12 04:00:00,0.6499999999999999
2004-08-12 05:00:00,0.7
2004-08-12 06:00:00,0.7
2004-08-12 07:00:00,1.7
2004-08-12 08:00:00,2.2
2004-08-12 09:00:00,1.9
2004-08-12 10:00:00,1.5
2004-08-12 11:00:00,1.6
2004-08-12 12:00:00,1.3
2004-08-12 13:00:00,1.1
2004-08-12 14:00:00,1.0
2004-08-12 15:00:00,1.0
2004-08-12 16:00:00,1.1
2004-08-12 17:00:00,1.3
2004-08-12 18:00:00,1.5
2004-08-12 19:00:00,1.6
2004-08-12 20:00:00,1.5
2004-08-12 21:00:00,1.3
2004-08-12 22:00:00,1.2
2004-08-12 23:00:00,1.6
2004-08-13 00:00:00,1.4
2004-08-13 01:00:00,1.1
2004-08-13 02:00:00,0.7
2004-08-13 03:00:00,0.4
2004-08-13 04:00:00,0.5
2004-08-13 05:00:00,0.5
2004-08-13 06:00:00,0.8
2004-08-13 07:00:00,1.6
2004-08-13 08:00:00,1.6
2004-08-13 09:00:00,1.4
2004-08-13 10:00:00,1.5
2004-08-13 11:00:00,1.2
2004-08-13 12:00:00,1.1
2004-08-13 13:00:00,0.8
2004-08-13 14:00:00,0.7
2004-08-13 15:00:00,0.7
2004-08-13 16:00:00,0.7
2004-08-13 17:00:00,1.0
2004-08-13 18:00:00,1.0
2004-08-13 19:00:00,1.2
2004-08-13 20:00:00,1.1
2004-08-13 21:00:00,1.0
2004-08-13 22:00:00,1.2
2004-08-13 23:00:00,1.4
2004-08-14 00:00:00,1.3
2004-08-14 01:00:00,1.0
2004-08-14 02:00:00,0.6
2004-08-14 03:00:00,0.4
2004-08-14 04:00:00,0.4
2004-08-14 05:00:00,0.4
2004-08-14 06:00:00,0.5
2004-08-14 07:00:00,1.1
2004-08-14 08:00:00,1.2
2004-08-14 09:00:00,0.9
2004-08-14 10:00:00,0.9
2004-08-14 11:00:00,1.0
2004-08-14 12:00:00,0.8
2004-08-14 13:00:00,0.8
2004-08-14 14:00:00,0.7
2004-08-14 15:00:00,0.7
2004-08-14 16:00:00,0.7
2004-08-14 17:00:00,0.7
2004-08-14 18:00:00,0.9
2004-08-14 19:00:00,1.2
2004-08-14 20:00:00,1.4
2004-08-14 21:00:00,1.2
2004-08-14 22:00:00,1.0
2004-08-14 23:00:00,0.9
2004-08-15 00:00:00,0.7
2004-08-15 01:00:00,0.5
2004-08-15 02:00:00,0.5
2004-08-15 03:00:00,0.4
2004-08-15 04:00:00,0.4
2004-08-15 05:00:00,0.4
2004-08-15 06:00:00,0.4
2004-08-15 07:00:00,0.5
2004-08-15 08:00:00,0.7
2004-08-15 09:00:00,1.1
2004-08-15 10:00:00,1.0
2004-08-15 11:00:00,1.2
2004-08-15 12:00:00,1.1
2004-08-15 13:00:00,0.6
2004-08-15 14:00:00,0.4
2004-08-15 15:00:00,0.4
2004-08-15 16:00:00,0.5
2004-08-15 17:00:00,0.6
2004-08-15 18:00:00,0.8
2004-08-15 19:00:00,1.0
2004-08-15 20:00:00,1.1
2004-08-15 21:00:00,1.1
2004-08-15 22:00:00,1.6
2004-08-15 23:00:00,0.9
2004-08-16 00:00:00,0.7
2004-08-16 01:00:00,0.7
2004-08-16 02:00:00,0.5
2004-08-16 03:00:00,0.4
2004-08-16 04:00:00,0.3
2004-08-16 05:00:00,0.4
2004-08-16 06:00:00,0.9
2004-08-16 07:00:00,1.3
2004-08-16 08:00:00,1.6
2004-08-16 09:00:00,2.1
2004-08-16 10:00:00,2.0
2004-08-16 11:00:00,1.4
2004-08-16 12:00:00,1.4
2004-08-16 13:00:00,0.9
2004-08-16 14:00:00,0.8
2004-08-16 15:00:00,0.8
2004-08-16 16:00:00,1.0
2004-08-16 17:00:00,1.3
2004-08-16 18:00:00,1.3
2004-08-16 19:00:00,1.3
2004-08-16 20:00:00,1.6
2004-08-16 21:00:00,1.4
2004-08-16 22:00:00,1.3
2004-08-16 23:00:00,1.0
2004-08-17 00:00:00,0.9
2004-08-17 01:00:00,0.6
2004-08-17 02:00:00,0.5
2004-08-17 03:00:00,0.5
2004-08-17 04:00:00,0.4
2004-08-17 05:00:00,0.4
2004-08-17 06:00:00,1.0
2004-08-17 07:00:00,2.2
2004-08-17 08:00:00,2.5
2004-08-17 09:00:00,2.3
2004-08-17 10:00:00,2.0
2004-08-17 11:00:00,1.98
2004-08-17 12:00:00,1.96
2004-08-17 13:00:00,1.94
2004-08-17 14:00:00,1.92
2004-08-17 15:00:00,1.9
2004-08-17 16:00:00,1.88
2004-08-17 17:00:00,1.8599999999999999
2004-08-17 18:00:00,1.8399999999999999
2004-08-17 19:00:00,1.8199999999999998
2004-08-17 20:00:00,1.8
2004-08-17 21:00:00,1.78
2004-08-17 22:00:00,1.76
2004-08-17 23:00:00,1.74
2004-08-18 00:00:00,1.72
2004-08-18 01:00:00,1.7
2004-08-18 02:00:00,1.68
2004-08-18 03:00:00,1.66
2004-08-18 04:00:00,1.64
2004-08-18 05:00:00,1.6199999999999999
2004-08-18 06:00:00,1.5999999999999999
2004-08-18 07:00:00,1.5799999999999998
2004-08-18 08:00:00,1.56
2004-08-18 09:00:00,1.54
2004-08-18 10:00:00,1.52
2004-08-18 11:00:00,1.5
2004-08-18 12:00:00,1.48
2004-08-18 13:00:00,1.46
2004-08-18 14:00:00,1.44
2004-08-18 15:00:00,1.42
2004-08-18 16:00:00,1.4
2004-08-18 17:00:00,1.7
2004-08-18 18:00:00,1.5
2004-08-18 19:00:00,1.7
2004-08-18 20:00:00,1.6
2004-08-18 21:00:00,1.4
2004-08-18 22:00:00,1.4
2004-08-18 23:00:00,1.4
2004-08-19 00:00:00,1.2
2004-08-19 01:00:00,0.9
2004-08-19 02:00:00,0.6
2004-08-19 03:00:00,0.4
2004-08-19 04:00:00,0.5
2004-08-19 05:00:00,0.5
2004-08-19 06:00:00,0.8
2004-08-19 07:00:00,1.4
2004-08-19 08:00:00,1.2
2004-08-19 09:00:00,1.0
2004-08-19 10:00:00,1.2
2004-08-19 11:00:00,1.1
2004-08-19 12:00:00,1.2
2004-08-19 13:00:00,1.1
2004-08-19 14:00:00,1.0
2004-08-19 15:00:00,1.0
2004-08-19 16:00:00,1.2
2004-08-19 17:00:00,1.7
2004-08-19 18:00:00,1.7
2004-08-19 19:00:00,1.7
2004-08-19 20:00:00,1.7
2004-08-19 21:00:00,1.7035294117647057
2004-08-19 22:00:00,1.7070588235294117
2004-08-19 23:00:00,1.7105882352941175
2004-08-20 00:00:00,1.7141176470588235
2004-08-20 01:00:00,1.7176470588235293
2004-08-20 02:00:00,1.7211764705882353
2004-08-20 03:00:00,1.724705882352941
2004-08-20 04:00:00,1.728235294117647
2004-08-20 05:00:00,1.7317647058823529
2004-08-20 06:00:00,1.7352941176470589
2004-08-20 07:00:00,1.7388235294117647
2004-08-20 08:00:00,1.7423529411764704
2004-08-20 09:00:00,1.7458823529411764
2004-08-20 10:00:00,1.7494117647058822
2004-08-20 11:00:00,1.7529411764705882
2004-08-20 12:00:00,1.756470588235294
2004-08-20 13:00:00,1.76
2004-08-20 14:00:00,1.7635294117647058
2004-08-20 15:00:00,1.7670588235294118
2004-08-20 16:00:00,1.7705882352941176
2004-08-20 17:00:00,1.7741176470588236
2004-08-20 18:00:00,1.7776470588235294
2004-08-20 19:00:00,1.7811764705882354
2004-08-20 20:00:00,1.7847058823529411
2004-08-20 21:00:00,1.788235294117647
2004-08-20 22:00:00,1.791764705882353
2004-08-20 23:00:00,1.7952941176470587
2004-08-21 00:00:00,1.7988235294117647
2004-08-21 01:00:00,1.8023529411764705
2004-08-21 02:00:00,1.8058823529411765
2004-08-21 03:00:00,1.8094117647058823
2004-08-21 04:00:00,1.8129411764705883
2004-08-21 05:00:00,1.816470588235294
2004-08-21 06:00:00,1.82
2004-08-21 07:00:00,1.8235294117647058
2004-08-21 08:00:00,1.8270588235294118
2004-08-21 09:00:00,1.8305882352941176
2004-08-21 10:00:00,1.8341176470588234
2004-08-21 11:00:00,1.8376470588235294
2004-08-21 12:00:00,1.8411764705882352
2004-08-21 13:00:00,1.8447058823529412
2004-08-21 14:00:00,1.848235294117647
2004-08-21 15:00:00,1.851764705882353
2004-08-21 16:00:00,1.8552941176470588
2004-08-21 17:00:00,1.8588235294117648
2004-08-21 18:00:00,1.8623529411764705
2004-08-21 19:00:00,1.8658823529411765
2004-08-21 20:00:00,1.8694117647058823
2004-08-21 21:00:00,1.8729411764705883
2004-08-21 22:00:00,1.8764705882352941
2004-08-21 23:00:00,1.88
2004-08-22 00:00:00,1.883529411764706
2004-08-22 01:00:00,1.8870588235294117
2004-08-22 02:00:00,1.8905882352941177
2004-08-22 03:00:00,1.8941176470588235
2004-08-22 04:00:00,1.8976470588235295
2004-08-22 05:00:00,1.9011764705882352
2004-08-22 06:00:00,1.9047058823529412
2004-08-22 07:00:00,1.908235294117647
2004-08-22 08:00:00,1.9117647058823528
2004-08-22 09:00:00,1.9152941176470588
2004-08-22 10:00:00,1.9188235294117648
2004-08-22 11:00:00,1.9223529411764706
2004-08-22 12:00:00,1.9258823529411764
2004-08-22 13:00:00,1.9294117647058824
2004-08-22 14:00:00,1.9329411764705882
2004-08-22 15:00:00,1.9364705882352942
2004-08-22 16:00:00,1.94
2004-08-22 17:00:00,1.943529411764706
2004-08-22 18:00:00,1.9470588235294117
2004-08-22 19:00:00,1.9505882352941177
2004-08-22 20:00:00,1.9541176470588235
2004-08-22 21:00:00,1.9576470588235293
2004-08-22 22:00:00,1.9611764705882353
2004-08-22 23:00:00,1.9647058823529413
2004-08-23 00:00:00,1.968235294117647
2004-08-23 01:00:00,1.9717647058823529
2004-08-23 02:00:00,1.9752941176470589
2004-08-23 03:00:00,1.9788235294117646
2004-08-23 04:00:00,1.9823529411764707
2004-08-23 05:00:00,1.9858823529411764
2004-08-23 06:00:00,1.9894117647058824
2004-08-23 07:00:00,1.9929411764705882
2004-08-23 08:00:00,1.9964705882352942
2004-08-23 09:00:00,2.0
2004-08-23 10:00:00,1.8
2004-08-23 11:00:00,1.6
2004-08-23 12:00:00,1.3
2004-08-23 13:00:00,1.0
2004-08-23 14:00:00,0.9
2004-08-23 15:00:00,1.0
2004-08-23 16:00:00,1.1
2004-08-23 17:00:00,1.5
2004-08-23 18:00:00,1.5
2004-08-23 19:00:00,1.6
2004-08-23 20:00:00,1.7
2004-08-23 21:00:00,1.4
2004-08-23 22:00:00,1.2
2004-08-23 23:00:00,1.1
2004-08-24 00:00:00,1.1
2004-08-24 01:00:00,1.2
2004-08-24 02:00:00,0.7
2004-08-24 03:00:00,0.5
2004-08-24 04:00:00,0.4
2004-08-24 05:00:00,0.7
2004-08-24 06:00:00,1.1
2004-08-24 07:00:00,1.6
2004-08-24 08:00:00,2.3
2004-08-24 09:00:00,1.6
2004-08-24 10:00:00,2.0
2004-08-24 11:00:00,1.6
2004-08-24 12:00:00,1.6
2004-08-24 13:00:00,1.3
2004-08-24 14:00:00,1.0
2004-08-24 15:00:00,1.6
2004-08-24 16:00:00,2.0
2004-08-24 17:00:00,1.7
2004-08-24 18:00:00,1.7
2004-08-24 19:00:00,1.4
2004-08-24 20:00:00,1.3
2004-08-24 21:00:00,1.3
2004-08-24 22:00:00,1.6
2004-08-24 23:00:00,1.8
2004-08-25 00:00:00,1.5
2004-08-25 01:00:00,1.3
2004-08-25 02:00:00,1.1
2004-08-25 03:00:00,0.5
2004-08-25 04:00:00,0.6
2004-08-25 05:00:00,0.7
2004-08-25 06:00:00,1.1
2004-08-25 07:00:00,1.9
2004-08-25 08:00:00,3.5
2004-08-25 09:00:00,2.9
2004-08-25 10:00:00,2.2
2004-08-25 11:00:00,2.0
2004-08-25 12:00:00,1.7
2004-08-25 13:00:00,1.6
2004-08-25 14:00:00,1.3
2004-08-25 15:00:00,1.3
2004-08-25 16:00:00,1.3
2004-08-25 17:00:00,1.6
2004-08-25 18:00:00,1.3
2004-08-25 19:00:00,1.4
2004-08-25 20:00:00,1.4
2004-08-25 21:00:00,1.3
2004-08-25 22:00:00,1.4
2004-08-25 23:00:00,1.5
2004-08-26 00:00:00,1.5
2004-08-26 01:00:00,0.9
2004-08-26 02:00:00,0.6
2004-08-26 03:00:00,0.5
2004-08-26 04:00:00,0.5
2004-08-26 05:00:00,0.5
2004-08-26 06:00:00,1.0
2004-08-26 07:00:00,1.9
2004-08-26 08:00:00,2.6
2004-08-26 09:00:00,1.7
2004-08-26 10:00:00,1.7
2004-08-26 11:00:00,1.4
2004-08-26 12:00:00,1.6
2004-08-26 13:00:00,1.3
2004-08-26 14:00:00,0.9
2004-08-26 15:00:00,1.4
2004-08-26 16:00:00,1.0
2004-08-26 17:00:00,2.2
2004-08-26 18:00:00,1.9
2004-08-26 19:00:00,2.1
2004-08-26 20:00:00,1.7
2004-08-26 21:00:00,1.0
2004-08-26 22:00:00,1.1
2004-08-26 23:00:00,0.7
2004-08-27 00:00:00,1.3
2004-08-27 01:00:00,1.3
2004-08-27 02:00:00,1.0
2004-08-27 03:00:00,0.7
2004-08-27 04:00:00,0.6
2004-08-27 05:00:00,0.7
2004-08-27 06:00:00,1.1
2004-08-27 07:00:00,2.4
2004-08-27 08:00:00,2.4
2004-08-27 09:00:00,2.3
2004-08-27 10:00:00,2.2
2004-08-27 11:00:00,1.8
2004-08-27 12:00:00,2.0
2004-08-27 13:00:00,1.5
2004-08-27 14:00:00,1.4
2004-08-27 15:00:00,1.5
2004-08-27 16:00:00,1.6
2004-08-27 17:00:00,1.9
2004-08-27 18:00:00,2.0
2004-08-27 19:00:00,2.3
2004-08-27 20:00:00,2.4
2004-08-27 21:00:00,1.8
2004-08-27 22:00:00,1.7
2004-08-27 23:00:00,1.2
2004-08-28 00:00:00,0.8
2004-08-28 01:00:00,0.7
2004-08-28 02:00:00,0.6
2004-08-28 03:00:00,0.6
2004-08-28 04:00:00,0.6
2004-08-28 05:00:00,0.4
2004-08-28 06:00:00,0.5
2004-08-28 07:00:00,0.7
2004-08-28 08:00:00,1.2
2004-08-28 09:00:00,1.7
2004-08-28 10:00:00,1.8
2004-08-28 11:00:00,1.5
2004-08-28 12:00:00,1.2
2004-08-28 13:00:00,1.1
2004-08-28 14:00:00,1.1246575342465754
2004-08-28 15:00:00,1.1493150684931508
2004-08-28 16:00:00,1.1739726027397261
2004-08-28 17:00:00,1.1986301369863015
2004-08-28 18:00:00,1.2232876712328768
2004-08-28 19:00:00,1.2479452054794522
2004-08-28 20:00:00,1.2726027397260276
2004-08-28 21:00:00,1.297260273972603
2004-08-28 22:00:00,1.3219178082191783
2004-08-28 23:00:00,1.3465753424657534
2004-08-29 00:00:00,1.3712328767123287
2004-08-29 01:00:00,1.395890410958904
2004-08-29 02:00:00,1.4205479452054794
2004-08-29 03:00:00,1.4452054794520548
2004-08-29 04:00:00,1.4698630136986301
2004-08-29 05:00:00,1.4945205479452055
2004-08-29 06:00:00,1.5191780821917809
2004-08-29 07:00:00,1.5438356164383562
2004-08-29 08:00:00,1.5684931506849316
2004-08-29 09:00:00,1.593150684931507
2004-08-29 10:00:00,1.617808219178082
2004-08-29 11:00:00,1.6424657534246574
2004-08-29 12:00:00,1.6671232876712327
2004-08-29 13:00:00,1.691780821917808
2004-08-29 14:00:00,1.7164383561643834
2004-08-29 15:00:00,1.7410958904109588
2004-08-29 16:00:00,1.7657534246575342
2004-08-29 17:00:00,1.7904109589041095
2004-08-29 18:00:00,1.8150684931506849
2004-08-29 19:00:00,1.8397260273972602
2004-08-29 20:00:00,1.8643835616438356
2004-08-29 21:00:00,1.889041095890411
2004-08-29 22:00:00,1.9136986301369863
2004-08-29 23:00:00,1.9383561643835616
2004-08-30 00:00:00,1.963013698630137
2004-08-30 01:00:00,1.9876712328767123
2004-08-30 02:00:00,2.0123287671232877
2004-08-30 03:00:00,2.036986301369863
2004-08-30 04:00:00,2.0616438356164384
2004-08-30 05:00:00,2.0863013698630137
2004-08-30 06:00:00,2.110958904109589
2004-08-30 07:00:00,2.1356164383561644
2004-08-30 08:00:00,2.16027397260274
2004-08-30 09:00:00,2.184931506849315
2004-08-30 10:00:00,2.2095890410958905
2004-08-30 11:00:00,2.234246575342466
2004-08-30 12:00:00,2.258904109589041
2004-08-30 13:00:00,2.2835616438356166
2004-08-30 14:00:00,2.308219178082192
2004-08-30 15:00:00,2.3328767123287673
2004-08-30 16:00:00,2.3575342465753426
2004-08-30 17:00:00,2.382191780821918
2004-08-30 18:00:00,2.4068493150684933
2004-08-30 19:00:00,2.4315068493150687
2004-08-30 20:00:00,2.456164383561644
2004-08-30 21:00:00,2.480821917808219
2004-08-30 22:00:00,2.5054794520547943
2004-08-30 23:00:00,2.5301369863013696
2004-08-31 00:00:00,2.554794520547945
2004-08-31 01:00:00,2.5794520547945203
2004-08-31 02:00:00,2.6041095890410957
2004-08-31 03:00:00,2.628767123287671
2004-08-31 04:00:00,2.6534246575342464
2004-08-31 05:00:00,2.6780821917808217
2004-08-31 06:00:00,2.702739726027397
2004-08-31 07:00:00,2.7273972602739724
2004-08-31 08:00:00,2.752054794520548
2004-08-31 09:00:00,2.776712328767123
2004-08-31 10:00:00,2.8013698630136985
2004-08-31 11:00:00,2.826027397260274
2004-08-31 12:00:00,2.850684931506849
2004-08-31 13:00:00,2.8753424657534246
2004-08-31 14:00:00,2.9
2004-08-31 15:00:00,1.9
2004-08-31 16:00:00,1.4
2004-08-31 17:00:00,2.0
2004-08-31 18:00:00,2.7
2004-08-31 19:00:00,2.8
2004-08-31 20:00:00,2.0
2004-08-31 21:00:00,2.1
2004-08-31 22:00:00,2.0
2004-08-31 23:00:00,1.8
2004-09-01 00:00:00,1.9
2004-09-01 01:00:00,1.3
2004-09-01 02:00:00,0.7
2004-09-01 03:00:00,0.5
2004-09-01 04:00:00,0.5
2004-09-01 05:00:00,0.6
2004-09-01 06:00:00,1.3
2004-09-01 07:00:00,3.6
2004-09-01 08:00:00,4.9
2004-09-01 09:00:00,3.9
2004-09-01 10:00:00,2.2
2004-09-01 11:00:00,1.9
2004-09-01 12:00:00,2.2
2004-09-01 13:00:00,2.0
2004-09-01 14:00:00,1.7
2004-09-01 15:00:00,2.0
2004-09-01 16:00:00,2.1
2004-09-01 17:00:00,3.2
2004-09-01 18:00:00,4.0
2004-09-01 19:00:00,4.4
2004-09-01 20:00:00,3.0
2004-09-01 21:00:00,2.2
2004-09-01 22:00:00,1.7
2004-09-01 23:00:00,1.9
2004-09-02 00:00:00,2.0
2004-09-02 01:00:00,1.5
2004-09-02 02:00:00,0.8
2004-09-02 03:00:00,0.6
2004-09-02 04:00:00,0.6
2004-09-02 05:00:00,0.7
2004-09-02 06:00:00,0.8
2004-09-02 07:00:00,2.9
2004-09-02 08:00:00,5.2
2004-09-02 09:00:00,3.3
2004-09-02 10:00:00,3.3406249999999997
2004-09-02 11:00:00,3.3812499999999996
2004-09-02 12:00:00,3.421875
2004-09-02 13:00:00,3.4625
2004-09-02 14:00:00,3.503125
2004-09-02 15:00:00,3.5437499999999997
2004-09-02 16:00:00,3.5843749999999996
2004-09-02 17:00:00,3.625
2004-09-02 18:00:00,3.665625
2004-09-02 19:00:00,3.70625
2004-09-02 20:00:00,3.7468749999999997
2004-09-02 21:00:00,3.7874999999999996
2004-09-02 22:00:00,3.828125
2004-09-02 23:00:00,3.8687499999999995
2004-09-03 00:00:00,3.909375
2004-09-03 01:00:00,3.9499999999999997
2004-09-03 02:00:00,3.9906249999999996
2004-09-03 03:00:00,4.03125
2004-09-03 04:00:00,4.0718749999999995
2004-09-03 05:00:00,4.1125
2004-09-03 06:00:00,4.153124999999999
2004-09-03 07:00:00,4.19375
2004-09-03 08:00:00,4.234375
2004-09-03 09:00:00,4.2749999999999995
2004-09-03 10:00:00,4.315625
2004-09-03 11:00:00,4.356249999999999
2004-09-03 12:00:00,4.396875
2004-09-03 13:00:00,4.4375
2004-09-03 14:00:00,4.4781249999999995
2004-09-03 15:00:00,4.51875
2004-09-03 16:00:00,4.559374999999999
2004-09-03 17:00:00,4.6
2004-09-03 18:00:00,4.3
2004-09-03 19:00:00,4.9
2004-09-03 20:00:00,4.0
2004-09-03 21:00:00,2.6
2004-09-03 22:00:00,1.3
2004-09-03 23:00:00,1.5
2004-09-04 00:00:00,2.2
2004-09-04 01:00:00,1.2
2004-09-04 02:00:00,0.9
2004-09-04 03:00:00,0.8
2004-09-04 04:00:00,0.8
2004-09-04 05:00:00,0.8
2004-09-04 06:00:00,1.0
2004-09-04 07:00:00,1.7
2004-09-04 08:00:00,1.9
2004-09-04 09:00:00,2.0
2004-09-04 10:00:00,2.2
2004-09-04 11:00:00,2.3
2004-09-04 12:00:00,2.3
2004-09-04 13:00:00,1.8
2004-09-04 14:00:00,1.4
2004-09-04 15:00:00,1.6
2004-09-04 16:00:00,2.3
2004-09-04 17:00:00,2.4
2004-09-04 18:00:00,2.1
2004-09-04 19:00:00,1.8
2004-09-04 20:00:00,1.7
2004-09-04 21:00:00,1.9
2004-09-04 22:00:00,1.6
2004-09-04 23:00:00,2.6
2004-09-05 00:00:00,5.8
2004-09-05 01:00:00,3.0
2004-09-05 02:00:00,1.5
2004-09-05 03:00:00,0.9
2004-09-05 04:00:00,1.1
2004-09-05 05:00:00,0.9
2004-09-05 06:00:00,0.7
2004-09-05 07:00:00,0.6
2004-09-05 08:00:00,0.7
2004-09-05 09:00:00,0.8
2004-09-05 10:00:00,0.9
2004-09-05 11:00:00,1.0
2004-09-05 12:00:00,0.9
2004-09-05 13:00:00,0.7
2004-09-05 14:00:00,0.6
2004-09-05 15:00:00,0.6
2004-09-05 16:00:00,0.8
2004-09-05 17:00:00,0.9
2004-09-05 18:00:00,1.1
2004-09-05 19:00:00,1.7
2004-09-05 20:00:00,1.5
2004-09-05 21:00:00,1.6
2004-09-05 22:00:00,1.7
2004-09-05 23:00:00,1.3
2004-09-06 00:00:00,1.3
2004-09-06 01:00:00,1.0
2004-09-06 02:00:00,0.6
2004-09-06 03:00:00,0.5
2004-09-06 04:00:00,0.45
2004-09-06 05:00:00,0.4
2004-09-06 06:00:00,0.7
2004-09-06 07:00:00,1.8
2004-09-06 08:00:00,1.9
2004-09-06 09:00:00,1.7
2004-09-06 10:00:00,1.3
2004-09-06 11:00:00,1.4
2004-09-06 12:00:00,1.3
2004-09-06 13:00:00,1.4
2004-09-06 14:00:00,1.2
2004-09-06 15:00:00,1.3
2004-09-06 16:00:00,1.5
2004-09-06 17:00:00,2.3
2004-09-06 18:00:00,2.6
2004-09-06 19:00:00,2.9
2004-09-06 20:00:00,1.8
2004-09-06 21:00:00,1.3
2004-09-06 22:00:00,1.3
2004-09-06 23:00:00,1.2
2004-09-07 00:00:00,1.2
2004-09-07 01:00:00,0.8
2004-09-07 02:00:00,0.6
2004-09-07 03:00:00,0.6
2004-09-07 04:00:00,0.6
2004-09-07 05:00:00,0.7
2004-09-07 06:00:00,1.3
2004-09-07 07:00:00,2.5
2004-09-07 08:00:00,3.4
2004-09-07 09:00:00,2.1
2004-09-07 10:00:00,2.2
2004-09-07 11:00:00,1.7
2004-09-07 12:00:00,2.1
2004-09-07 13:00:00,2.2
2004-09-07 14:00:00,1.4
2004-09-07 15:00:00,1.4
2004-09-07 16:00:00,1.6
2004-09-07 17:00:00,2.3
2004-09-07 18:00:00,3.3
2004-09-07 19:00:00,4.1
2004-09-07 20:00:00,3.3
2004-09-07 21:00:00,2.2
2004-09-07 22:00:00,2.2600000000000002
2004-09-07 23:00:00,2.3200000000000003
2004-09-08 00:00:00,2.38
2004-09-08 01:00:00,2.44
2004-09-08 02:00:00,2.5
2004-09-08 03:00:00,2.56
2004-09-08 04:00:00,2.62
2004-09-08 05:00:00,2.68
2004-09-08 06:00:00,2.74
2004-09-08 07:00:00,2.8
2004-09-08 08:00:00,2.86
2004-09-08 09:00:00,2.92
2004-09-08 10:00:00,2.98
2004-09-08 11:00:00,3.04
2004-09-08 12:00:00,3.1
2004-09-08 13:00:00,3.16
2004-09-08 14:00:00,3.2199999999999998
2004-09-08 15:00:00,3.28
2004-09-08 16:00:00,3.34
2004-09-08 17:00:00,3.4
2004-09-08 18:00:00,4.0
2004-09-08 19:00:00,4.7
2004-09-08 20:00:00,3.8
2004-09-08 21:00:00,2.8
2004-09-08 22:00:00,2.6
2004-09-08 23:00:00,2.0
2004-09-09 00:00:00,1.4
2004-09-09 01:00:00,1.2
2004-09-09 02:00:00,0.6
2004-09-09 03:00:00,0.3
2004-09-09 04:00:00,0.2
2004-09-09 05:00:00,0.4
2004-09-09 06:00:00,0.6
2004-09-09 07:00:00,3.0
2004-09-09 08:00:00,3.2
2004-09-09 09:00:00,3.5
2004-09-09 10:00:00,3.1
2004-09-09 11:00:00,2.2
2004-09-09 12:00:00,1.7
2004-09-09 13:00:00,2.0
2004-09-09 14:00:00,2.5
2004-09-09 15:00:00,2.4
2004-09-09 16:00:00,2.9
2004-09-09 17:00:00,4.2
2004-09-09 18:00:00,5.4
2004-09-09 19:00:00,4.3
2004-09-09 20:00:00,3.6
2004-09-09 21:00:00,2.0
2004-09-09 22:00:00,1.5
2004-09-09 23:00:00,1.5
2004-09-10 00:00:00,1.2
2004-09-10 01:00:00,1.0
2004-09-10 02:00:00,0.5
2004-09-10 03:00:00,0.5
2004-09-10 04:00:00,0.4
2004-09-10 05:00:00,0.5
2004-09-10 06:00:00,0.7
2004-09-10 07:00:00,2.4
2004-09-10 08:00:00,4.1
2004-09-10 09:00:00,3.0
2004-09-10 10:00:00,2.0
2004-09-10 11:00:00,2.5
2004-09-10 12:00:00,2.4
2004-09-10 13:00:00,2.6
2004-09-10 14:00:00,1.9
2004-09-10 15:00:00,2.1
2004-09-10 16:00:00,2.5
2004-09-10 17:00:00,2.7
2004-09-10 18:00:00,3.3
2004-09-10 19:00:00,3.2
2004-09-10 20:00:00,2.6
2004-09-10 21:00:00,1.4
2004-09-10 22:00:00,1.6
2004-09-10 23:00:00,1.7
2004-09-11 00:00:00,1.6
2004-09-11 01:00:00,1.6258620689655174
2004-09-11 02:00:00,1.6517241379310346
2004-09-11 03:00:00,1.677586206896552
2004-09-11 04:00:00,1.703448275862069
2004-09-11 05:00:00,1.7293103448275864
2004-09-11 06:00:00,1.7551724137931035
2004-09-11 07:00:00,1.7810344827586209
2004-09-11 08:00:00,1.806896551724138
2004-09-11 09:00:00,1.8327586206896553
2004-09-11 10:00:00,1.8586206896551725
2004-09-11 11:00:00,1.8844827586206898
2004-09-11 12:00:00,1.910344827586207
2004-09-11 13:00:00,1.9362068965517243
2004-09-11 14:00:00,1.9620689655172414
2004-09-11 15:00:00,1.9879310344827588
2004-09-11 16:00:00,2.013793103448276
2004-09-11 17:00:00,2.0396551724137932
2004-09-11 18:00:00,2.0655172413793106
2004-09-11 19:00:00,2.0913793103448275
2004-09-11 20:00:00,2.117241379310345
2004-09-11 21:00:00,2.143103448275862
2004-09-11 22:00:00,2.1689655172413795
2004-09-11 23:00:00,2.1948275862068964
2004-09-12 00:00:00,2.220689655172414
2004-09-12 01:00:00,2.246551724137931
2004-09-12 02:00:00,2.2724137931034485
2004-09-12 03:00:00,2.298275862068966
2004-09-12 04:00:00,2.3241379310344827
2004-09-12 05:00:00,2.35
2004-09-12 06:00:00,2.3758620689655174
2004-09-12 07:00:00,2.4017241379310343
2004-09-12 08:00:00,2.4275862068965517
2004-09-12 09:00:00,2.453448275862069
2004-09-12 10:00:00,2.4793103448275864
2004-09-12 11:00:00,2.5051724137931037
2004-09-12 12:00:00,2.5310344827586206
2004-09-12 13:00:00,2.556896551724138
2004-09-12 14:00:00,2.5827586206896553
2004-09-12 15:00:00,2.6086206896551722
2004-09-12 16:00:00,2.63448275862069
2004-09-12 17:00:00,2.660344827586207
2004-09-12 18:00:00,2.6862068965517243
2004-09-12 19:00:00,2.7120689655172416
2004-09-12 20:00:00,2.7379310344827585
2004-09-12 21:00:00,2.763793103448276
2004-09-12 22:00:00,2.7896551724137932
2004-09-12 23:00:00,2.81551724137931
2004-09-13 00:00:00,2.841379310344828
2004-09-13 01:00:00,2.867241379310345
2004-09-13 02:00:00,2.893103448275862
2004-09-13 03:00:00,2.9189655172413795
2004-09-13 04:00:00,2.9448275862068964
2004-09-13 05:00:00,2.970689655172414
2004-09-13 06:00:00,2.996551724137931
2004-09-13 07:00:00,3.022413793103448
2004-09-13 08:00:00,3.048275862068966
2004-09-13 09:00:00,3.0741379310344827
2004-09-13 10:00:00,3.1
2004-09-13 11:00:00,2.9
2004-09-13 12:00:00,3.0
2004-09-13 13:00:00,3.0
2004-09-13 14:00:00,2.2
2004-09-13 15:00:00,2.0
2004-09-13 16:00:00,2.3
2004-09-13 17:00:00,3.1
2004-09-13 18:00:00,4.65
2004-09-13 19:00:00,6.2
2004-09-13 20:00:00,4.7
2004-09-13 21:00:00,3.0
2004-09-13 22:00:00,2.1
2004-09-13 23:00:00,1.0
2004-09-14 00:00:00,0.8
2004-09-14 01:00:00,0.7
2004-09-14 02:00:00,0.7649999999999999
2004-09-14 03:00:00,0.83
2004-09-14 04:00:00,0.8949999999999999
2004-09-14 05:00:00,0.96
2004-09-14 06:00:00,1.025
2004-09-14 07:00:00,1.0899999999999999
2004-09-14 08:00:00,1.1549999999999998
2004-09-14 09:00:00,1.2199999999999998
2004-09-14 10:00:00,1.2849999999999997
2004-09-14 11:00:00,1.3499999999999999
2004-09-14 12:00:00,1.4149999999999998
2004-09-14 13:00:00,1.4799999999999998
2004-09-14 14:00:00,1.545
2004-09-14 15:00:00,1.6099999999999999
2004-09-14 16:00:00,1.6749999999999998
2004-09-14 17:00:00,1.7399999999999998
2004-09-14 18:00:00,1.8049999999999997
2004-09-14 19:00:00,1.8699999999999997
2004-09-14 20:00:00,1.9349999999999998
2004-09-14 21:00:00,1.9999999999999998
2004-09-14 22:00:00,2.0649999999999995
2004-09-14 23:00:00,2.13
2004-09-15 00:00:00,2.1949999999999994
2004-09-15 01:00:00,2.26
2004-09-15 02:00:00,2.3249999999999997
2004-09-15 03:00:00,2.3899999999999997
2004-09-15 04:00:00,2.4549999999999996
2004-09-15 05:00:00,2.5199999999999996
2004-09-15 06:00:00,2.5849999999999995
2004-09-15 07:00:00,2.6499999999999995
2004-09-15 08:00:00,2.715
2004-09-15 09:00:00,2.7799999999999994
2004-09-15 10:00:00,2.8449999999999998
2004-09-15 11:00:00,2.9099999999999993
2004-09-15 12:00:00,2.9749999999999996
2004-09-15 13:00:00,3.039999999999999
2004-09-15 14:00:00,3.1049999999999995
2004-09-15 15:00:00,3.17
2004-09-15 16:00:00,3.2349999999999994
2004-09-15 17:00:00,3.3
2004-09-15 18:00:00,6.1
2004-09-15 19:00:00,6.7
2004-09-15 20:00:00,4.4
2004-09-15 21:00:00,1.9
2004-09-15 22:00:00,1.8
2004-09-15 23:00:00,1.5
2004-09-16 00:00:00,1.6
2004-09-16 01:00:00,0.8
2004-09-16 02:00:00,0.5
2004-09-16 03:00:00,0.7
2004-09-16 04:00:00,0.6
2004-09-16 05:00:00,0.9
2004-09-16 06:00:00,1.4
2004-09-16 07:00:00,4.2
2004-09-16 08:00:00,4.1
2004-09-16 09:00:00,3.6
2004-09-16 10:00:00,2.5
2004-09-16 11:00:00,1.3
2004-09-16 12:00:00,1.7
2004-09-16 13:00:00,2.1
2004-09-16 14:00:00,1.7
2004-09-16 15:00:00,1.9
2004-09-16 16:00:00,2.3
2004-09-16 17:00:00,3.3
2004-09-16 18:00:00,3.5
2004-09-16 19:00:00,3.6
2004-09-16 20:00:00,2.9
2004-09-16 21:00:00,2.0
2004-09-16 22:00:00,1.9
2004-09-16 23:00:00,1.5
2004-09-17 00:00:00,1.1
2004-09-17 01:00:00,0.8
2004-09-17 02:00:00,0.5
2004-09-17 03:00:00,0.4
2004-09-17 04:00:00,0.3
2004-09-17 05:00:00,0.3
2004-09-17 06:00:00,0.5
2004-09-17 07:00:00,2.4
2004-09-17 08:00:00,2.2
2004-09-17 09:00:00,1.4
2004-09-17 10:00:00,1.6
2004-09-17 11:00:00,1.6
2004-09-17 12:00:00,1.6
2004-09-17 13:00:00,2.1
2004-09-17 14:00:00,1.1
2004-09-17 15:00:00,1.6
2004-09-17 16:00:00,2.4
2004-09-17 17:00:00,2.9
2004-09-17 18:00:00,2.7
2004-09-17 19:00:00,3.1
2004-09-17 20:00:00,2.2
2004-09-17 21:00:00,1.5
2004-09-17 22:00:00,1.2
2004-09-17 23:00:00,1.3
2004-09-18 00:00:00,1.4
2004-09-18 01:00:00,0.9
2004-09-18 02:00:00,0.7
2004-09-18 03:00:00,0.6
2004-09-18 04:00:00,0.55
2004-09-18 05:00:00,0.5
2004-09-18 06:00:00,0.8
2004-09-18 07:00:00,1.2
2004-09-18 08:00:00,1.1
2004-09-18 09:00:00,1.6
2004-09-18 10:00:00,1.4
2004-09-18 11:00:00,1.2
2004-09-18 12:00:00,1.4
2004-09-18 13:00:00,1.6
2004-09-18 14:00:00,1.1
2004-09-18 15:00:00,1.1
2004-09-18 16:00:00,1.3
2004-09-18 17:00:00,1.5
2004-09-18 18:00:00,2.0
2004-09-18 19:00:00,2.4
2004-09-18 20:00:00,2.0
2004-09-18 21:00:00,1.5
2004-09-18 22:00:00,1.7
2004-09-18 23:00:00,2.5
2004-09-19 00:00:00,2.2
2004-09-19 01:00:00,1.4
2004-09-19 02:00:00,1.2
2004-09-19 03:00:00,1.2
2004-09-19 04:00:00,0.9
2004-09-19 05:00:00,0.5
2004-09-19 06:00:00,0.6
2004-09-19 07:00:00,1.0
2004-09-19 08:00:00,1.3
2004-09-19 09:00:00,1.7
2004-09-19 10:00:00,2.2
2004-09-19 11:00:00,2.1
2004-09-19 12:00:00,2.2
2004-09-19 13:00:00,2.0
2004-09-19 14:00:00,2.0
2004-09-19 15:00:00,1.2
2004-09-19 16:00:00,1.8
2004-09-19 17:00:00,4.3
2004-09-19 18:00:00,3.8
2004-09-19 19:00:00,4.4
2004-09-19 20:00:00,3.8
2004-09-19 21:00:00,1.9
2004-09-19 22:00:00,1.7
2004-09-19 23:00:00,1.8
2004-09-20 00:00:00,1.1
2004-09-20 01:00:00,0.8
2004-09-20 02:00:00,0.7
2004-09-20 03:00:00,0.6
2004-09-20 04:00:00,0.5
2004-09-20 05:00:00,0.5
2004-09-20 06:00:00,0.9
2004-09-20 07:00:00,3.5
2004-09-20 08:00:00,4.6
2004-09-20 09:00:00,5.7
2004-09-20 10:00:00,3.5
2004-09-20 11:00:00,3.7
2004-09-20 12:00:00,3.1
2004-09-20 13:00:00,3.0
2004-09-20 14:00:00,2.6
2004-09-20 15:00:00,2.4
2004-09-20 16:00:00,2.6
2004-09-20 17:00:00,5.0
2004-09-20 18:00:00,5.6
2004-09-20 19:00:00,6.5
2004-09-20 20:00:00,4.1
2004-09-20 21:00:00,2.1
2004-09-20 22:00:00,2.0
2004-09-20 23:00:00,1.4
2004-09-21 00:00:00,0.8
2004-09-21 01:00:00,0.8
2004-09-21 02:00:00,0.6
2004-09-21 03:00:00,0.5
2004-09-21 04:00:00,0.4
2004-09-21 05:00:00,0.6
2004-09-21 06:00:00,1.4
2004-09-21 07:00:00,5.6
2004-09-21 08:00:00,7.3
2004-09-21 09:00:00,5.3
2004-09-21 10:00:00,4.4
2004-09-21 11:00:00,3.1
2004-09-21 12:00:00,3.3
2004-09-21 13:00:00,3.8
2004-09-21 14:00:00,2.3
2004-09-21 15:00:00,2.6
2004-09-21 16:00:00,3.2
2004-09-21 17:00:00,5.0
2004-09-21 18:00:00,5.6
2004-09-21 19:00:00,5.4
2004-09-21 20:00:00,4.4
2004-09-21 21:00:00,2.4
2004-09-21 22:00:00,1.5
2004-09-21 23:00:00,1.3
2004-09-22 00:00:00,1.1
2004-09-22 01:00:00,1.0
2004-09-22 02:00:00,0.6
2004-09-22 03:00:00,0.5
2004-09-22 04:00:00,0.6
2004-09-22 05:00:00,0.8
2004-09-22 06:00:00,1.5
2004-09-22 07:00:00,4.1
2004-09-22 08:00:00,5.5
2004-09-22 09:00:00,5.5
2004-09-22 10:00:00,3.7
2004-09-22 11:00:00,3.3
2004-09-22 12:00:00,2.5
2004-09-22 13:00:00,2.6
2004-09-22 14:00:00,2.2
2004-09-22 15:00:00,2.6
2004-09-22 16:00:00,2.9
2004-09-22 17:00:00,5.0
2004-09-22 18:00:00,5.1
2004-09-22 19:00:00,5.2
2004-09-22 20:00:00,3.8
2004-09-22 21:00:00,2.2
2004-09-22 22:00:00,2.1
2004-09-22 23:00:00,1.8
2004-09-23 00:00:00,1.6
2004-09-23 01:00:00,1.4
2004-09-23 02:00:00,0.8
2004-09-23 03:00:00,0.5
2004-09-23 04:00:00,0.5
2004-09-23 05:00:00,0.5
2004-09-23 06:00:00,0.9
2004-09-23 07:00:00,3.2
2004-09-23 08:00:00,2.8
2004-09-23 09:00:00,2.7
2004-09-23 10:00:00,2.4
2004-09-23 11:00:00,2.7
2004-09-23 12:00:00,2.8
2004-09-23 13:00:00,2.9
2004-09-23 14:00:00,2.6
2004-09-23 15:00:00,2.6
2004-09-23 16:00:00,3.2
2004-09-23 17:00:00,4.6
2004-09-23 18:00:00,4.9
2004-09-23 19:00:00,4.7
2004-09-23 20:00:00,3.3
2004-09-23 21:00:00,2.3
2004-09-23 22:00:00,2.1
2004-09-23 23:00:00,1.7
2004-09-24 00:00:00,1.0
2004-09-24 01:00:00,0.9
2004-09-24 02:00:00,0.7
2004-09-24 03:00:00,0.4
2004-09-24 04:00:00,0.4
2004-09-24 05:00:00,0.5
2004-09-24 06:00:00,1.3
2004-09-24 07:00:00,3.5
2004-09-24 08:00:00,5.5
2004-09-24 09:00:00,5.6
2004-09-24 10:00:00,3.4
2004-09-24 11:00:00,3.2
2004-09-24 12:00:00,3.7
2004-09-24 13:00:00,4.6
2004-09-24 14:00:00,4.2
2004-09-24 15:00:00,3.3
2004-09-24 16:00:00,2.7
2004-09-24 17:00:00,2.2
2004-09-24 18:00:00,2.8
2004-09-24 19:00:00,2.9
2004-09-24 20:00:00,2.0
2004-09-24 21:00:00,0.7
2004-09-24 22:00:00,0.6
2004-09-24 23:00:00,1.2
2004-09-25 00:00:00,1.2
2004-09-25 01:00:00,1.1
2004-09-25 02:00:00,0.6
2004-09-25 03:00:00,0.3
2004-09-25 04:00:00,0.3
2004-09-25 05:00:00,0.3
2004-09-25 06:00:00,0.4
2004-09-25 07:00:00,0.6
2004-09-25 08:00:00,0.7
2004-09-25 09:00:00,1.0
2004-09-25 10:00:00,1.1
2004-09-25 11:00:00,1.5
2004-09-25 12:00:00,1.4
2004-09-25 13:00:00,1.4
2004-09-25 14:00:00,1.0
2004-09-25 15:00:00,0.9
2004-09-25 16:00:00,1.1
2004-09-25 17:00:00,1.3
2004-09-25 18:00:00,1.8
2004-09-25 19:00:00,2.4
2004-09-25 20:00:00,2.7
2004-09-25 21:00:00,1.7
2004-09-25 22:00:00,2.2
2004-09-25 23:00:00,2.8
2004-09-26 00:00:00,2.4
2004-09-26 01:00:00,2.5
2004-09-26 02:00:00,1.4
2004-09-26 03:00:00,1.4
2004-09-26 04:00:00,1.15
2004-09-26 05:00:00,0.9
2004-09-26 06:00:00,0.6
2004-09-26 07:00:00,1.0
2004-09-26 08:00:00,1.6
2004-09-26 09:00:00,0.9
2004-09-26 10:00:00,0.9
2004-09-26 11:00:00,1.0
2004-09-26 12:00:00,1.0
2004-09-26 13:00:00,0.9
2004-09-26 14:00:00,0.9
2004-09-26 15:00:00,0.9
2004-09-26 16:00:00,0.9
2004-09-26 17:00:00,2.7
2004-09-26 18:00:00,2.2
2004-09-26 19:00:00,3.3
2004-09-26 20:00:00,2.1
2004-09-26 21:00:00,1.8
2004-09-26 22:00:00,1.9
2004-09-26 23:00:00,2.3
2004-09-27 00:00:00,1.9
2004-09-27 01:00:00,1.3
2004-09-27 02:00:00,1.0
2004-09-27 03:00:00,0.6
2004-09-27 04:00:00,0.6
2004-09-27 05:00:00,0.9
2004-09-27 06:00:00,1.5
2004-09-27 07:00:00,5.5
2004-09-27 08:00:00,4.0
2004-09-27 09:00:00,1.8
2004-09-27 10:00:00,1.9
2004-09-27 11:00:00,1.7
2004-09-27 12:00:00,1.6
2004-09-27 13:00:00,1.9
2004-09-27 14:00:00,1.6
2004-09-27 15:00:00,1.8
2004-09-27 16:00:00,2.0
2004-09-27 17:00:00,3.1
2004-09-27 18:00:00,3.9
2004-09-27 19:00:00,4.3
2004-09-27 20:00:00,3.5
2004-09-27 21:00:00,2.4
2004-09-27 22:00:00,1.5
2004-09-27 23:00:00,1.3
2004-09-28 00:00:00,1.0
2004-09-28 01:00:00,0.8
2004-09-28 02:00:00,0.5
2004-09-28 03:00:00,0.4
2004-09-28 04:00:00,0.5
2004-09-28 05:00:00,0.7
2004-09-28 06:00:00,1.2
2004-09-28 07:00:00,2.4
2004-09-28 08:00:00,4.3
2004-09-28 09:00:00,4.1
2004-09-28 10:00:00,3.7
2004-09-28 11:00:00,3.4
2004-09-28 12:00:00,3.8
2004-09-28 13:00:00,4.1
2004-09-28 14:00:00,3.4
2004-09-28 15:00:00,2.3
2004-09-28 16:00:00,3.2
2004-09-28 17:00:00,4.8
2004-09-28 18:00:00,6.7
2004-09-28 19:00:00,7.5
2004-09-28 20:00:00,4.5
2004-09-28 21:00:00,2.1
2004-09-28 22:00:00,1.5
2004-09-28 23:00:00,1.1
2004-09-29 00:00:00,1.1
2004-09-29 01:00:00,0.9
2004-09-29 02:00:00,0.5
2004-09-29 03:00:00,0.4
2004-09-29 04:00:00,0.4
2004-09-29 05:00:00,0.4
2004-09-29 06:00:00,0.7
2004-09-29 07:00:00,2.0
2004-09-29 08:00:00,4.2
2004-09-29 09:00:00,5.2
2004-09-29 10:00:00,3.8
2004-09-29 11:00:00,3.7
2004-09-29 12:00:00,3.4
2004-09-29 13:00:00,3.1
2004-09-29 14:00:00,2.4
2004-09-29 15:00:00,2.8
2004-09-29 16:00:00,3.6
2004-09-29 17:00:00,4.0
2004-09-29 18:00:00,5.6
2004-09-29 19:00:00,6.3
2004-09-29 20:00:00,4.7
2004-09-29 21:00:00,1.9
2004-09-29 22:00:00,1.9
2004-09-29 23:00:00,1.2
2004-09-30 00:00:00,0.9
2004-09-30 01:00:00,0.9666666666666667
2004-09-30 02:00:00,1.0333333333333334
2004-09-30 03:00:00,1.1
2004-09-30 04:00:00,1.1666666666666667
2004-09-30 05:00:00,1.2333333333333334
2004-09-30 06:00:00,1.3
2004-09-30 07:00:00,1.3666666666666667
2004-09-30 08:00:00,1.4333333333333333
2004-09-30 09:00:00,1.5
2004-09-30 10:00:00,1.5666666666666667
2004-09-30 11:00:00,1.6333333333333333
2004-09-30 12:00:00,1.7
2004-09-30 13:00:00,1.7
2004-09-30 14:00:00,2.2
2004-09-30 15:00:00,2.8
2004-09-30 16:00:00,3.9
2004-09-30 17:00:00,6.5
2004-09-30 18:00:00,6.3
2004-09-30 19:00:00,5.7
2004-09-30 20:00:00,4.4
2004-09-30 21:00:00,1.6
2004-09-30 22:00:00,1.5
2004-09-30 23:00:00,1.7
2004-10-01 00:00:00,1.9
2004-10-01 01:00:00,1.6
2004-10-01 02:00:00,1.3
2004-10-01 03:00:00,0.8
2004-10-01 04:00:00,0.6
2004-10-01 05:00:00,0.7
2004-10-01 06:00:00,1.6
2004-10-01 07:00:00,2.9
2004-10-01 08:00:00,4.1
2004-10-01 09:00:00,3.7
2004-10-01 10:00:00,3.6
2004-10-01 11:00:00,3.4
2004-10-01 12:00:00,3.7
2004-10-01 13:00:00,4.1
2004-10-01 14:00:00,3.2
2004-10-01 15:00:00,2.4
2004-10-01 16:00:00,3.4
2004-10-01 17:00:00,5.6
2004-10-01 18:00:00,5.581118881118881
2004-10-01 19:00:00,5.5622377622377615
2004-10-01 20:00:00,5.543356643356643
2004-10-01 21:00:00,5.524475524475524
2004-10-01 22:00:00,5.5055944055944055
2004-10-01 23:00:00,5.486713286713286
2004-10-02 00:00:00,5.467832167832167
2004-10-02 01:00:00,5.448951048951049
2004-10-02 02:00:00,5.43006993006993
2004-10-02 03:00:00,5.4111888111888105
2004-10-02 04:00:00,5.392307692307692
2004-10-02 05:00:00,5.373426573426573
2004-10-02 06:00:00,5.3545454545454545
2004-10-02 07:00:00,5.335664335664335
2004-10-02 08:00:00,5.316783216783216
2004-10-02 09:00:00,5.297902097902098
2004-10-02 10:00:00,5.279020979020979
2004-10-02 11:00:00,5.2601398601398595
2004-10-02 12:00:00,5.241258741258741
2004-10-02 13:00:00,5.222377622377622
2004-10-02 14:00:00,5.2034965034965035
2004-10-02 15:00:00,5.184615384615384
2004-10-02 16:00:00,5.165734265734265
2004-10-02 17:00:00,5.146853146853147
2004-10-02 18:00:00,5.127972027972028
2004-10-02 19:00:00,5.1090909090909085
2004-10-02 20:00:00,5.09020979020979
2004-10-02 21:00:00,5.071328671328671
2004-10-02 22:00:00,5.0524475524475525
2004-10-02 23:00:00,5.033566433566433
2004-10-03 00:00:00,5.014685314685314
2004-10-03 01:00:00,4.995804195804196
2004-10-03 02:00:00,4.976923076923077
2004-10-03 03:00:00,4.9580419580419575
2004-10-03 04:00:00,4.939160839160839
2004-10-03 05:00:00,4.92027972027972
2004-10-03 06:00:00,4.9013986013986015
2004-10-03 07:00:00,4.882517482517482
2004-10-03 08:00:00,4.863636363636363
2004-10-03 09:00:00,4.844755244755245
2004-10-03 10:00:00,4.825874125874126
2004-10-03 11:00:00,4.8069930069930065
2004-10-03 12:00:00,4.788111888111888
2004-10-03 13:00:00,4.769230769230769
2004-10-03 14:00:00,4.7503496503496505
2004-10-03 15:00:00,4.731468531468531
2004-10-03 16:00:00,4.712587412587412
2004-10-03 17:00:00,4.693706293706294
2004-10-03 18:00:00,4.674825174825175
2004-10-03 19:00:00,4.6559440559440555
2004-10-03 20:00:00,4.637062937062937
2004-10-03 21:00:00,4.618181818181818
2004-10-03 22:00:00,4.599300699300699
2004-10-03 23:00:00,4.58041958041958
2004-10-04 00:00:00,4.561538461538461
2004-10-04 01:00:00,4.542657342657343
2004-10-04 02:00:00,4.523776223776224
2004-10-04 03:00:00,4.5048951048951045
2004-10-04 04:00:00,4.486013986013986
2004-10-04 05:00:00,4.467132867132867
2004-10-04 06:00:00,4.448251748251748
2004-10-04 07:00:00,4.429370629370629
2004-10-04 08:00:00,4.41048951048951
2004-10-04 09:00:00,4.391608391608392
2004-10-04 10:00:00,4.372727272727273
2004-10-04 11:00:00,4.3538461538461535
2004-10-04 12:00:00,4.334965034965035
2004-10-04 13:00:00,4.316083916083916
2004-10-04 14:00:00,4.297202797202797
2004-10-04 15:00:00,4.278321678321678
2004-10-04 16:00:00,4.259440559440559
2004-10-04 17:00:00,4.240559440559441
2004-10-04 18:00:00,4.221678321678322
2004-10-04 19:00:00,4.2027972027972025
2004-10-04 20:00:00,4.183916083916084
2004-10-04 21:00:00,4.165034965034965
2004-10-04 22:00:00,4.146153846153846
2004-10-04 23:00:00,4.127272727272727
2004-10-05 00:00:00,4.108391608391608
2004-10-05 01:00:00,4.08951048951049
2004-10-05 02:00:00,4.070629370629371
2004-10-05 03:00:00,4.0517482517482515
2004-10-05 04:00:00,4.032867132867133
2004-10-05 05:00:00,4.013986013986014
2004-10-05 06:00:00,3.995104895104895
2004-10-05 07:00:00,3.976223776223776
2004-10-05 08:00:00,3.9573426573426573
2004-10-05 09:00:00,3.9384615384615387
2004-10-05 10:00:00,3.9195804195804196
2004-10-05 11:00:00,3.9006993006993005
2004-10-05 12:00:00,3.881818181818182
2004-10-05 13:00:00,3.862937062937063
2004-10-05 14:00:00,3.844055944055944
2004-10-05 15:00:00,3.825174825174825
2004-10-05 16:00:00,3.8062937062937063
2004-10-05 17:00:00,3.7874125874125872
2004-10-05 18:00:00,3.768531468531468
2004-10-05 19:00:00,3.7496503496503495
2004-10-05 20:00:00,3.730769230769231
2004-10-05 21:00:00,3.7118881118881117
2004-10-05 22:00:00,3.6930069930069926
2004-10-05 23:00:00,3.674125874125874
2004-10-06 00:00:00,3.6552447552447553
2004-10-06 01:00:00,3.6363636363636362
2004-10-06 02:00:00,3.617482517482517
2004-10-06 03:00:00,3.5986013986013985
2004-10-06 04:00:00,3.57972027972028
2004-10-06 05:00:00,3.5608391608391607
2004-10-06 06:00:00,3.541958041958042
2004-10-06 07:00:00,3.523076923076923
2004-10-06 08:00:00,3.5041958041958043
2004-10-06 09:00:00,3.4853146853146852
2004-10-06 10:00:00,3.4664335664335666
2004-10-06 11:00:00,3.4475524475524475
2004-10-06 12:00:00,3.428671328671329
2004-10-06 13:00:00,3.4097902097902097
2004-10-06 14:00:00,3.390909090909091
2004-10-06 15:00:00,3.372027972027972
2004-10-06 16:00:00,3.3531468531468533
2004-10-06 17:00:00,3.3342657342657342
2004-10-06 18:00:00,3.3153846153846156
2004-10-06 19:00:00,3.2965034965034965
2004-10-06 20:00:00,3.277622377622378
2004-10-06 21:00:00,3.2587412587412588
2004-10-06 22:00:00,3.23986013986014
2004-10-06 23:00:00,3.220979020979021
2004-10-07 00:00:00,3.2020979020979023
2004-10-07 01:00:00,3.1832167832167833
2004-10-07 02:00:00,3.164335664335664
2004-10-07 03:00:00,3.1454545454545455
2004-10-07 04:00:00,3.1265734265734264
2004-10-07 05:00:00,3.1076923076923078
2004-10-07 06:00:00,3.0888111888111887
2004-10-07 07:00:00,3.06993006993007
2004-10-07 08:00:00,3.051048951048951
2004-10-07 09:00:00,3.0321678321678323
2004-10-07 10:00:00,3.013286713286713
2004-10-07 11:00:00,2.9944055944055945
2004-10-07 12:00:00,2.9755244755244754
2004-10-07 13:00:00,2.9566433566433568
2004-10-07 14:00:00,2.9377622377622377
2004-10-07 15:00:00,2.918881118881119
2004-10-07 16:00:00,2.9
2004-10-07 17:00:00,5.4
2004-10-07 18:00:00,5.3
2004-10-07 19:00:00,6.7
2004-10-07 20:00:00,7.0
2004-10-07 21:00:00,2.8
2004-10-07 22:00:00,1.7
2004-10-07 23:00:00,1.7
2004-10-08 00:00:00,1.7
2004-10-08 01:00:00,1.2
2004-10-08 02:00:00,0.7
2004-10-08 03:00:00,0.7
2004-10-08 04:00:00,0.8
2004-10-08 05:00:00,0.9
2004-10-08 06:00:00,1.7
2004-10-08 07:00:00,5.7
2004-10-08 08:00:00,4.3
2004-10-08 09:00:00,3.9
2004-10-08 10:00:00,5.1
2004-10-08 11:00:00,3.7
2004-10-08 12:00:00,3.3
2004-10-08 13:00:00,3.6
2004-10-08 14:00:00,3.2
2004-10-08 15:00:00,3.5
2004-10-08 16:00:00,2.4
2004-10-08 17:00:00,2.9
2004-10-08 18:00:00,2.3
2004-10-08 19:00:00,3.1
2004-10-08 20:00:00,2.9
2004-10-08 21:00:00,1.5
2004-10-08 22:00:00,1.5
2004-10-08 23:00:00,1.7
2004-10-09 00:00:00,1.6
2004-10-09 01:00:00,1.3
2004-10-09 02:00:00,1.4
2004-10-09 03:00:00,0.9
2004-10-09 04:00:00,0.9
2004-10-09 05:00:00,1.3
2004-10-09 06:00:00,1.3
2004-10-09 07:00:00,2.9
2004-10-09 08:00:00,3.2
2004-10-09 09:00:00,3.4
2004-10-09 10:00:00,3.6
2004-10-09 11:00:00,2.3
2004-10-09 12:00:00,3.1
2004-10-09 13:00:00,3.3
2004-10-09 14:00:00,1.9
2004-10-09 15:00:00,2.6
2004-10-09 16:00:00,2.7
2004-10-09 17:00:00,3.7
2004-10-09 18:00:00,3.8
2004-10-09 19:00:00,4.8
2004-10-09 20:00:00,3.5
2004-10-09 21:00:00,2.2
2004-10-09 22:00:00,1.5
2004-10-09 23:00:00,3.4
2004-10-10 00:00:00,3.7
2004-10-10 01:00:00,2.0
2004-10-10 02:00:00,1.4
2004-10-10 03:00:00,1.1
2004-10-10 04:00:00,0.9
2004-10-10 05:00:00,0.7
2004-10-10 06:00:00,1.2
2004-10-10 07:00:00,1.3
2004-10-10 08:00:00,1.1
2004-10-10 09:00:00,1.0
2004-10-10 10:00:00,1.2
2004-10-10 11:00:00,1.9
2004-10-10 12:00:00,2.3
2004-10-10 13:00:00,1.6
2004-10-10 14:00:00,1.3
2004-10-10 15:00:00,1.8
2004-10-10 16:00:00,1.7
2004-10-10 17:00:00,1.8
2004-10-10 18:00:00,2.0
2004-10-10 19:00:00,2.2
2004-10-10 20:00:00,1.6
2004-10-10 21:00:00,1.3
2004-10-10 22:00:00,1.5
2004-10-10 23:00:00,1.5
2004-10-11 00:00:00,1.3
2004-10-11 01:00:00,1.4
2004-10-11 02:00:00,0.5
2004-10-11 03:00:00,0.4
2004-10-11 04:00:00,0.4
2004-10-11 05:00:00,0.6
2004-10-11 06:00:00,1.1
2004-10-11 07:00:00,2.9
2004-10-11 08:00:00,3.5
2004-10-11 09:00:00,4.6
2004-10-11 10:00:00,3.4
2004-10-11 11:00:00,2.3
2004-10-11 12:00:00,2.7
2004-10-11 13:00:00,3.1
2004-10-11 14:00:00,3.2
2004-10-11 15:00:00,2.5
2004-10-11 16:00:00,3.4
2004-10-11 17:00:00,4.8
2004-10-11 18:00:00,4.5
2004-10-11 19:00:00,4.0
2004-10-11 20:00:00,3.2
2004-10-11 21:00:00,1.9
2004-10-11 22:00:00,1.9
2004-10-11 23:00:00,1.3
2004-10-12 00:00:00,1.1
2004-10-12 01:00:00,1.0
2004-10-12 02:00:00,0.5
2004-10-12 03:00:00,0.6
2004-10-12 04:00:00,0.5
2004-10-12 05:00:00,0.8
2004-10-12 06:00:00,1.2
2004-10-12 07:00:00,2.7
2004-10-12 08:00:00,3.0
2004-10-12 09:00:00,2.94
2004-10-12 10:00:00,2.88
2004-10-12 11:00:00,2.82
2004-10-12 12:00:00,2.76
2004-10-12 13:00:00,2.7
2004-10-12 14:00:00,2.64
2004-10-12 15:00:00,2.58
2004-10-12 16:00:00,2.52
2004-10-12 17:00:00,2.46
2004-10-12 18:00:00,2.4
2004-10-12 19:00:00,2.34
2004-10-12 20:00:00,2.2800000000000002
2004-10-12 21:00:00,2.2199999999999998
2004-10-12 22:00:00,2.16
2004-10-12 23:00:00,2.1
2004-10-13 00:00:00,2.04
2004-10-13 01:00:00,1.98
2004-10-13 02:00:00,1.92
2004-10-13 03:00:00,1.86
2004-10-13 04:00:00,1.8
2004-10-13 05:00:00,1.74
2004-10-13 06:00:00,1.6800000000000002
2004-10-13 07:00:00,1.62
2004-10-13 08:00:00,1.56
2004-10-13 09:00:00,1.5
2004-10-13 10:00:00,1.2
2004-10-13 11:00:00,1.2201149425287356
2004-10-13 12:00:00,1.2402298850574711
2004-10-13 13:00:00,1.2603448275862068
2004-10-13 14:00:00,1.2804597701149425
2004-10-13 15:00:00,1.3005747126436782
2004-10-13 16:00:00,1.3206896551724137
2004-10-13 17:00:00,1.3408045977011493
2004-10-13 18:00:00,1.360919540229885
2004-10-13 19:00:00,1.3810344827586207
2004-10-13 20:00:00,1.4011494252873562
2004-10-13 21:00:00,1.421264367816092
2004-10-13 22:00:00,1.4413793103448276
2004-10-13 23:00:00,1.461494252873563
2004-10-14 00:00:00,1.4816091954022987
2004-10-14 01:00:00,1.5017241379310344
2004-10-14 02:00:00,1.5218390804597701
2004-10-14 03:00:00,1.5419540229885058
2004-10-14 04:00:00,1.5620689655172413
2004-10-14 05:00:00,1.582183908045977
2004-10-14 06:00:00,1.6022988505747127
2004-10-14 07:00:00,1.6224137931034481
2004-10-14 08:00:00,1.6425287356321838
2004-10-14 09:00:00,1.6626436781609195
2004-10-14 10:00:00,1.682758620689655
2004-10-14 11:00:00,1.702873563218391
2004-10-14 12:00:00,1.7229885057471264
2004-10-14 13:00:00,1.743103448275862
2004-10-14 14:00:00,1.7632183908045977
2004-10-14 15:00:00,1.7833333333333332
2004-10-14 16:00:00,1.803448275862069
2004-10-14 17:00:00,1.8235632183908046
2004-10-14 18:00:00,1.84367816091954
2004-10-14 19:00:00,1.8637931034482758
2004-10-14 20:00:00,1.8839080459770114
2004-10-14 21:00:00,1.904022988505747
2004-10-14 22:00:00,1.9241379310344828
2004-10-14 23:00:00,1.9442528735632183
2004-10-15 00:00:00,1.964367816091954
2004-10-15 01:00:00,1.9844827586206897
2004-10-15 02:00:00,2.004597701149425
2004-10-15 03:00:00,2.0247126436781606
2004-10-15 04:00:00,2.0448275862068965
2004-10-15 05:00:00,2.064942528735632
2004-10-15 06:00:00,2.085057471264368
2004-10-15 07:00:00,2.1051724137931034
2004-10-15 08:00:00,2.125287356321839
2004-10-15 09:00:00,2.1454022988505748
2004-10-15 10:00:00,2.1655172413793102
2004-10-15 11:00:00,2.185632183908046
2004-10-15 12:00:00,2.2057471264367816
2004-10-15 13:00:00,2.225862068965517
2004-10-15 14:00:00,2.2459770114942526
2004-10-15 15:00:00,2.2660919540229885
2004-10-15 16:00:00,2.2862068965517244
2004-10-15 17:00:00,2.30632183908046
2004-10-15 18:00:00,2.3264367816091953
2004-10-15 19:00:00,2.346551724137931
2004-10-15 20:00:00,2.3666666666666667
2004-10-15 21:00:00,2.386781609195402
2004-10-15 22:00:00,2.406896551724138
2004-10-15 23:00:00,2.4270114942528735
2004-10-16 00:00:00,2.447126436781609
2004-10-16 01:00:00,2.4672413793103445
2004-10-16 02:00:00,2.4873563218390804
2004-10-16 03:00:00,2.5074712643678163
2004-10-16 04:00:00,2.527586206896552
2004-10-16 05:00:00,2.5477011494252872
2004-10-16 06:00:00,2.5678160919540227
2004-10-16 07:00:00,2.5879310344827586
2004-10-16 08:00:00,2.608045977011494
2004-10-16 09:00:00,2.62816091954023
2004-10-16 10:00:00,2.6482758620689655
2004-10-16 11:00:00,2.668390804597701
2004-10-16 12:00:00,2.6885057471264364
2004-10-16 13:00:00,2.7086206896551723
2004-10-16 14:00:00,2.7287356321839082
2004-10-16 15:00:00,2.7488505747126437
2004-10-16 16:00:00,2.768965517241379
2004-10-16 17:00:00,2.7890804597701147
2004-10-16 18:00:00,2.8091954022988506
2004-10-16 19:00:00,2.829310344827586
2004-10-16 20:00:00,2.849425287356322
2004-10-16 21:00:00,2.8695402298850574
2004-10-16 22:00:00,2.889655172413793
2004-10-16 23:00:00,2.9097701149425284
2004-10-17 00:00:00,2.9298850574712643
2004-10-17 01:00:00,2.95
2004-10-17 02:00:00,2.9701149425287356
2004-10-17 03:00:00,2.990229885057471
2004-10-17 04:00:00,3.0103448275862066
2004-10-17 05:00:00,3.0304597701149425
2004-10-17 06:00:00,3.0505747126436784
2004-10-17 07:00:00,3.070689655172414
2004-10-17 08:00:00,3.0908045977011493
2004-10-17 09:00:00,3.110919540229885
2004-10-17 10:00:00,3.1310344827586203
2004-10-17 11:00:00,3.151149425287356
2004-10-17 12:00:00,3.171264367816092
2004-10-17 13:00:00,3.1913793103448276
2004-10-17 14:00:00,3.211494252873563
2004-10-17 15:00:00,3.2316091954022985
2004-10-17 16:00:00,3.251724137931034
2004-10-17 17:00:00,3.2718390804597703
2004-10-17 18:00:00,3.291954022988506
2004-10-17 19:00:00,3.3120689655172413
2004-10-17 20:00:00,3.3321839080459768
2004-10-17 21:00:00,3.352298850574712
2004-10-17 22:00:00,3.3724137931034486
2004-10-17 23:00:00,3.392528735632184
2004-10-18 00:00:00,3.4126436781609195
2004-10-18 01:00:00,3.432758620689655
2004-10-18 02:00:00,3.4528735632183905
2004-10-18 03:00:00,3.472988505747126
2004-10-18 04:00:00,3.4931034482758623
2004-10-18 05:00:00,3.5132183908045977
2004-10-18 06:00:00,3.533333333333333
2004-10-18 07:00:00,3.5534482758620687
2004-10-18 08:00:00,3.573563218390804
2004-10-18 09:00:00,3.5936781609195405
2004-10-18 10:00:00,3.613793103448276
2004-10-18 11:00:00,3.6339080459770114
2004-10-18 12:00:00,3.654022988505747
2004-10-18 13:00:00,3.6741379310344824
2004-10-18 14:00:00,3.6942528735632187
2004-10-18 15:00:00,3.714367816091954
2004-10-18 16:00:00,3.7344827586206897
2004-10-18 17:00:00,3.754597701149425
2004-10-18 18:00:00,3.7747126436781606
2004-10-18 19:00:00,3.794827586206896
2004-10-18 20:00:00,3.8149425287356324
2004-10-18 21:00:00,3.835057471264368
2004-10-18 22:00:00,3.8551724137931034
2004-10-18 23:00:00,3.875287356321839
2004-10-19 00:00:00,3.8954022988505743
2004-10-19 01:00:00,3.9155172413793107
2004-10-19 02:00:00,3.935632183908046
2004-10-19 03:00:00,3.9557471264367816
2004-10-19 04:00:00,3.975862068965517
2004-10-19 05:00:00,3.9959770114942526
2004-10-19 06:00:00,4.016091954022988
2004-10-19 07:00:00,4.036206896551724
2004-10-19 08:00:00,4.05632183908046
2004-10-19 09:00:00,4.076436781609195
2004-10-19 10:00:00,4.096551724137931
2004-10-19 11:00:00,4.116666666666666
2004-10-19 12:00:00,4.136781609195403
2004-10-19 13:00:00,4.156896551724138
2004-10-19 14:00:00,4.1770114942528735
2004-10-19 15:00:00,4.197126436781609
2004-10-19 16:00:00,4.2172413793103445
2004-10-19 17:00:00,4.23735632183908
2004-10-19 18:00:00,4.257471264367816
2004-10-19 19:00:00,4.277586206896552
2004-10-19 20:00:00,4.297701149425287
2004-10-19 21:00:00,4.317816091954023
2004-10-19 22:00:00,4.337931034482758
2004-10-19 23:00:00,4.3580459770114945
2004-10-20 00:00:00,4.37816091954023
2004-10-20 01:00:00,4.3982758620689655
2004-10-20 02:00:00,4.418390804597701
2004-10-20 03:00:00,4.438505747126436
2004-10-20 04:00:00,4.458620689655172
2004-10-20 05:00:00,4.478735632183908
2004-10-20 06:00:00,4.498850574712644
2004-10-20 07:00:00,4.518965517241379
2004-10-20 08:00:00,4.539080459770115
2004-10-20 09:00:00,4.55919540229885
2004-10-20 10:00:00,4.5793103448275865
2004-10-20 11:00:00,4.599425287356322
2004-10-20 12:00:00,4.619540229885057
2004-10-20 13:00:00,4.639655172413793
2004-10-20 14:00:00,4.659770114942528
2004-10-20 15:00:00,4.679885057471265
2004-10-20 16:00:00,4.7
2004-10-20 17:00:00,8.0
2004-10-20 18:00:00,7.7
2004-10-20 19:00:00,6.8
2004-10-20 20:00:00,6.0
2004-10-20 21:00:00,4.7
2004-10-20 22:00:00,3.4
2004-10-20 23:00:00,3.9
2004-10-21 00:00:00,4.4
2004-10-21 01:00:00,3.3
2004-10-21 02:00:00,2.0
2004-10-21 03:00:00,1.5
2004-10-21 04:00:00,1.15
2004-10-21 05:00:00,0.8
2004-10-21 06:00:00,1.3
2004-10-21 07:00:00,2.7
2004-10-21 08:00:00,3.6
2004-10-21 09:00:00,3.6
2004-10-21 10:00:00,2.6
2004-10-21 11:00:00,2.0
2004-10-21 12:00:00,3.3
2004-10-21 13:00:00,2.6
2004-10-21 14:00:00,2.1
2004-10-21 15:00:00,2.9
2004-10-21 16:00:00,3.0
2004-10-21 17:00:00,3.2
2004-10-21 18:00:00,4.4
2004-10-21 19:00:00,6.0
2004-10-21 20:00:00,5.0
2004-10-21 21:00:00,4.3
2004-10-21 22:00:00,4.3
2004-10-21 23:00:00,4.2
2004-10-22 00:00:00,2.2
2004-10-22 01:00:00,1.3
2004-10-22 02:00:00,1.0
2004-10-22 03:00:00,0.7
2004-10-22 04:00:00,0.8
2004-10-22 05:00:00,0.9
2004-10-22 06:00:00,1.0
2004-10-22 07:00:00,2.8
2004-10-22 08:00:00,4.1
2004-10-22 09:00:00,2.9
2004-10-22 10:00:00,2.7
2004-10-22 11:00:00,2.1
2004-10-22 12:00:00,2.4
2004-10-22 13:00:00,3.8
2004-10-22 14:00:00,3.7
2004-10-22 15:00:00,3.7
2004-10-22 16:00:00,5.5
2004-10-22 17:00:00,5.4
2004-10-22 18:00:00,8.4
2004-10-22 19:00:00,6.8
2004-10-22 20:00:00,4.5
2004-10-22 21:00:00,2.5
2004-10-22 22:00:00,1.6
2004-10-22 23:00:00,1.7
2004-10-23 00:00:00,1.7
2004-10-23 01:00:00,1.1
2004-10-23 02:00:00,1.0
2004-10-23 03:00:00,0.8
2004-10-23 04:00:00,0.75
2004-10-23 05:00:00,0.7
2004-10-23 06:00:00,1.2
2004-10-23 07:00:00,2.3
2004-10-23 08:00:00,3.0
2004-10-23 09:00:00,3.3
2004-10-23 10:00:00,2.8
2004-10-23 11:00:00,3.0
2004-10-23 12:00:00,3.4
2004-10-23 13:00:00,3.0
2004-10-23 14:00:00,2.3
2004-10-23 15:00:00,3.1
2004-10-23 16:00:00,3.0
2004-10-23 17:00:00,3.3
2004-10-23 18:00:00,4.0
2004-10-23 19:00:00,4.6
2004-10-23 20:00:00,4.1
2004-10-23 21:00:00,2.3
2004-10-23 22:00:00,2.6
2004-10-23 23:00:00,2.6
2004-10-24 00:00:00,2.9
2004-10-24 01:00:00,2.1
2004-10-24 02:00:00,2.1
2004-10-24 03:00:00,1.5
2004-10-24 04:00:00,1.45
2004-10-24 05:00:00,1.4
2004-10-24 06:00:00,1.2
2004-10-24 07:00:00,1.5
2004-10-24 08:00:00,0.9
2004-10-24 09:00:00,1.4
2004-10-24 10:00:00,2.1
2004-10-24 11:00:00,1.6
2004-10-24 12:00:00,1.5
2004-10-24 13:00:00,1.1
2004-10-24 14:00:00,1.4
2004-10-24 15:00:00,2.0
2004-10-24 16:00:00,2.0
2004-10-24 17:00:00,2.5
2004-10-24 18:00:00,4.3
2004-10-24 19:00:00,5.2
2004-10-24 20:00:00,3.4
2004-10-24 21:00:00,1.3
2004-10-24 22:00:00,1.2
2004-10-24 23:00:00,1.7
2004-10-25 00:00:00,1.7
2004-10-25 01:00:00,1.4
2004-10-25 02:00:00,0.9
2004-10-25 03:00:00,0.7
2004-10-25 04:00:00,0.8
2004-10-25 05:00:00,0.9
2004-10-25 06:00:00,1.2
2004-10-25 07:00:00,3.2
2004-10-25 08:00:00,4.4
2004-10-25 09:00:00,3.5
2004-10-25 10:00:00,3.2
2004-10-25 11:00:00,3.0
2004-10-25 12:00:00,3.5
2004-10-25 13:00:00,4.0
2004-10-25 14:00:00,3.8
2004-10-25 15:00:00,4.2
2004-10-25 16:00:00,5.0
2004-10-25 17:00:00,7.9
2004-10-25 18:00:00,8.4
2004-10-25 19:00:00,8.0
2004-10-25 20:00:00,6.4
2004-10-25 21:00:00,3.5
2004-10-25 22:00:00,3.5
2004-10-25 23:00:00,1.9
2004-10-26 00:00:00,2.2
2004-10-26 01:00:00,1.6
2004-10-26 02:00:00,1.0
2004-10-26 03:00:00,1.0
2004-10-26 04:00:00,0.95
2004-10-26 05:00:00,0.9
2004-10-26 06:00:00,1.4
2004-10-26 07:00:00,3.0
2004-10-26 08:00:00,4.5
2004-10-26 09:00:00,3.8
2004-10-26 10:00:00,3.4
2004-10-26 11:00:00,3.5
2004-10-26 12:00:00,4.4
2004-10-26 13:00:00,4.0
2004-10-26 14:00:00,4.5
2004-10-26 15:00:00,5.3
2004-10-26 16:00:00,5.8
2004-10-26 17:00:00,8.4
2004-10-26 18:00:00,9.5
2004-10-26 19:00:00,6.2
2004-10-26 20:00:00,5.0
2004-10-26 21:00:00,2.1
2004-10-26 22:00:00,1.4
2004-10-26 23:00:00,1.6
2004-10-27 00:00:00,2.0
2004-10-27 01:00:00,1.2
2004-10-27 02:00:00,0.8
2004-10-27 03:00:00,0.6
2004-10-27 04:00:00,0.6499999999999999
2004-10-27 05:00:00,0.7
2004-10-27 06:00:00,1.7
2004-10-27 07:00:00,3.4
2004-10-27 08:00:00,4.9
2004-10-27 09:00:00,2.7
2004-10-27 10:00:00,3.2
2004-10-27 11:00:00,2.7
2004-10-27 12:00:00,3.2
2004-10-27 13:00:00,4.1
2004-10-27 14:00:00,3.6
2004-10-27 15:00:00,2.8
2004-10-27 16:00:00,2.1
2004-10-27 17:00:00,2.4
2004-10-27 18:00:00,3.6
2004-10-27 19:00:00,2.6
2004-10-27 20:00:00,2.8
2004-10-27 21:00:00,1.4
2004-10-27 22:00:00,1.1
2004-10-27 23:00:00,1.3
2004-10-28 00:00:00,0.9
2004-10-28 01:00:00,1.0
2004-10-28 02:00:00,0.9
2004-10-28 03:00:00,0.7
2004-10-28 04:00:00,0.75
2004-10-28 05:00:00,0.8
2004-10-28 06:00:00,1.6
2004-10-28 07:00:00,3.4
2004-10-28 08:00:00,4.4
2004-10-28 09:00:00,3.5
2004-10-28 10:00:00,3.4
2004-10-28 11:00:00,2.4
2004-10-28 12:00:00,2.3
2004-10-28 13:00:00,2.6
2004-10-28 14:00:00,2.9
2004-10-28 15:00:00,4.4
2004-10-28 16:00:00,5.0
2004-10-28 17:00:00,6.5
2004-10-28 18:00:00,5.9
2004-10-28 19:00:00,2.7
2004-10-28 20:00:00,2.5
2004-10-28 21:00:00,1.5
2004-10-28 22:00:00,1.0
2004-10-28 23:00:00,1.2
2004-10-29 00:00:00,1.0
2004-10-29 01:00:00,0.8
2004-10-29 02:00:00,0.6
2004-10-29 03:00:00,0.6
2004-10-29 04:00:00,0.8500000000000001
2004-10-29 05:00:00,1.1
2004-10-29 06:00:00,1.3
2004-10-29 07:00:00,2.9
2004-10-29 08:00:00,3.7
2004-10-29 09:00:00,3.0
2004-10-29 10:00:00,1.4
2004-10-29 11:00:00,2.6
2004-10-29 12:00:00,4.2
2004-10-29 13:00:00,5.1
2004-10-29 14:00:00,5.5
2004-10-29 15:00:00,4.5
2004-10-29 16:00:00,2.7
2004-10-29 17:00:00,3.1
2004-10-29 18:00:00,4.2
2004-10-29 19:00:00,3.1
2004-10-29 20:00:00,1.7
2004-10-29 21:00:00,1.8
2004-10-29 22:00:00,1.7
2004-10-29 23:00:00,2.1
2004-10-30 00:00:00,2.4
2004-10-30 01:00:00,1.8
2004-10-30 02:00:00,1.5
2004-10-30 03:00:00,1.4
2004-10-30 04:00:00,1.2
2004-10-30 05:00:00,1.0
2004-10-30 06:00:00,1.4
2004-10-30 07:00:00,2.4
2004-10-30 08:00:00,3.1
2004-10-30 09:00:00,3.0
2004-10-30 10:00:00,2.7
2004-10-30 11:00:00,4.0
2004-10-30 12:00:00,3.7
2004-10-30 13:00:00,3.4
2004-10-30 14:00:00,3.4
2004-10-30 15:00:00,3.2
2004-10-30 16:00:00,3.9
2004-10-30 17:00:00,3.7
2004-10-30 18:00:00,4.3
2004-10-30 19:00:00,4.9
2004-10-30 20:00:00,4.0
2004-10-30 21:00:00,2.8
2004-10-30 22:00:00,2.4
2004-10-30 23:00:00,1.9
2004-10-31 00:00:00,2.0
2004-10-31 01:00:00,1.5
2004-10-31 02:00:00,1.3
2004-10-31 03:00:00,1.0
2004-10-31 04:00:00,0.75
2004-10-31 05:00:00,0.5
2004-10-31 06:00:00,0.4
2004-10-31 07:00:00,0.4
2004-10-31 08:00:00,0.9
2004-10-31 09:00:00,1.3
2004-10-31 10:00:00,2.1
2004-10-31 11:00:00,2.4
2004-10-31 12:00:00,2.0
2004-10-31 13:00:00,1.8
2004-10-31 14:00:00,1.5
2004-10-31 15:00:00,1.6
2004-10-31 16:00:00,2.2
2004-10-31 17:00:00,2.3
2004-10-31 18:00:00,6.6
2004-10-31 19:00:00,4.7
2004-10-31 20:00:00,4.1
2004-10-31 21:00:00,4.1
2004-10-31 22:00:00,2.7
2004-10-31 23:00:00,2.6
2004-11-01 00:00:00,3.2
2004-11-01 01:00:00,3.7
2004-11-01 02:00:00,3.5
2004-11-01 03:00:00,3.0
2004-11-01 04:00:00,2.85
2004-11-01 05:00:00,2.7
2004-11-01 06:00:00,1.8
2004-11-01 07:00:00,1.3
2004-11-01 08:00:00,1.5
2004-11-01 09:00:00,1.9
2004-11-01 10:00:00,2.2
2004-11-01 11:00:00,2.6
2004-11-01 12:00:00,2.7
2004-11-01 13:00:00,2.5
2004-11-01 14:00:00,1.5
2004-11-01 15:00:00,2.0
2004-11-01 16:00:00,3.1
2004-11-01 17:00:00,3.7
2004-11-01 18:00:00,4.0
2004-11-01 19:00:00,4.1
2004-11-01 20:00:00,3.1
2004-11-01 21:00:00,3.2
2004-11-01 22:00:00,3.2
2004-11-01 23:00:00,2.7
2004-11-02 00:00:00,2.3
2004-11-02 01:00:00,1.6
2004-11-02 02:00:00,1.1
2004-11-02 03:00:00,0.7
2004-11-02 04:00:00,0.6499999999999999
2004-11-02 05:00:00,0.6
2004-11-02 06:00:00,0.5
2004-11-02 07:00:00,1.5
2004-11-02 08:00:00,3.4
2004-11-02 09:00:00,4.4
2004-11-02 10:00:00,4.4
2004-11-02 11:00:00,5.8
2004-11-02 12:00:00,4.9
2004-11-02 13:00:00,5.1
2004-11-02 14:00:00,7.5
2004-11-02 15:00:00,5.8
2004-11-02 16:00:00,5.9
2004-11-02 17:00:00,6.8
2004-11-02 18:00:00,7.9
2004-11-02 19:00:00,8.0
2004-11-02 20:00:00,9.2
2004-11-02 21:00:00,5.9
2004-11-02 22:00:00,3.7
2004-11-02 23:00:00,2.6
2004-11-03 00:00:00,1.1
2004-11-03 01:00:00,2.6
2004-11-03 02:00:00,2.2
2004-11-03 03:00:00,0.9
2004-11-03 04:00:00,0.7
2004-11-03 05:00:00,0.5
2004-11-03 06:00:00,0.7
2004-11-03 07:00:00,1.3
2004-11-03 08:00:00,2.2
2004-11-03 09:00:00,3.7
2004-11-03 10:00:00,3.7
2004-11-03 11:00:00,3.4
2004-11-03 12:00:00,3.4
2004-11-03 13:00:00,2.6
2004-11-03 14:00:00,2.5
2004-11-03 15:00:00,2.5
2004-11-03 16:00:00,2.7
2004-11-03 17:00:00,3.2
2004-11-03 18:00:00,3.7
2004-11-03 19:00:00,4.6
2004-11-03 20:00:00,3.3
2004-11-03 21:00:00,2.4
2004-11-03 22:00:00,2.8
2004-11-03 23:00:00,2.7
2004-11-04 00:00:00,1.8
2004-11-04 01:00:00,1.1
2004-11-04 02:00:00,1.2
2004-11-04 03:00:00,0.8
2004-11-04 04:00:00,0.6
2004-11-04 05:00:00,0.5
2004-11-04 06:00:00,0.7
2004-11-04 07:00:00,0.8
2004-11-04 08:00:00,3.5
2004-11-04 09:00:00,3.6
2004-11-04 10:00:00,4.166666666666667
2004-11-04 11:00:00,4.733333333333333
2004-11-04 12:00:00,5.3
2004-11-04 13:00:00,5.866666666666667
2004-11-04 14:00:00,6.433333333333334
2004-11-04 15:00:00,7.0
2004-11-04 16:00:00,7.566666666666666
2004-11-04 17:00:00,8.133333333333333
2004-11-04 18:00:00,8.7
2004-11-04 19:00:00,5.8
2004-11-04 20:00:00,4.3
2004-11-04 21:00:00,3.6
2004-11-04 22:00:00,3.9
2004-11-04 23:00:00,2.4
2004-11-05 00:00:00,1.6
2004-11-05 01:00:00,1.8
2004-11-05 02:00:00,1.5
2004-11-05 03:00:00,0.7
2004-11-05 04:00:00,0.5
2004-11-05 05:00:00,0.4
2004-11-05 06:00:00,0.5
2004-11-05 07:00:00,0.8
2004-11-05 08:00:00,2.0
2004-11-05 09:00:00,6.2
2004-11-05 10:00:00,4.5
2004-11-05 11:00:00,4.6
2004-11-05 12:00:00,3.3
2004-11-05 13:00:00,3.6
2004-11-05 14:00:00,4.4
2004-11-05 15:00:00,4.3
2004-11-05 16:00:00,5.0
2004-11-05 17:00:00,8.1
2004-11-05 18:00:00,8.0
2004-11-05 19:00:00,3.6
2004-11-05 20:00:00,2.9
2004-11-05 21:00:00,2.7
2004-11-05 22:00:00,1.9
2004-11-05 23:00:00,1.3
2004-11-06 00:00:00,1.2
2004-11-06 01:00:00,1.8
2004-11-06 02:00:00,1.9
2004-11-06 03:00:00,1.5
2004-11-06 04:00:00,0.9
2004-11-06 05:00:00,0.5
2004-11-06 06:00:00,0.6
2004-11-06 07:00:00,1.1
2004-11-06 08:00:00,2.8
2004-11-06 09:00:00,2.9
2004-11-06 10:00:00,1.7
2004-11-06 11:00:00,2.3
2004-11-06 12:00:00,3.3
2004-11-06 13:00:00,3.5
2004-11-06 14:00:00,3.8
2004-11-06 15:00:00,3.4
2004-11-06 16:00:00,3.8
2004-11-06 17:00:00,3.6
2004-11-06 18:00:00,3.5
2004-11-06 19:00:00,2.8
2004-11-06 20:00:00,2.5
2004-11-06 21:00:00,3.1
2004-11-06 22:00:00,1.8
2004-11-06 23:00:00,1.6
2004-11-07 00:00:00,1.9
2004-11-07 01:00:00,2.0
2004-11-07 02:00:00,1.4
2004-11-07 03:00:00,1.2
2004-11-07 04:00:00,0.95
2004-11-07 05:00:00,0.7
2004-11-07 06:00:00,0.4
2004-11-07 07:00:00,0.4
2004-11-07 08:00:00,0.5
2004-11-07 09:00:00,0.7
2004-11-07 10:00:00,0.7
2004-11-07 11:00:00,0.7
2004-11-07 12:00:00,1.0
2004-11-07 13:00:00,1.0
2004-11-07 14:00:00,0.9
2004-11-07 15:00:00,0.9
2004-11-07 16:00:00,0.9
2004-11-07 17:00:00,1.1
2004-11-07 18:00:00,3.2
2004-11-07 19:00:00,3.1
2004-11-07 20:00:00,3.1
2004-11-07 21:00:00,2.3
2004-11-07 22:00:00,1.8
2004-11-07 23:00:00,0.8
2004-11-08 00:00:00,0.9
2004-11-08 01:00:00,0.8
2004-11-08 02:00:00,0.7
2004-11-08 03:00:00,0.4
2004-11-08 04:00:00,0.2
2004-11-08 05:00:00,0.2
2004-11-08 06:00:00,0.3
2004-11-08 07:00:00,0.7
2004-11-08 08:00:00,1.7
2004-11-08 09:00:00,1.8
2004-11-08 10:00:00,1.5
2004-11-08 11:00:00,1.3
2004-11-08 12:00:00,1.2
2004-11-08 13:00:00,1.3
2004-11-08 14:00:00,1.8
2004-11-08 15:00:00,1.7
2004-11-08 16:00:00,2.2
2004-11-08 17:00:00,3.2
2004-11-08 18:00:00,5.9
2004-11-08 19:00:00,6.6
2004-11-08 20:00:00,6.375
2004-11-08 21:00:00,6.1499999999999995
2004-11-08 22:00:00,5.925
2004-11-08 23:00:00,5.699999999999999
2004-11-09 00:00:00,5.475
2004-11-09 01:00:00,5.25
2004-11-09 02:00:00,5.0249999999999995
2004-11-09 03:00:00,4.8
2004-11-09 04:00:00,4.574999999999999
2004-11-09 05:00:00,4.35
2004-11-09 06:00:00,4.125
2004-11-09 07:00:00,3.8999999999999995
2004-11-09 08:00:00,3.6749999999999994
2004-11-09 09:00:00,3.4499999999999997
2004-11-09 10:00:00,3.2249999999999996
2004-11-09 11:00:00,2.9999999999999996
2004-11-09 12:00:00,2.7749999999999995
2004-11-09 13:00:00,2.55
2004-11-09 14:00:00,2.3249999999999993
2004-11-09 15:00:00,2.1
2004-11-09 16:00:00,1.5
2004-11-09 17:00:00,1.6
2004-11-09 18:00:00,3.5
2004-11-09 19:00:00,4.6
2004-11-09 20:00:00,4.7
2004-11-09 21:00:00,3.0
2004-11-09 22:00:00,1.5
2004-11-09 23:00:00,0.9
2004-11-10 00:00:00,0.8
2004-11-10 01:00:00,0.7
2004-11-10 02:00:00,0.6
2004-11-10 03:00:00,0.3
2004-11-10 04:00:00,0.2
2004-11-10 05:00:00,0.2
2004-11-10 06:00:00,0.3
2004-11-10 07:00:00,0.5
2004-11-10 08:00:00,1.4
2004-11-10 09:00:00,2.0
2004-11-10 10:00:00,1.6
2004-11-10 11:00:00,1.3
2004-11-10 12:00:00,1.4
2004-11-10 13:00:00,1.9
2004-11-10 14:00:00,2.7
2004-11-10 15:00:00,2.1
2004-11-10 16:00:00,2.4
2004-11-10 17:00:00,2.7
2004-11-10 18:00:00,2.5
2004-11-10 19:00:00,3.7
2004-11-10 20:00:00,4.6
2004-11-10 21:00:00,3.9
2004-11-10 22:00:00,2.2
2004-11-10 23:00:00,2.7
2004-11-11 00:00:00,2.6
2004-11-11 01:00:00,2.1
2004-11-11 02:00:00,1.4
2004-11-11 03:00:00,1.2
2004-11-11 04:00:00,1.1
2004-11-11 05:00:00,1.1
2004-11-11 06:00:00,1.1
2004-11-11 07:00:00,1.5
2004-11-11 08:00:00,3.1
2004-11-11 09:00:00,6.8
2004-11-11 10:00:00,5.4
2004-11-11 11:00:00,4.5
2004-11-11 12:00:00,3.0
2004-11-11 13:00:00,2.8
2004-11-11 14:00:00,3.9
2004-11-11 15:00:00,3.4
2004-11-11 16:00:00,3.2
2004-11-11 17:00:00,2.8
2004-11-11 18:00:00,3.9
2004-11-11 19:00:00,3.5
2004-11-11 20:00:00,4.7
2004-11-11 21:00:00,4.6
2004-11-11 22:00:00,1.2
2004-11-11 23:00:00,1.1
2004-11-12 00:00:00,1.2
2004-11-12 01:00:00,1.6
2004-11-12 02:00:00,0.7
2004-11-12 03:00:00,0.4
2004-11-12 04:00:00,0.5
2004-11-12 05:00:00,0.6
2004-11-12 06:00:00,0.5
2004-11-12 07:00:00,0.6
2004-11-12 08:00:00,1.4
2004-11-12 09:00:00,2.0
2004-11-12 10:00:00,1.6
2004-11-12 11:00:00,1.6
2004-11-12 12:00:00,1.7
2004-11-12 13:00:00,2.0
2004-11-12 14:00:00,2.3
2004-11-12 15:00:00,2.4
2004-11-12 16:00:00,2.2
2004-11-12 17:00:00,2.6
2004-11-12 18:00:00,4.0
2004-11-12 19:00:00,5.2
2004-11-12 20:00:00,3.9
2004-11-12 21:00:00,3.8
2004-11-12 22:00:00,1.6
2004-11-12 23:00:00,1.5
2004-11-13 00:00:00,1.6
2004-11-13 01:00:00,1.5
2004-11-13 02:00:00,1.0
2004-11-13 03:00:00,0.8
2004-11-13 04:00:00,1.3
2004-11-13 05:00:00,1.0
2004-11-13 06:00:00,1.0
2004-11-13 07:00:00,0.9
2004-11-13 08:00:00,2.1
2004-11-13 09:00:00,2.1
2004-11-13 10:00:00,3.1
2004-11-13 11:00:00,3.8
2004-11-13 12:00:00,3.7
2004-11-13 13:00:00,3.6
2004-11-13 14:00:00,3.3
2004-11-13 15:00:00,2.1
2004-11-13 16:00:00,2.3
2004-11-13 17:00:00,2.1
2004-11-13 18:00:00,1.9
2004-11-13 19:00:00,1.9
2004-11-13 20:00:00,2.3
2004-11-13 21:00:00,1.7
2004-11-13 22:00:00,0.8
2004-11-13 23:00:00,0.8
2004-11-14 00:00:00,0.8
2004-11-14 01:00:00,0.8
2004-11-14 02:00:00,0.6
2004-11-14 03:00:00,0.4
2004-11-14 04:00:00,0.3
2004-11-14 05:00:00,0.3
2004-11-14 06:00:00,0.2
2004-11-14 07:00:00,0.2
2004-11-14 08:00:00,0.3
2004-11-14 09:00:00,0.3
2004-11-14 10:00:00,0.4
2004-11-14 11:00:00,0.4
2004-11-14 12:00:00,0.6
2004-11-14 13:00:00,0.6
2004-11-14 14:00:00,0.6
2004-11-14 15:00:00,0.5
2004-11-14 16:00:00,0.6
2004-11-14 17:00:00,0.7
2004-11-14 18:00:00,1.4
2004-11-14 19:00:00,1.2
2004-11-14 20:00:00,1.1
2004-11-14 21:00:00,1.0
2004-11-14 22:00:00,0.6
2004-11-14 23:00:00,0.8
2004-11-15 00:00:00,0.6
2004-11-15 01:00:00,0.5
2004-11-15 02:00:00,0.3
2004-11-15 03:00:00,0.2
2004-11-15 04:00:00,0.25
2004-11-15 05:00:00,0.3
2004-11-15 06:00:00,0.4
2004-11-15 07:00:00,0.7
2004-11-15 08:00:00,2.0
2004-11-15 09:00:00,2.4
2004-11-15 10:00:00,1.8
2004-11-15 11:00:00,1.6
2004-11-15 12:00:00,1.7
2004-11-15 13:00:00,1.8
2004-11-15 14:00:00,1.7
2004-11-15 15:00:00,1.7
2004-11-15 16:00:00,1.7
2004-11-15 17:00:00,2.6
2004-11-15 18:00:00,4.0
2004-11-15 19:00:00,3.8
2004-11-15 20:00:00,4.0
2004-11-15 21:00:00,2.4
2004-11-15 22:00:00,1.4
2004-11-15 23:00:00,1.3
2004-11-16 00:00:00,1.3
2004-11-16 01:00:00,1.0
2004-11-16 02:00:00,0.8
2004-11-16 03:00:00,0.6
2004-11-16 04:00:00,0.4
2004-11-16 05:00:00,0.5
2004-11-16 06:00:00,0.5
2004-11-16 07:00:00,0.9
2004-11-16 08:00:00,3.5
2004-11-16 09:00:00,5.2
2004-11-16 10:00:00,4.3
2004-11-16 11:00:00,3.5
2004-11-16 12:00:00,2.6
2004-11-16 13:00:00,2.5
2004-11-16 14:00:00,2.8
2004-11-16 15:00:00,2.2
2004-11-16 16:00:00,2.4
2004-11-16 17:00:00,3.5
2004-11-16 18:00:00,4.2
2004-11-16 19:00:00,3.1
2004-11-16 20:00:00,3.2
2004-11-16 21:00:00,2.8
2004-11-16 22:00:00,2.2
2004-11-16 23:00:00,1.8
2004-11-17 00:00:00,1.7
2004-11-17 01:00:00,1.6
2004-11-17 02:00:00,1.1
2004-11-17 03:00:00,0.8
2004-11-17 04:00:00,0.7
2004-11-17 05:00:00,0.8
2004-11-17 06:00:00,0.9
2004-11-17 07:00:00,1.2
2004-11-17 08:00:00,3.3
2004-11-17 09:00:00,3.8
2004-11-17 10:00:00,3.2
2004-11-17 11:00:00,3.2
2004-11-17 12:00:00,3.2
2004-11-17 13:00:00,4.2
2004-11-17 14:00:00,4.3
2004-11-17 15:00:00,4.0
2004-11-17 16:00:00,4.1
2004-11-17 17:00:00,7.8
2004-11-17 18:00:00,10.2
2004-11-17 19:00:00,6.6
2004-11-17 20:00:00,4.3
2004-11-17 21:00:00,4.9
2004-11-17 22:00:00,2.6
2004-11-17 23:00:00,2.3
2004-11-18 00:00:00,2.7
2004-11-18 01:00:00,2.2
2004-11-18 02:00:00,2.0
2004-11-18 03:00:00,1.3
2004-11-18 04:00:00,1.2
2004-11-18 05:00:00,1.1
2004-11-18 06:00:00,1.4
2004-11-18 07:00:00,2.1
2004-11-18 08:00:00,4.5
2004-11-18 09:00:00,5.6
2004-11-18 10:00:00,5.6
2004-11-18 11:00:00,4.7
2004-11-18 12:00:00,4.2
2004-11-18 13:00:00,3.6
2004-11-18 14:00:00,3.2
2004-11-18 15:00:00,3.1
2004-11-18 16:00:00,3.8
2004-11-18 17:00:00,3.9
2004-11-18 18:00:00,4.6
2004-11-18 19:00:00,4.9
2004-11-18 20:00:00,5.4
2004-11-18 21:00:00,4.3
2004-11-18 22:00:00,3.1
2004-11-18 23:00:00,2.5
2004-11-19 00:00:00,2.4
2004-11-19 01:00:00,1.9
2004-11-19 02:00:00,1.3
2004-11-19 03:00:00,1.2
2004-11-19 04:00:00,1.1
2004-11-19 05:00:00,0.9
2004-11-19 06:00:00,1.0
2004-11-19 07:00:00,1.6
2004-11-19 08:00:00,4.8
2004-11-19 09:00:00,5.9
2004-11-19 10:00:00,5.6
2004-11-19 11:00:00,3.5
2004-11-19 12:00:00,2.8
2004-11-19 13:00:00,3.6
2004-11-19 14:00:00,4.8
2004-11-19 15:00:00,5.0
2004-11-19 16:00:00,5.6
2004-11-19 17:00:00,7.5
2004-11-19 18:00:00,7.2
2004-11-19 19:00:00,8.3
2004-11-19 20:00:00,8.6
2004-11-19 21:00:00,4.3
2004-11-19 22:00:00,2.6
2004-11-19 23:00:00,2.6
2004-11-20 00:00:00,2.7
2004-11-20 01:00:00,2.7
2004-11-20 02:00:00,2.6
2004-11-20 03:00:00,2.4
2004-11-20 04:00:00,1.5
2004-11-20 05:00:00,0.6
2004-11-20 06:00:00,0.7
2004-11-20 07:00:00,1.2
2004-11-20 08:00:00,2.0
2004-11-20 09:00:00,2.8
2004-11-20 10:00:00,2.9
2004-11-20 11:00:00,2.2
2004-11-20 12:00:00,1.6
2004-11-20 13:00:00,1.5
2004-11-20 14:00:00,1.9
2004-11-20 15:00:00,1.5
2004-11-20 16:00:00,1.8
2004-11-20 17:00:00,3.4
2004-11-20 18:00:00,4.6
2004-11-20 19:00:00,1.6
2004-11-20 20:00:00,1.2
2004-11-20 21:00:00,1.2
2004-11-20 22:00:00,0.9
2004-11-20 23:00:00,0.7
2004-11-21 00:00:00,2.5
2004-11-21 01:00:00,1.5
2004-11-21 02:00:00,0.5
2004-11-21 03:00:00,0.3
2004-11-21 04:00:00,0.5
2004-11-21 05:00:00,0.1
2004-11-21 06:00:00,0.2
2004-11-21 07:00:00,0.2
2004-11-21 08:00:00,0.2
2004-11-21 09:00:00,0.5
2004-11-21 10:00:00,0.4
2004-11-21 11:00:00,0.8
2004-11-21 12:00:00,1.5
2004-11-21 13:00:00,1.9
2004-11-21 14:00:00,1.1
2004-11-21 15:00:00,0.3
2004-11-21 16:00:00,0.9
2004-11-21 17:00:00,2.1
2004-11-21 18:00:00,2.4
2004-11-21 19:00:00,1.6
2004-11-21 20:00:00,1.1
2004-11-21 21:00:00,1.3
2004-11-21 22:00:00,0.8
2004-11-21 23:00:00,1.0
2004-11-22 00:00:00,0.3
2004-11-22 01:00:00,1.0
2004-11-22 02:00:00,0.4
2004-11-22 03:00:00,0.1
2004-11-22 04:00:00,0.1
2004-11-22 05:00:00,0.1
2004-11-22 06:00:00,0.1
2004-11-22 07:00:00,0.4
2004-11-22 08:00:00,2.4
2004-11-22 09:00:00,3.1
2004-11-22 10:00:00,3.1
2004-11-22 11:00:00,2.7
2004-11-22 12:00:00,2.3
2004-11-22 13:00:00,3.0
2004-11-22 14:00:00,3.6
2004-11-22 15:00:00,3.1
2004-11-22 16:00:00,3.5
2004-11-22 17:00:00,4.0
2004-11-22 18:00:00,6.3
2004-11-22 19:00:00,6.9
2004-11-22 20:00:00,6.5
2004-11-22 21:00:00,3.3
2004-11-22 22:00:00,2.4
2004-11-22 23:00:00,1.7
2004-11-23 00:00:00,1.3
2004-11-23 01:00:00,1.1
2004-11-23 02:00:00,0.8
2004-11-23 03:00:00,0.3
2004-11-23 04:00:00,0.8
2004-11-23 05:00:00,1.3
2004-11-23 06:00:00,1.4
2004-11-23 07:00:00,2.1
2004-11-23 08:00:00,4.5
2004-11-23 09:00:00,5.7
2004-11-23 10:00:00,6.6
2004-11-23 11:00:00,5.0
2004-11-23 12:00:00,5.3
2004-11-23 13:00:00,5.4
2004-11-23 14:00:00,7.3
2004-11-23 15:00:00,5.1
2004-11-23 16:00:00,5.3
2004-11-23 17:00:00,7.3
2004-11-23 18:00:00,10.2
2004-11-23 19:00:00,11.9
2004-11-23 20:00:00,11.5
2004-11-23 21:00:00,8.3
2004-11-23 22:00:00,4.7
2004-11-23 23:00:00,4.0
2004-11-24 00:00:00,3.9
2004-11-24 01:00:00,2.8
2004-11-24 02:00:00,2.3
2004-11-24 03:00:00,1.8
2004-11-24 04:00:00,1.4
2004-11-24 05:00:00,1.0
2004-11-24 06:00:00,1.0
2004-11-24 07:00:00,1.8
2004-11-24 08:00:00,3.8
2004-11-24 09:00:00,4.2
2004-11-24 10:00:00,3.6
2004-11-24 11:00:00,3.3
2004-11-24 12:00:00,2.0
2004-11-24 13:00:00,2.0
2004-11-24 14:00:00,2.9
2004-11-24 15:00:00,2.7
2004-11-24 16:00:00,3.4
2004-11-24 17:00:00,4.5
2004-11-24 18:00:00,6.1
2004-11-24 19:00:00,6.8
2004-11-24 20:00:00,8.4
2004-11-24 21:00:00,5.3
2004-11-24 22:00:00,4.5
2004-11-24 23:00:00,4.1
2004-11-25 00:00:00,4.0
2004-11-25 01:00:00,4.0
2004-11-25 02:00:00,3.0
2004-11-25 03:00:00,2.1
2004-11-25 04:00:00,2.2
2004-11-25 05:00:00,2.2
2004-11-25 06:00:00,2.0
2004-11-25 07:00:00,2.2
2004-11-25 08:00:00,4.0
2004-11-25 09:00:00,4.8
2004-11-25 10:00:00,4.6
2004-11-25 11:00:00,2.8
2004-11-25 12:00:00,2.1
2004-11-25 13:00:00,2.0
2004-11-25 14:00:00,2.5
2004-11-25 15:00:00,2.5
2004-11-25 16:00:00,2.8
2004-11-25 17:00:00,4.0
2004-11-25 18:00:00,4.5
2004-11-25 19:00:00,3.1
2004-11-25 20:00:00,2.6
2004-11-25 21:00:00,2.6
2004-11-25 22:00:00,2.0
2004-11-25 23:00:00,1.8
2004-11-26 00:00:00,2.5
2004-11-26 01:00:00,2.3
2004-11-26 02:00:00,2.1
2004-11-26 03:00:00,1.5
2004-11-26 04:00:00,1.35
2004-11-26 05:00:00,1.2
2004-11-26 06:00:00,1.0
2004-11-26 07:00:00,1.7
2004-11-26 08:00:00,4.3
2004-11-26 09:00:00,5.8
2004-11-26 10:00:00,5.6
2004-11-26 11:00:00,4.0
2004-11-26 12:00:00,4.0
2004-11-26 13:00:00,4.9
2004-11-26 14:00:00,5.6
2004-11-26 15:00:00,5.1
2004-11-26 16:00:00,6.2
2004-11-26 17:00:00,7.7
2004-11-26 18:00:00,10.1
2004-11-26 19:00:00,6.4
2004-11-26 20:00:00,7.7
2004-11-26 21:00:00,8.1
2004-11-26 22:00:00,4.7
2004-11-26 23:00:00,4.3
2004-11-27 00:00:00,4.1
2004-11-27 01:00:00,4.2
2004-11-27 02:00:00,3.8
2004-11-27 03:00:00,2.7
2004-11-27 04:00:00,2.4
2004-11-27 05:00:00,2.0
2004-11-27 06:00:00,1.7
2004-11-27 07:00:00,2.1
2004-11-27 08:00:00,2.5
2004-11-27 09:00:00,3.8
2004-11-27 10:00:00,3.9
2004-11-27 11:00:00,4.2
2004-11-27 12:00:00,4.0
2004-11-27 13:00:00,4.4
2004-11-27 14:00:00,4.7
2004-11-27 15:00:00,4.6
2004-11-27 16:00:00,4.8
2004-11-27 17:00:00,4.5
2004-11-27 18:00:00,5.6
2004-11-27 19:00:00,4.9
2004-11-27 20:00:00,5.3
2004-11-27 21:00:00,4.6
2004-11-27 22:00:00,2.4
2004-11-27 23:00:00,2.7
2004-11-28 00:00:00,2.5
2004-11-28 01:00:00,2.3
2004-11-28 02:00:00,1.7999999999999998
2004-11-28 03:00:00,1.3
2004-11-28 04:00:00,1.0
2004-11-28 05:00:00,0.9
2004-11-28 06:00:00,0.7
2004-11-28 07:00:00,0.8
2004-11-28 08:00:00,1.0
2004-11-28 09:00:00,1.1
2004-11-28 10:00:00,0.8
2004-11-28 11:00:00,1.4
2004-11-28 12:00:00,2.2
2004-11-28 13:00:00,2.7
2004-11-28 14:00:00,2.3
2004-11-28 15:00:00,1.9
2004-11-28 16:00:00,2.7
2004-11-28 17:00:00,3.2
2004-11-28 18:00:00,3.2
2004-11-28 19:00:00,3.5
2004-11-28 20:00:00,4.5
2004-11-28 21:00:00,4.1
2004-11-28 22:00:00,3.3
2004-11-28 23:00:00,3.1
2004-11-29 00:00:00,3.0
2004-11-29 01:00:00,2.3
2004-11-29 02:00:00,2.3
2004-11-29 03:00:00,1.7
2004-11-29 04:00:00,1.5
2004-11-29 05:00:00,1.3
2004-11-29 06:00:00,1.4
2004-11-29 07:00:00,2.0
2004-11-29 08:00:00,4.2
2004-11-29 09:00:00,5.9
2004-11-29 10:00:00,6.3
2004-11-29 11:00:00,6.6
2004-11-29 12:00:00,5.0
2004-11-29 13:00:00,2.5
2004-11-29 14:00:00,2.6
2004-11-29 15:00:00,1.9
2004-11-29 16:00:00,2.3
2004-11-29 17:00:00,1.9
2004-11-29 18:00:00,2.3
2004-11-29 19:00:00,1.8
2004-11-29 20:00:00,1.9
2004-11-29 21:00:00,1.4
2004-11-29 22:00:00,1.2
2004-11-29 23:00:00,1.0
2004-11-30 00:00:00,1.2
2004-11-30 01:00:00,1.4
2004-11-30 02:00:00,1.2
2004-11-30 03:00:00,0.8
2004-11-30 04:00:00,0.6
2004-11-30 05:00:00,0.6
2004-11-30 06:00:00,0.7
2004-11-30 07:00:00,1.1
2004-11-30 08:00:00,2.5
2004-11-30 09:00:00,3.6
2004-11-30 10:00:00,3.6
2004-11-30 11:00:00,3.3
2004-11-30 12:00:00,2.0
2004-11-30 13:00:00,1.9
2004-11-30 14:00:00,2.2
2004-11-30 15:00:00,2.2
2004-11-30 16:00:00,3.8
2004-11-30 17:00:00,3.5
2004-11-30 18:00:00,5.2
2004-11-30 19:00:00,6.3
2004-11-30 20:00:00,6.8
2004-11-30 21:00:00,4.1
2004-11-30 22:00:00,2.3
2004-11-30 23:00:00,1.9
2004-12-01 00:00:00,2.2
2004-12-01 01:00:00,1.3
2004-12-01 02:00:00,1.2
2004-12-01 03:00:00,0.9
2004-12-01 04:00:00,0.75
2004-12-01 05:00:00,0.6
2004-12-01 06:00:00,0.9
2004-12-01 07:00:00,1.4
2004-12-01 08:00:00,3.4
2004-12-01 09:00:00,5.0
2004-12-01 10:00:00,4.7
2004-12-01 11:00:00,3.2
2004-12-01 12:00:00,3.5
2004-12-01 13:00:00,4.0
2004-12-01 14:00:00,5.7
2004-12-01 15:00:00,5.0
2004-12-01 16:00:00,5.6
2004-12-01 17:00:00,6.2
2004-12-01 18:00:00,7.5
2004-12-01 19:00:00,3.0
2004-12-01 20:00:00,2.6
2004-12-01 21:00:00,2.1
2004-12-01 22:00:00,1.8
2004-12-01 23:00:00,2.0
2004-12-02 00:00:00,2.2
2004-12-02 01:00:00,1.9
2004-12-02 02:00:00,1.6
2004-12-02 03:00:00,1.1
2004-12-02 04:00:00,0.9
2004-12-02 05:00:00,0.7
2004-12-02 06:00:00,0.9
2004-12-02 07:00:00,1.4
2004-12-02 08:00:00,4.2
2004-12-02 09:00:00,5.0
2004-12-02 10:00:00,4.4
2004-12-02 11:00:00,3.4
2004-12-02 12:00:00,2.8
2004-12-02 13:00:00,3.4
2004-12-02 14:00:00,2.9
2004-12-02 15:00:00,3.9
2004-12-02 16:00:00,4.0
2004-12-02 17:00:00,4.9
2004-12-02 18:00:00,7.7
2004-12-02 19:00:00,9.4
2004-12-02 20:00:00,7.8
2004-12-02 21:00:00,6.6
2004-12-02 22:00:00,4.7
2004-12-02 23:00:00,4.8
2004-12-03 00:00:00,3.2
2004-12-03 01:00:00,2.6
2004-12-03 02:00:00,2.1
2004-12-03 03:00:00,1.3
2004-12-03 04:00:00,1.1
2004-12-03 05:00:00,0.7
2004-12-03 06:00:00,0.9
2004-12-03 07:00:00,1.5
2004-12-03 08:00:00,3.8
2004-12-03 09:00:00,6.0
2004-12-03 10:00:00,5.1
2004-12-03 11:00:00,3.6
2004-12-03 12:00:00,3.0
2004-12-03 13:00:00,3.1
2004-12-03 14:00:00,3.3
2004-12-03 15:00:00,3.4
2004-12-03 16:00:00,4.6
2004-12-03 17:00:00,6.9
2004-12-03 18:00:00,5.1
2004-12-03 19:00:00,4.9
2004-12-03 20:00:00,6.1
2004-12-03 21:00:00,6.2
2004-12-03 22:00:00,3.0
2004-12-03 23:00:00,3.4
2004-12-04 00:00:00,3.5
2004-12-04 01:00:00,3.2
2004-12-04 02:00:00,2.9
2004-12-04 03:00:00,2.1
2004-12-04 04:00:00,1.9
2004-12-04 05:00:00,1.7
2004-12-04 06:00:00,1.7
2004-12-04 07:00:00,1.3
2004-12-04 08:00:00,2.8
2004-12-04 09:00:00,2.5
2004-12-04 10:00:00,2.7
2004-12-04 11:00:00,1.5
2004-12-04 12:00:00,2.6
2004-12-04 13:00:00,3.1
2004-12-04 14:00:00,2.5
2004-12-04 15:00:00,2.6
2004-12-04 16:00:00,2.5
2004-12-04 17:00:00,2.3
2004-12-04 18:00:00,3.1
2004-12-04 19:00:00,1.9
2004-12-04 20:00:00,2.5
2004-12-04 21:00:00,3.1
2004-12-04 22:00:00,2.0
2004-12-04 23:00:00,1.9
2004-12-05 00:00:00,2.4
2004-12-05 01:00:00,2.0
2004-12-05 02:00:00,1.2
2004-12-05 03:00:00,1.0
2004-12-05 04:00:00,1.0
2004-12-05 05:00:00,0.8
2004-12-05 06:00:00,0.6
2004-12-05 07:00:00,0.7
2004-12-05 08:00:00,0.8
2004-12-05 09:00:00,0.9
2004-12-05 10:00:00,1.0
2004-12-05 11:00:00,1.3
2004-12-05 12:00:00,1.7
2004-12-05 13:00:00,2.4
2004-12-05 14:00:00,1.7
2004-12-05 15:00:00,1.8
2004-12-05 16:00:00,1.5
2004-12-05 17:00:00,1.1
2004-12-05 18:00:00,2.4
2004-12-05 19:00:00,2.0
2004-12-05 20:00:00,1.5
2004-12-05 21:00:00,1.7
2004-12-05 22:00:00,1.0
2004-12-05 23:00:00,1.0
2004-12-06 00:00:00,1.0
2004-12-06 01:00:00,0.9
2004-12-06 02:00:00,1.1
2004-12-06 03:00:00,1.1
2004-12-06 04:00:00,0.6
2004-12-06 05:00:00,0.7
2004-12-06 06:00:00,0.9
2004-12-06 07:00:00,1.3
2004-12-06 08:00:00,3.1
2004-12-06 09:00:00,4.9
2004-12-06 10:00:00,4.7
2004-12-06 11:00:00,3.2
2004-12-06 12:00:00,2.5
2004-12-06 13:00:00,3.8
2004-12-06 14:00:00,3.3
2004-12-06 15:00:00,2.5
2004-12-06 16:00:00,2.7
2004-12-06 17:00:00,2.9
2004-12-06 18:00:00,3.1
2004-12-06 19:00:00,4.0
2004-12-06 20:00:00,3.1
2004-12-06 21:00:00,2.7
2004-12-06 22:00:00,1.7
2004-12-06 23:00:00,1.5
2004-12-07 00:00:00,1.4
2004-12-07 01:00:00,1.4
2004-12-07 02:00:00,1.1
2004-12-07 03:00:00,1.1
2004-12-07 04:00:00,0.8500000000000001
2004-12-07 05:00:00,0.6
2004-12-07 06:00:00,0.8
2004-12-07 07:00:00,1.0
2004-12-07 08:00:00,2.8
2004-12-07 09:00:00,3.4
2004-12-07 10:00:00,3.3
2004-12-07 11:00:00,4.1
2004-12-07 12:00:00,3.5
2004-12-07 13:00:00,3.0
2004-12-07 14:00:00,3.6
2004-12-07 15:00:00,3.0
2004-12-07 16:00:00,2.6
2004-12-07 17:00:00,2.6
2004-12-07 18:00:00,3.1
2004-12-07 19:00:00,3.2
2004-12-07 20:00:00,2.4
2004-12-07 21:00:00,2.6
2004-12-07 22:00:00,2.4
2004-12-07 23:00:00,1.8
2004-12-08 00:00:00,1.7
2004-12-08 01:00:00,1.9
2004-12-08 02:00:00,1.4
2004-12-08 03:00:00,1.5
2004-12-08 04:00:00,1.7
2004-12-08 05:00:00,1.0
2004-12-08 06:00:00,0.9
2004-12-08 07:00:00,1.0
2004-12-08 08:00:00,1.0
2004-12-08 09:00:00,1.1
2004-12-08 10:00:00,1.7
2004-12-08 11:00:00,2.3
2004-12-08 12:00:00,2.1
2004-12-08 13:00:00,2.7
2004-12-08 14:00:00,2.3
2004-12-08 15:00:00,1.2
2004-12-08 16:00:00,1.4
2004-12-08 17:00:00,1.9
2004-12-08 18:00:00,2.6
2004-12-08 19:00:00,2.4
2004-12-08 20:00:00,3.5
2004-12-08 21:00:00,3.5
2004-12-08 22:00:00,2.2
2004-12-08 23:00:00,2.3
2004-12-09 00:00:00,1.9
2004-12-09 01:00:00,1.0
2004-12-09 02:00:00,0.8
2004-12-09 03:00:00,0.5
2004-12-09 04:00:00,0.4
2004-12-09 05:00:00,0.4
2004-12-09 06:00:00,0.4
2004-12-09 07:00:00,0.6
2004-12-09 08:00:00,1.9
2004-12-09 09:00:00,2.0
2004-12-09 10:00:00,1.4
2004-12-09 11:00:00,1.4
2004-12-09 12:00:00,1.5
2004-12-09 13:00:00,1.6
2004-12-09 14:00:00,1.8
2004-12-09 15:00:00,1.4
2004-12-09 16:00:00,1.7
2004-12-09 17:00:00,1.7
2004-12-09 18:00:00,2.3
2004-12-09 19:00:00,3.2
2004-12-09 20:00:00,2.6
2004-12-09 21:00:00,1.6
2004-12-09 22:00:00,0.8
2004-12-09 23:00:00,0.7
2004-12-10 00:00:00,0.6
2004-12-10 01:00:00,0.7
2004-12-10 02:00:00,0.7
2004-12-10 03:00:00,0.5
2004-12-10 04:00:00,0.4
2004-12-10 05:00:00,0.3
2004-12-10 06:00:00,0.4
2004-12-10 07:00:00,0.5
2004-12-10 08:00:00,1.4
2004-12-10 09:00:00,2.4
2004-12-10 10:00:00,1.8
2004-12-10 11:00:00,1.5
2004-12-10 12:00:00,1.5
2004-12-10 13:00:00,1.8
2004-12-10 14:00:00,2.1
2004-12-10 15:00:00,1.7
2004-12-10 16:00:00,2.3
2004-12-10 17:00:00,2.9
2004-12-10 18:00:00,4.0
2004-12-10 19:00:00,4.2
2004-12-10 20:00:00,3.5
2004-12-10 21:00:00,2.6
2004-12-10 22:00:00,1.3
2004-12-10 23:00:00,1.0
2004-12-11 00:00:00,1.6
2004-12-11 01:00:00,1.6
2004-12-11 02:00:00,1.1
2004-12-11 03:00:00,1.1
2004-12-11 04:00:00,0.8
2004-12-11 05:00:00,0.8
2004-12-11 06:00:00,1.0
2004-12-11 07:00:00,1.2
2004-12-11 08:00:00,1.7
2004-12-11 09:00:00,2.4
2004-12-11 10:00:00,2.8
2004-12-11 11:00:00,2.9
2004-12-11 12:00:00,2.6
2004-12-11 13:00:00,2.3
2004-12-11 14:00:00,2.3
2004-12-11 15:00:00,1.7
2004-12-11 16:00:00,1.8
2004-12-11 17:00:00,2.5
2004-12-11 18:00:00,2.4
2004-12-11 19:00:00,2.0
2004-12-11 20:00:00,2.3
2004-12-11 21:00:00,2.9
2004-12-11 22:00:00,2.0
2004-12-11 23:00:00,2.5
2004-12-12 00:00:00,3.0
2004-12-12 01:00:00,2.4
2004-12-12 02:00:00,2.6
2004-12-12 03:00:00,2.0
2004-12-12 04:00:00,2.1
2004-12-12 05:00:00,1.7
2004-12-12 06:00:00,1.5
2004-12-12 07:00:00,1.3
2004-12-12 08:00:00,1.9
2004-12-12 09:00:00,2.0
2004-12-12 10:00:00,2.7
2004-12-12 11:00:00,2.4
2004-12-12 12:00:00,2.7
2004-12-12 13:00:00,3.2
2004-12-12 14:00:00,3.4
2004-12-12 15:00:00,3.2
2004-12-12 16:00:00,4.3
2004-12-12 17:00:00,5.0
2004-12-12 18:00:00,6.3
2004-12-12 19:00:00,4.6
2004-12-12 20:00:00,3.1
2004-12-12 21:00:00,2.6
2004-12-12 22:00:00,2.1
2004-12-12 23:00:00,2.1
2004-12-13 00:00:00,2.5
2004-12-13 01:00:00,2.0
2004-12-13 02:00:00,1.8
2004-12-13 03:00:00,1.3
2004-12-13 04:00:00,1.0
2004-12-13 05:00:00,0.7
2004-12-13 06:00:00,0.9
2004-12-13 07:00:00,1.5
2004-12-13 08:00:00,3.4
2004-12-13 09:00:00,3.4
2004-12-13 10:00:00,3.2
2004-12-13 11:00:00,4.8
2004-12-13 12:00:00,3.5
2004-12-13 13:00:00,4.1
2004-12-13 14:00:00,4.8
2004-12-13 15:00:00,4.4
2004-12-13 16:00:00,4.5
2004-12-13 17:00:00,5.9
2004-12-13 18:00:00,9.9
2004-12-13 19:00:00,6.9
2004-12-13 20:00:00,4.3
2004-12-13 21:00:00,2.9
2004-12-13 22:00:00,2.0
2004-12-13 23:00:00,1.7
2004-12-14 00:00:00,1.9
2004-12-14 01:00:00,2.0
2004-12-14 02:00:00,1.9
2004-12-14 03:00:00,1.0
2004-12-14 04:00:00,0.8
2004-12-14 05:00:00,0.7
2004-12-14 06:00:00,1.1
2004-12-14 07:00:00,1.7
2004-12-14 08:00:00,3.1
2004-12-14 09:00:00,4.4
2004-12-14 10:00:00,5.6
2004-12-14 11:00:00,4.4
2004-12-14 12:00:00,4.4
2004-12-14 13:00:00,4.7
2004-12-14 14:00:00,4.2
2004-12-14 15:00:00,3.3
2004-12-14 16:00:00,5.1
2004-12-14 17:00:00,7.4
2004-12-14 18:00:00,9.3
2004-12-14 19:00:00,7.4
2004-12-14 20:00:00,5.3
2004-12-14 21:00:00,4.1
2004-12-14 22:00:00,2.5
2004-12-14 23:00:00,2.1
2004-12-15 00:00:00,2.9
2004-12-15 01:00:00,2.3
2004-12-15 02:00:00,1.7
2004-12-15 03:00:00,0.9
2004-12-15 04:00:00,0.7
2004-12-15 05:00:00,0.8
2004-12-15 06:00:00,1.0
2004-12-15 07:00:00,1.2
2004-12-15 08:00:00,3.5
2004-12-15 09:00:00,4.5
2004-12-15 10:00:00,4.9
2004-12-15 11:00:00,3.5
2004-12-15 12:00:00,3.4
2004-12-15 13:00:00,4.0
2004-12-15 14:00:00,4.3
2004-12-15 15:00:00,4.0
2004-12-15 16:00:00,4.7
2004-12-15 17:00:00,6.6
2004-12-15 18:00:00,7.3
2004-12-15 19:00:00,3.6
2004-12-15 20:00:00,2.4
2004-12-15 21:00:00,2.1
2004-12-15 22:00:00,2.1
2004-12-15 23:00:00,1.7
2004-12-16 00:00:00,2.2
2004-12-16 01:00:00,2.0
2004-12-16 02:00:00,1.6
2004-12-16 03:00:00,1.7
2004-12-16 04:00:00,1.35
2004-12-16 05:00:00,1.0
2004-12-16 06:00:00,1.0
2004-12-16 07:00:00,1.6
2004-12-16 08:00:00,3.5
2004-12-16 09:00:00,5.3
2004-12-16 10:00:00,4.6
2004-12-16 11:00:00,4.5
2004-12-16 12:00:00,4.2
2004-12-16 13:00:00,4.1
2004-12-16 14:00:00,5.5
2004-12-16 15:00:00,4.8
2004-12-16 16:00:00,5.5
2004-12-16 17:00:00,5.2
2004-12-16 18:00:00,7.5
2004-12-16 19:00:00,8.6
2004-12-16 20:00:00,9.1
2004-12-16 21:00:00,8.6
2004-12-16 22:00:00,5.4
2004-12-16 23:00:00,4.3
2004-12-17 00:00:00,4.2
2004-12-17 01:00:00,4.3
2004-12-17 02:00:00,4.2
2004-12-17 03:00:00,2.8
2004-12-17 04:00:00,2.2
2004-12-17 05:00:00,1.8
2004-12-17 06:00:00,2.0
2004-12-17 07:00:00,2.5
2004-12-17 08:00:00,4.1
2004-12-17 09:00:00,6.3
2004-12-17 10:00:00,5.0
2004-12-17 11:00:00,5.1
2004-12-17 12:00:00,3.6
2004-12-17 13:00:00,3.5
2004-12-17 14:00:00,3.7
2004-12-17 15:00:00,3.1
2004-12-17 16:00:00,3.2
2004-12-17 17:00:00,3.8
2004-12-17 18:00:00,3.2
2004-12-17 19:00:00,3.2
2004-12-17 20:00:00,3.3
2004-12-17 21:00:00,3.1
2004-12-17 22:00:00,2.4
2004-12-17 23:00:00,1.4
2004-12-18 00:00:00,2.1
2004-12-18 01:00:00,1.4
2004-12-18 02:00:00,1.4
2004-12-18 03:00:00,1.3
2004-12-18 04:00:00,1.0
2004-12-18 05:00:00,1.3
2004-12-18 06:00:00,1.0
2004-12-18 07:00:00,1.1
2004-12-18 08:00:00,2.1
2004-12-18 09:00:00,3.2
2004-12-18 10:00:00,3.3
2004-12-18 11:00:00,2.3
2004-12-18 12:00:00,1.0
2004-12-18 13:00:00,0.8
2004-12-18 14:00:00,0.8
2004-12-18 15:00:00,0.6
2004-12-18 16:00:00,0.9
2004-12-18 17:00:00,0.8
2004-12-18 18:00:00,1.2
2004-12-18 19:00:00,2.1
2004-12-18 20:00:00,3.9
2004-12-18 21:00:00,4.4
2004-12-18 22:00:00,2.0
2004-12-18 23:00:00,2.3
2004-12-19 00:00:00,3.6
2004-12-19 01:00:00,3.9
2004-12-19 02:00:00,1.6
2004-12-19 03:00:00,1.0
2004-12-19 04:00:00,1.0
2004-12-19 05:00:00,1.0
2004-12-19 06:00:00,0.8
2004-12-19 07:00:00,0.7
2004-12-19 08:00:00,1.0
2004-12-19 09:00:00,1.0
2004-12-19 10:00:00,1.5
2004-12-19 11:00:00,2.5
2004-12-19 12:00:00,2.6
2004-12-19 13:00:00,3.2
2004-12-19 14:00:00,3.0
2004-12-19 15:00:00,3.4
2004-12-19 16:00:00,3.3
2004-12-19 17:00:00,3.6
2004-12-19 18:00:00,5.5
2004-12-19 19:00:00,4.5
2004-12-19 20:00:00,4.7
2004-12-19 21:00:00,4.3
2004-12-19 22:00:00,3.2
2004-12-19 23:00:00,2.9
2004-12-20 00:00:00,3.1
2004-12-20 01:00:00,2.8
2004-12-20 02:00:00,1.2
2004-12-20 03:00:00,0.9
2004-12-20 04:00:00,0.8
2004-12-20 05:00:00,0.6
2004-12-20 06:00:00,0.6
2004-12-20 07:00:00,1.0
2004-12-20 08:00:00,3.2
2004-12-20 09:00:00,3.6
2004-12-20 10:00:00,2.9
2004-12-20 11:00:00,2.4
2004-12-20 12:00:00,2.5
2004-12-20 13:00:00,2.6
2004-12-20 14:00:00,2.3
2004-12-20 15:00:00,2.2
2004-12-20 16:00:00,2.3
2004-12-20 17:00:00,2.9
2004-12-20 18:00:00,4.1
2004-12-20 19:00:00,4.1
2004-12-20 20:00:00,4.0
2004-12-20 21:00:00,3.7
2004-12-20 22:00:00,1.7
2004-12-20 23:00:00,1.1
2004-12-21 00:00:00,1.1
2004-12-21 01:00:00,1.5
2004-12-21 02:00:00,0.5
2004-12-21 03:00:00,0.3
2004-12-21 04:00:00,0.2
2004-12-21 05:00:00,0.3
2004-12-21 06:00:00,0.6
2004-12-21 07:00:00,0.7
2004-12-21 08:00:00,2.6
2004-12-21 09:00:00,5.5
2004-12-21 10:00:00,2.6
2004-12-21 11:00:00,1.5
2004-12-21 12:00:00,1.7
2004-12-21 13:00:00,2.2
2004-12-21 14:00:00,2.1
2004-12-21 15:00:00,2.2
2004-12-21 16:00:00,2.3
2004-12-21 17:00:00,2.5
2004-12-21 18:00:00,3.1
2004-12-21 19:00:00,3.6
2004-12-21 20:00:00,3.9
2004-12-21 21:00:00,4.0
2004-12-21 22:00:00,2.3
2004-12-21 23:00:00,1.5
2004-12-22 00:00:00,1.5
2004-12-22 01:00:00,2.2
2004-12-22 02:00:00,1.3
2004-12-22 03:00:00,0.9
2004-12-22 04:00:00,0.7
2004-12-22 05:00:00,0.5
2004-12-22 06:00:00,0.5
2004-12-22 07:00:00,0.9
2004-12-22 08:00:00,2.0
2004-12-22 09:00:00,3.2
2004-12-22 10:00:00,2.3
2004-12-22 11:00:00,1.8
2004-12-22 12:00:00,2.1
2004-12-22 13:00:00,1.9
2004-12-22 14:00:00,2.4
2004-12-22 15:00:00,2.1
2004-12-22 16:00:00,2.8
2004-12-22 17:00:00,3.3
2004-12-22 18:00:00,2.9
2004-12-22 19:00:00,3.9
2004-12-22 20:00:00,4.1
2004-12-22 21:00:00,3.3
2004-12-22 22:00:00,3.3
2004-12-22 23:00:00,1.9
2004-12-23 00:00:00,2.0
2004-12-23 01:00:00,1.9
2004-12-23 02:00:00,2.1
2004-12-23 03:00:00,1.7
2004-12-23 04:00:00,1.3
2004-12-23 05:00:00,1.1
2004-12-23 06:00:00,1.2
2004-12-23 07:00:00,1.8
2004-12-23 08:00:00,3.6
2004-12-23 09:00:00,3.7
2004-12-23 10:00:00,3.4
2004-12-23 11:00:00,4.0
2004-12-23 12:00:00,3.8
2004-12-23 13:00:00,4.1
2004-12-23 14:00:00,4.9
2004-12-23 15:00:00,3.3
2004-12-23 16:00:00,4.3
2004-12-23 17:00:00,6.6
2004-12-23 18:00:00,8.5
2004-12-23 19:00:00,8.7
2004-12-23 20:00:00,9.1
2004-12-23 21:00:00,7.2
2004-12-23 22:00:00,5.0
2004-12-23 23:00:00,4.2
2004-12-24 00:00:00,4.6
2004-12-24 01:00:00,3.9
2004-12-24 02:00:00,3.4
2004-12-24 03:00:00,3.0
2004-12-24 04:00:00,2.4
2004-12-24 05:00:00,2.5
2004-12-24 06:00:00,3.5
2004-12-24 07:00:00,3.9
2004-12-24 08:00:00,4.8
2004-12-24 09:00:00,6.1
2004-12-24 10:00:00,6.6
2004-12-24 11:00:00,6.5
2004-12-24 12:00:00,6.0
2004-12-24 13:00:00,6.9
2004-12-24 14:00:00,7.9
2004-12-24 15:00:00,6.1
2004-12-24 16:00:00,6.7
2004-12-24 17:00:00,6.8
2004-12-24 18:00:00,6.7
2004-12-24 19:00:00,6.4
2004-12-24 20:00:00,6.8
2004-12-24 21:00:00,5.6
2004-12-24 22:00:00,5.4
2004-12-24 23:00:00,5.2
2004-12-25 00:00:00,5.9
2004-12-25 01:00:00,5.6
2004-12-25 02:00:00,5.5
2004-12-25 03:00:00,5.2
2004-12-25 04:00:00,3.7
2004-12-25 05:00:00,2.2
2004-12-25 06:00:00,2.0
2004-12-25 07:00:00,2.2
2004-12-25 08:00:00,2.0
2004-12-25 09:00:00,2.5
2004-12-25 10:00:00,3.0
2004-12-25 11:00:00,2.8
2004-12-25 12:00:00,3.4
2004-12-25 13:00:00,5.5
2004-12-25 14:00:00,4.0
2004-12-25 15:00:00,2.4
2004-12-25 16:00:00,3.1
2004-12-25 17:00:00,4.0
2004-12-25 18:00:00,4.6
2004-12-25 19:00:00,4.8
2004-12-25 20:00:00,6.2
2004-12-25 21:00:00,4.6
2004-12-25 22:00:00,4.5
2004-12-25 23:00:00,4.2
2004-12-26 00:00:00,2.6
2004-12-26 01:00:00,1.6
2004-12-26 02:00:00,1.3
2004-12-26 03:00:00,0.6
2004-12-26 04:00:00,0.5
2004-12-26 05:00:00,0.4
2004-12-26 06:00:00,0.3
2004-12-26 07:00:00,0.4
2004-12-26 08:00:00,0.6
2004-12-26 09:00:00,0.9
2004-12-26 10:00:00,1.1
2004-12-26 11:00:00,1.0
2004-12-26 12:00:00,1.6
2004-12-26 13:00:00,1.8
2004-12-26 14:00:00,1.0
2004-12-26 15:00:00,0.8
2004-12-26 16:00:00,1.4
2004-12-26 17:00:00,2.1
2004-12-26 18:00:00,2.3
2004-12-26 19:00:00,3.5
2004-12-26 20:00:00,3.8
2004-12-26 21:00:00,2.4
2004-12-26 22:00:00,1.0
2004-12-26 23:00:00,1.3
2004-12-27 00:00:00,2.3
2004-12-27 01:00:00,1.5
2004-12-27 02:00:00,1.1
2004-12-27 03:00:00,0.6
2004-12-27 04:00:00,0.7
2004-12-27 05:00:00,0.4
2004-12-27 06:00:00,0.5
2004-12-27 07:00:00,0.8
2004-12-27 08:00:00,1.9
2004-12-27 09:00:00,2.3
2004-12-27 10:00:00,1.9
2004-12-27 11:00:00,1.6
2004-12-27 12:00:00,1.4
2004-12-27 13:00:00,1.5
2004-12-27 14:00:00,1.4
2004-12-27 15:00:00,2.0
2004-12-27 16:00:00,2.5
2004-12-27 17:00:00,2.2
2004-12-27 18:00:00,2.0
2004-12-27 19:00:00,2.1
2004-12-27 20:00:00,2.1
2004-12-27 21:00:00,2.1
2004-12-27 22:00:00,1.6
2004-12-27 23:00:00,1.1
2004-12-28 00:00:00,1.2
2004-12-28 01:00:00,1.2041237113402061
2004-12-28 02:00:00,1.2082474226804123
2004-12-28 03:00:00,1.2123711340206185
2004-12-28 04:00:00,1.2164948453608246
2004-12-28 05:00:00,1.2206185567010308
2004-12-28 06:00:00,1.224742268041237
2004-12-28 07:00:00,1.2288659793814434
2004-12-28 08:00:00,1.2329896907216495
2004-12-28 09:00:00,1.2371134020618557
2004-12-28 10:00:00,1.2412371134020619
2004-12-28 11:00:00,1.245360824742268
2004-12-28 12:00:00,1.2494845360824742
2004-12-28 13:00:00,1.2536082474226804
2004-12-28 14:00:00,1.2577319587628866
2004-12-28 15:00:00,1.2618556701030927
2004-12-28 16:00:00,1.265979381443299
2004-12-28 17:00:00,1.270103092783505
2004-12-28 18:00:00,1.2742268041237113
2004-12-28 19:00:00,1.2783505154639174
2004-12-28 20:00:00,1.2824742268041236
2004-12-28 21:00:00,1.2865979381443298
2004-12-28 22:00:00,1.2907216494845362
2004-12-28 23:00:00,1.2948453608247423
2004-12-29 00:00:00,1.2989690721649485
2004-12-29 01:00:00,1.3030927835051547
2004-12-29 02:00:00,1.3072164948453608
2004-12-29 03:00:00,1.311340206185567
2004-12-29 04:00:00,1.3154639175257732
2004-12-29 05:00:00,1.3195876288659794
2004-12-29 06:00:00,1.3237113402061855
2004-12-29 07:00:00,1.3278350515463917
2004-12-29 08:00:00,1.3319587628865979
2004-12-29 09:00:00,1.336082474226804
2004-12-29 10:00:00,1.3402061855670102
2004-12-29 11:00:00,1.3443298969072166
2004-12-29 12:00:00,1.3484536082474228
2004-12-29 13:00:00,1.352577319587629
2004-12-29 14:00:00,1.3567010309278351
2004-12-29 15:00:00,1.3608247422680413
2004-12-29 16:00:00,1.3649484536082475
2004-12-29 17:00:00,1.3690721649484536
2004-12-29 18:00:00,1.3731958762886598
2004-12-29 19:00:00,1.377319587628866
2004-12-29 20:00:00,1.3814432989690721
2004-12-29 21:00:00,1.3855670103092783
2004-12-29 22:00:00,1.3896907216494845
2004-12-29 23:00:00,1.3938144329896907
2004-12-30 00:00:00,1.3979381443298968
2004-12-30 01:00:00,1.402061855670103
2004-12-30 02:00:00,1.4061855670103092
2004-12-30 03:00:00,1.4103092783505156
2004-12-30 04:00:00,1.4144329896907217
2004-12-30 05:00:00,1.418556701030928
2004-12-30 06:00:00,1.422680412371134
2004-12-30 07:00:00,1.4268041237113402
2004-12-30 08:00:00,1.4309278350515464
2004-12-30 09:00:00,1.4350515463917526
2004-12-30 10:00:00,1.4391752577319588
2004-12-30 11:00:00,1.443298969072165
2004-12-30 12:00:00,1.447422680412371
2004-12-30 13:00:00,1.4515463917525773
2004-12-30 14:00:00,1.4556701030927834
2004-12-30 15:00:00,1.4597938144329898
2004-12-30 16:00:00,1.463917525773196
2004-12-30 17:00:00,1.4680412371134022
2004-12-30 18:00:00,1.4721649484536083
2004-12-30 19:00:00,1.4762886597938145
2004-12-30 20:00:00,1.4804123711340207
2004-12-30 21:00:00,1.4845360824742269
2004-12-30 22:00:00,1.488659793814433
2004-12-30 23:00:00,1.4927835051546392
2004-12-31 00:00:00,1.4969072164948454
2004-12-31 01:00:00,1.5010309278350515
2004-12-31 02:00:00,1.5051546391752577
2004-12-31 03:00:00,1.5092783505154639
2004-12-31 04:00:00,1.51340206185567
2004-12-31 05:00:00,1.5175257731958762
2004-12-31 06:00:00,1.5216494845360824
2004-12-31 07:00:00,1.5257731958762886
2004-12-31 08:00:00,1.5298969072164947
2004-12-31 09:00:00,1.5340206185567011
2004-12-31 10:00:00,1.5381443298969073
2004-12-31 11:00:00,1.5422680412371135
2004-12-31 12:00:00,1.5463917525773196
2004-12-31 13:00:00,1.5505154639175258
2004-12-31 14:00:00,1.554639175257732
2004-12-31 15:00:00,1.5587628865979382
2004-12-31 16:00:00,1.5628865979381443
2004-12-31 17:00:00,1.5670103092783505
2004-12-31 18:00:00,1.5711340206185567
2004-12-31 19:00:00,1.575257731958763
2004-12-31 20:00:00,1.5793814432989692
2004-12-31 21:00:00,1.5835051546391754
2004-12-31 22:00:00,1.5876288659793816
2004-12-31 23:00:00,1.5917525773195877
2005-01-01 00:00:00,1.595876288659794
2005-01-01 01:00:00,1.6
2005-01-01 02:00:00,2.5
2005-01-01 03:00:00,2.7
2005-01-01 04:00:00,1.9
2005-01-01 05:00:00,1.4
2005-01-01 06:00:00,1.5
2005-01-01 07:00:00,1.4
2005-01-01 08:00:00,1.1
2005-01-01 09:00:00,1.0
2005-01-01 10:00:00,1.2
2005-01-01 11:00:00,1.7
2005-01-01 12:00:00,2.3
2005-01-01 13:00:00,2.2
2005-01-01 14:00:00,2.4
2005-01-01 15:00:00,2.2
2005-01-01 16:00:00,2.1
2005-01-01 17:00:00,3.0
2005-01-01 18:00:00,4.7
2005-01-01 19:00:00,3.6
2005-01-01 20:00:00,2.5
2005-01-01 21:00:00,2.3
2005-01-01 22:00:00,2.1
2005-01-01 23:00:00,1.7
2005-01-02 00:00:00,1.8
2005-01-02 01:00:00,1.6
2005-01-02 02:00:00,1.3
2005-01-02 03:00:00,1.3
2005-01-02 04:00:00,1.3
2005-01-02 05:00:00,1.1
2005-01-02 06:00:00,1.0
2005-01-02 07:00:00,1.0
2005-01-02 08:00:00,1.2
2005-01-02 09:00:00,1.3
2005-01-02 10:00:00,1.6
2005-01-02 11:00:00,2.2
2005-01-02 12:00:00,2.2
2005-01-02 13:00:00,2.8
2005-01-02 14:00:00,2.1
2005-01-02 15:00:00,1.6
2005-01-02 16:00:00,2.8
2005-01-02 17:00:00,2.6
2005-01-02 18:00:00,2.8
2005-01-02 19:00:00,2.9
2005-01-02 20:00:00,3.4
2005-01-02 21:00:00,2.9
2005-01-02 22:00:00,3.2
2005-01-02 23:00:00,3.1
2005-01-03 00:00:00,3.0
2005-01-03 01:00:00,3.4
2005-01-03 02:00:00,3.0
2005-01-03 03:00:00,2.7
2005-01-03 04:00:00,1.9000000000000001
2005-01-03 05:00:00,1.1
2005-01-03 06:00:00,1.4
2005-01-03 07:00:00,1.8
2005-01-03 08:00:00,3.6
2005-01-03 09:00:00,3.1
2005-01-03 10:00:00,1.9
2005-01-03 11:00:00,1.7
2005-01-03 12:00:00,1.7
2005-01-03 13:00:00,1.6
2005-01-03 14:00:00,1.6
2005-01-03 15:00:00,1.7
2005-01-03 16:00:00,2.2
2005-01-03 17:00:00,3.3
2005-01-03 18:00:00,3.9
2005-01-03 19:00:00,5.0
2005-01-03 20:00:00,4.2
2005-01-03 21:00:00,3.2
2005-01-03 22:00:00,1.7
2005-01-03 23:00:00,1.5
2005-01-04 00:00:00,1.3
2005-01-04 01:00:00,1.2
2005-01-04 02:00:00,1.3
2005-01-04 03:00:00,0.8
2005-01-04 04:00:00,0.6
2005-01-04 05:00:00,0.8
2005-01-04 06:00:00,0.9
2005-01-04 07:00:00,1.1
2005-01-04 08:00:00,3.4
2005-01-04 09:00:00,3.6
2005-01-04 10:00:00,3.1
2005-01-04 11:00:00,3.3
2005-01-04 12:00:00,3.4
2005-01-04 13:00:00,2.8
2005-01-04 14:00:00,2.6
2005-01-04 15:00:00,3.0
2005-01-04 16:00:00,2.9
2005-01-04 17:00:00,3.8
2005-01-04 18:00:00,3.8
2005-01-04 19:00:00,3.6
2005-01-04 20:00:00,4.5
2005-01-04 21:00:00,3.7
2005-01-04 22:00:00,2.4
2005-01-04 23:00:00,1.7
2005-01-05 00:00:00,1.7
2005-01-05 01:00:00,1.7
2005-01-05 02:00:00,1.9
2005-01-05 03:00:00,2.0
2005-01-05 04:00:00,2.0
2005-01-05 05:00:00,1.7
2005-01-05 06:00:00,1.8
2005-01-05 07:00:00,2.2
2005-01-05 08:00:00,3.7
2005-01-05 09:00:00,4.8
2005-01-05 10:00:00,4.8
2005-01-05 11:00:00,5.2
2005-01-05 12:00:00,5.9
2005-01-05 13:00:00,5.9
2005-01-05 14:00:00,3.1
2005-01-05 15:00:00,2.6
2005-01-05 16:00:00,2.8
2005-01-05 17:00:00,2.8
2005-01-05 18:00:00,2.8
2005-01-05 19:00:00,3.1
2005-01-05 20:00:00,3.3
2005-01-05 21:00:00,2.7
2005-01-05 22:00:00,2.3
2005-01-05 23:00:00,1.6
2005-01-06 00:00:00,1.6
2005-01-06 01:00:00,1.7
2005-01-06 02:00:00,1.6
2005-01-06 03:00:00,1.4
2005-01-06 04:00:00,1.15
2005-01-06 05:00:00,0.9
2005-01-06 06:00:00,0.8
2005-01-06 07:00:00,0.7
2005-01-06 08:00:00,1.1
2005-01-06 09:00:00,1.5
2005-01-06 10:00:00,1.5
2005-01-06 11:00:00,1.6
2005-01-06 12:00:00,1.6
2005-01-06 13:00:00,2.0
2005-01-06 14:00:00,1.7
2005-01-06 15:00:00,1.5
2005-01-06 16:00:00,2.0
2005-01-06 17:00:00,1.9
2005-01-06 18:00:00,2.1
2005-01-06 19:00:00,2.8
2005-01-06 20:00:00,2.7
2005-01-06 21:00:00,2.4
2005-01-06 22:00:00,1.6
2005-01-06 23:00:00,1.7
2005-01-07 00:00:00,1.3
2005-01-07 01:00:00,1.4
2005-01-07 02:00:00,1.2
2005-01-07 03:00:00,1.0
2005-01-07 04:00:00,1.0
2005-01-07 05:00:00,0.6
2005-01-07 06:00:00,0.7
2005-01-07 07:00:00,1.0
2005-01-07 08:00:00,1.7
2005-01-07 09:00:00,3.0
2005-01-07 10:00:00,2.4
2005-01-07 11:00:00,2.2
2005-01-07 12:00:00,2.6
2005-01-07 13:00:00,2.5
2005-01-07 14:00:00,3.0
2005-01-07 15:00:00,3.3
2005-01-07 16:00:00,3.8
2005-01-07 17:00:00,3.6
2005-01-07 18:00:00,5.0
2005-01-07 19:00:00,5.7
2005-01-07 20:00:00,5.0
2005-01-07 21:00:00,4.8
2005-01-07 22:00:00,3.9
2005-01-07 23:00:00,3.3
2005-01-08 00:00:00,3.4
2005-01-08 01:00:00,2.4
2005-01-08 02:00:00,1.4
2005-01-08 03:00:00,1.4
2005-01-08 04:00:00,1.2
2005-01-08 05:00:00,1.2
2005-01-08 06:00:00,1.2
2005-01-08 07:00:00,1.3
2005-01-08 08:00:00,2.3
2005-01-08 09:00:00,3.4
2005-01-08 10:00:00,3.0
2005-01-08 11:00:00,2.5
2005-01-08 12:00:00,2.7
2005-01-08 13:00:00,2.8
2005-01-08 14:00:00,3.6
2005-01-08 15:00:00,3.1
2005-01-08 16:00:00,4.3
2005-01-08 17:00:00,4.6
2005-01-08 18:00:00,4.3
2005-01-08 19:00:00,4.3
2005-01-08 20:00:00,5.5
2005-01-08 21:00:00,3.4
2005-01-08 22:00:00,2.4
2005-01-08 23:00:00,1.6
2005-01-09 00:00:00,1.7
2005-01-09 01:00:00,1.6
2005-01-09 02:00:00,1.3
2005-01-09 03:00:00,0.8
2005-01-09 04:00:00,0.7
2005-01-09 05:00:00,0.6
2005-01-09 06:00:00,0.6
2005-01-09 07:00:00,0.5
2005-01-09 08:00:00,0.6
2005-01-09 09:00:00,0.7
2005-01-09 10:00:00,0.9
2005-01-09 11:00:00,1.5
2005-01-09 12:00:00,1.9
2005-01-09 13:00:00,1.9
2005-01-09 14:00:00,2.2
2005-01-09 15:00:00,3.8
2005-01-09 16:00:00,2.0
2005-01-09 17:00:00,2.2
2005-01-09 18:00:00,3.3
2005-01-09 19:00:00,2.7
2005-01-09 20:00:00,2.6
2005-01-09 21:00:00,2.5
2005-01-09 22:00:00,1.5
2005-01-09 23:00:00,1.9
2005-01-10 00:00:00,2.0
2005-01-10 01:00:00,1.7
2005-01-10 02:00:00,1.2
2005-01-10 03:00:00,0.9
2005-01-10 04:00:00,0.6
2005-01-10 05:00:00,0.5333333333333333
2005-01-10 06:00:00,0.4666666666666667
2005-01-10 07:00:00,0.4
2005-01-10 08:00:00,2.6
2005-01-10 09:00:00,3.5
2005-01-10 10:00:00,2.1
2005-01-10 11:00:00,2.1
2005-01-10 12:00:00,1.7
2005-01-10 13:00:00,2.6
2005-01-10 14:00:00,2.6
2005-01-10 15:00:00,2.4
2005-01-10 16:00:00,2.4
2005-01-10 17:00:00,2.0
2005-01-10 18:00:00,2.0
2005-01-10 19:00:00,3.1
2005-01-10 20:00:00,3.3
2005-01-10 21:00:00,3.3
2005-01-10 22:00:00,2.6
2005-01-10 23:00:00,1.7
2005-01-11 00:00:00,1.8
2005-01-11 01:00:00,1.5
2005-01-11 02:00:00,1.1
2005-01-11 03:00:00,0.9
2005-01-11 04:00:00,0.7
2005-01-11 05:00:00,0.7
2005-01-11 06:00:00,0.9
2005-01-11 07:00:00,1.3
2005-01-11 08:00:00,3.2
2005-01-11 09:00:00,5.1
2005-01-11 10:00:00,3.7
2005-01-11 11:00:00,3.2
2005-01-11 12:00:00,3.1
2005-01-11 13:00:00,3.0
2005-01-11 14:00:00,3.6
2005-01-11 15:00:00,3.2
2005-01-11 16:00:00,3.9
2005-01-11 17:00:00,3.4
2005-01-11 18:00:00,3.9
2005-01-11 19:00:00,3.6
2005-01-11 20:00:00,4.7
2005-01-11 21:00:00,4.1
2005-01-11 22:00:00,3.4
2005-01-11 23:00:00,3.5
2005-01-12 00:00:00,1.2
2005-01-12 01:00:00,2.4
2005-01-12 02:00:00,2.1
2005-01-12 03:00:00,1.1
2005-01-12 04:00:00,1.05
2005-01-12 05:00:00,1.0
2005-01-12 06:00:00,1.4
2005-01-12 07:00:00,1.8
2005-01-12 08:00:00,3.8
2005-01-12 09:00:00,4.1
2005-01-12 10:00:00,4.4
2005-01-12 11:00:00,3.5
2005-01-12 12:00:00,3.5
2005-01-12 13:00:00,3.8
2005-01-12 14:00:00,3.1
2005-01-12 15:00:00,3.4
2005-01-12 16:00:00,3.3
2005-01-12 17:00:00,3.4
2005-01-12 18:00:00,4.7
2005-01-12 19:00:00,5.7
2005-01-12 20:00:00,5.6
2005-01-12 21:00:00,5.9
2005-01-12 22:00:00,3.6
2005-01-12 23:00:00,2.5
2005-01-13 00:00:00,2.9
2005-01-13 01:00:00,2.5
2005-01-13 02:00:00,1.7
2005-01-13 03:00:00,1.6
2005-01-13 04:00:00,1.1
2005-01-13 05:00:00,0.9
2005-01-13 06:00:00,1.0
2005-01-13 07:00:00,1.6
2005-01-13 08:00:00,3.1
2005-01-13 09:00:00,4.1
2005-01-13 10:00:00,3.9
2005-01-13 11:00:00,3.6
2005-01-13 12:00:00,3.2
2005-01-13 13:00:00,2.2
2005-01-13 14:00:00,2.4
2005-01-13 15:00:00,2.7
2005-01-13 16:00:00,2.7
2005-01-13 17:00:00,3.9
2005-01-13 18:00:00,5.2
2005-01-13 19:00:00,4.0
2005-01-13 20:00:00,2.9
2005-01-13 21:00:00,3.3
2005-01-13 22:00:00,2.0
2005-01-13 23:00:00,1.8
2005-01-14 00:00:00,2.7
2005-01-14 01:00:00,1.8
2005-01-14 02:00:00,1.3
2005-01-14 03:00:00,1.0
2005-01-14 04:00:00,1.1
2005-01-14 05:00:00,1.6
2005-01-14 06:00:00,1.3
2005-01-14 07:00:00,1.4
2005-01-14 08:00:00,5.0
2005-01-14 09:00:00,4.3
2005-01-14 10:00:00,4.1
2005-01-14 11:00:00,3.8
2005-01-14 12:00:00,3.1
2005-01-14 13:00:00,3.3
2005-01-14 14:00:00,3.1
2005-01-14 15:00:00,2.7
2005-01-14 16:00:00,3.4
2005-01-14 17:00:00,5.0
2005-01-14 18:00:00,5.7
2005-01-14 19:00:00,5.8
2005-01-14 20:00:00,5.8
2005-01-14 21:00:00,5.0
2005-01-14 22:00:00,1.7
2005-01-14 23:00:00,1.6
2005-01-15 00:00:00,2.3
2005-01-15 01:00:00,2.4
2005-01-15 02:00:00,2.0
2005-01-15 03:00:00,1.6
2005-01-15 04:00:00,1.35
2005-01-15 05:00:00,1.1
2005-01-15 06:00:00,1.0
2005-01-15 07:00:00,1.3
2005-01-15 08:00:00,1.9
2005-01-15 09:00:00,2.6
2005-01-15 10:00:00,2.7
2005-01-15 11:00:00,2.4
2005-01-15 12:00:00,2.7
2005-01-15 13:00:00,3.1
2005-01-15 14:00:00,4.4
2005-01-15 15:00:00,3.2
2005-01-15 16:00:00,2.9
2005-01-15 17:00:00,3.0
2005-01-15 18:00:00,3.7
2005-01-15 19:00:00,5.2
2005-01-15 20:00:00,3.3
2005-01-15 21:00:00,3.6
2005-01-15 22:00:00,2.3
2005-01-15 23:00:00,3.0
2005-01-16 00:00:00,3.8
2005-01-16 01:00:00,3.2
2005-01-16 02:00:00,2.1
2005-01-16 03:00:00,1.7
2005-01-16 04:00:00,1.7
2005-01-16 05:00:00,1.4
2005-01-16 06:00:00,1.2
2005-01-16 07:00:00,1.4
2005-01-16 08:00:00,1.4
2005-01-16 09:00:00,1.7
2005-01-16 10:00:00,1.0
2005-01-16 11:00:00,1.0
2005-01-16 12:00:00,0.8
2005-01-16 13:00:00,1.0
2005-01-16 14:00:00,0.8
2005-01-16 15:00:00,0.7
2005-01-16 16:00:00,1.1
2005-01-16 17:00:00,1.1
2005-01-16 18:00:00,1.2
2005-01-16 19:00:00,2.0
2005-01-16 20:00:00,2.2
2005-01-16 21:00:00,1.5
2005-01-16 22:00:00,1.2
2005-01-16 23:00:00,1.5
2005-01-17 00:00:00,1.4
2005-01-17 01:00:00,1.2
2005-01-17 02:00:00,1.0
2005-01-17 03:00:00,0.6
2005-01-17 04:00:00,0.7
2005-01-17 05:00:00,0.5
2005-01-17 06:00:00,0.7
2005-01-17 07:00:00,1.0
2005-01-17 08:00:00,3.0
2005-01-17 09:00:00,4.1
2005-01-17 10:00:00,3.1
2005-01-17 11:00:00,3.8
2005-01-17 12:00:00,2.7
2005-01-17 13:00:00,3.1
2005-01-17 14:00:00,3.1
2005-01-17 15:00:00,3.2
2005-01-17 16:00:00,3.3
2005-01-17 17:00:00,4.0
2005-01-17 18:00:00,8.6
2005-01-17 19:00:00,8.7
2005-01-17 20:00:00,3.6
2005-01-17 21:00:00,3.0
2005-01-17 22:00:00,1.9
2005-01-17 23:00:00,1.9
2005-01-18 00:00:00,1.6
2005-01-18 01:00:00,1.4
2005-01-18 02:00:00,1.0
2005-01-18 03:00:00,0.7
2005-01-18 04:00:00,0.75
2005-01-18 05:00:00,0.8
2005-01-18 06:00:00,0.9
2005-01-18 07:00:00,1.5
2005-01-18 08:00:00,3.1
2005-01-18 09:00:00,5.1
2005-01-18 10:00:00,5.8
2005-01-18 11:00:00,3.8
2005-01-18 12:00:00,4.4
2005-01-18 13:00:00,4.9
2005-01-18 14:00:00,5.2
2005-01-18 15:00:00,4.6
2005-01-18 16:00:00,4.8
2005-01-18 17:00:00,4.9
2005-01-18 18:00:00,4.9
2005-01-18 19:00:00,5.5
2005-01-18 20:00:00,4.2
2005-01-18 21:00:00,1.5
2005-01-18 22:00:00,0.1
2005-01-18 23:00:00,0.2
2005-01-19 00:00:00,0.9
2005-01-19 01:00:00,1.0
2005-01-19 02:00:00,0.4
2005-01-19 03:00:00,0.34
2005-01-19 04:00:00,0.28
2005-01-19 05:00:00,0.21999999999999997
2005-01-19 06:00:00,0.15999999999999998
2005-01-19 07:00:00,0.1
2005-01-19 08:00:00,0.7
2005-01-19 09:00:00,1.2
2005-01-19 10:00:00,0.2
2005-01-19 11:00:00,0.23333333333333334
2005-01-19 12:00:00,0.26666666666666666
2005-01-19 13:00:00,0.3
2005-01-19 14:00:00,0.6
2005-01-19 15:00:00,0.2
2005-01-19 16:00:00,0.2
2005-01-19 17:00:00,0.7
2005-01-19 18:00:00,1.8
2005-01-19 19:00:00,2.2
2005-01-19 20:00:00,2.3
2005-01-19 21:00:00,2.6
2005-01-19 22:00:00,1.1
2005-01-19 23:00:00,1.2
2005-01-20 00:00:00,1.8
2005-01-20 01:00:00,1.1
2005-01-20 02:00:00,0.9
2005-01-20 03:00:00,0.7
2005-01-20 04:00:00,0.6
2005-01-20 05:00:00,0.6
2005-01-20 06:00:00,0.9
2005-01-20 07:00:00,1.0
2005-01-20 08:00:00,3.4
2005-01-20 09:00:00,4.2
2005-01-20 10:00:00,4.4
2005-01-20 11:00:00,2.9
2005-01-20 12:00:00,2.6
2005-01-20 13:00:00,2.6
2005-01-20 14:00:00,3.0
2005-01-20 15:00:00,2.3
2005-01-20 16:00:00,3.0
2005-01-20 17:00:00,4.5
2005-01-20 18:00:00,6.0
2005-01-20 19:00:00,4.3
2005-01-20 20:00:00,3.4
2005-01-20 21:00:00,2.8
2005-01-20 22:00:00,2.1
2005-01-20 23:00:00,1.7
2005-01-21 00:00:00,1.8
2005-01-21 01:00:00,1.6
2005-01-21 02:00:00,1.4
2005-01-21 03:00:00,1.3
2005-01-21 04:00:00,1.3
2005-01-21 05:00:00,1.3
2005-01-21 06:00:00,1.6
2005-01-21 07:00:00,2.4
2005-01-21 08:00:00,4.5
2005-01-21 09:00:00,5.7
2005-01-21 10:00:00,4.3
2005-01-21 11:00:00,4.2
2005-01-21 12:00:00,4.5
2005-01-21 13:00:00,5.0
2005-01-21 14:00:00,2.9
2005-01-21 15:00:00,3.0
2005-01-21 16:00:00,3.3
2005-01-21 17:00:00,1.4
2005-01-21 18:00:00,2.3
2005-01-21 19:00:00,1.6
2005-01-21 20:00:00,4.9
2005-01-21 21:00:00,6.4
2005-01-21 22:00:00,3.5
2005-01-21 23:00:00,1.7
2005-01-22 00:00:00,2.6
2005-01-22 01:00:00,1.6
2005-01-22 02:00:00,1.5
2005-01-22 03:00:00,0.9
2005-01-22 04:00:00,0.5
2005-01-22 05:00:00,0.9
2005-01-22 06:00:00,0.4
2005-01-22 07:00:00,0.5
2005-01-22 08:00:00,0.8
2005-01-22 09:00:00,1.4
2005-01-22 10:00:00,1.6
2005-01-22 11:00:00,1.5
2005-01-22 12:00:00,1.0
2005-01-22 13:00:00,1.0
2005-01-22 14:00:00,1.3
2005-01-22 15:00:00,0.1
2005-01-22 16:00:00,0.1
2005-01-22 17:00:00,0.1
2005-01-22 18:00:00,0.1
2005-01-22 19:00:00,0.4
2005-01-22 20:00:00,0.7
2005-01-22 21:00:00,2.7
2005-01-22 22:00:00,2.1
2005-01-22 23:00:00,1.3
2005-01-23 00:00:00,0.8
2005-01-23 01:00:00,0.7730769230769231
2005-01-23 02:00:00,0.7461538461538462
2005-01-23 03:00:00,0.7192307692307692
2005-01-23 04:00:00,0.6923076923076923
2005-01-23 05:00:00,0.6653846153846155
2005-01-23 06:00:00,0.6384615384615385
2005-01-23 07:00:00,0.6115384615384616
2005-01-23 08:00:00,0.5846153846153846
2005-01-23 09:00:00,0.5576923076923077
2005-01-23 10:00:00,0.5307692307692308
2005-01-23 11:00:00,0.5038461538461538
2005-01-23 12:00:00,0.47692307692307695
2005-01-23 13:00:00,0.45
2005-01-23 14:00:00,0.42307692307692313
2005-01-23 15:00:00,0.3961538461538462
2005-01-23 16:00:00,0.36923076923076925
2005-01-23 17:00:00,0.3423076923076923
2005-01-23 18:00:00,0.3153846153846154
2005-01-23 19:00:00,0.28846153846153844
2005-01-23 20:00:00,0.2615384615384615
2005-01-23 21:00:00,0.23461538461538467
2005-01-23 22:00:00,0.20769230769230773
2005-01-23 23:00:00,0.1807692307692308
2005-01-24 00:00:00,0.15384615384615385
2005-01-24 01:00:00,0.12692307692307692
2005-01-24 02:00:00,0.1
2005-01-24 03:00:00,0.16666666666666669
2005-01-24 04:00:00,0.23333333333333334
2005-01-24 05:00:00,0.3
2005-01-24 06:00:00,0.5
2005-01-24 07:00:00,0.6
2005-01-24 08:00:00,1.8
2005-01-24 09:00:00,2.0
2005-01-24 10:00:00,1.4
2005-01-24 11:00:00,0.6
2005-01-24 12:00:00,0.5
2005-01-24 13:00:00,0.7
2005-01-24 14:00:00,0.7
2005-01-24 15:00:00,1.1
2005-01-24 16:00:00,1.3
2005-01-24 17:00:00,1.0
2005-01-24 18:00:00,1.5
2005-01-24 19:00:00,1.5
2005-01-24 20:00:00,1.2
2005-01-24 21:00:00,0.3
2005-01-24 22:00:00,0.2909090909090909
2005-01-24 23:00:00,0.2818181818181818
2005-01-25 00:00:00,0.2727272727272727
2005-01-25 01:00:00,0.2636363636363636
2005-01-25 02:00:00,0.2545454545454545
2005-01-25 03:00:00,0.24545454545454545
2005-01-25 04:00:00,0.2363636363636364
2005-01-25 05:00:00,0.2272727272727273
2005-01-25 06:00:00,0.2181818181818182
2005-01-25 07:00:00,0.2090909090909091
2005-01-25 08:00:00,0.2
2005-01-25 09:00:00,0.7
2005-01-25 10:00:00,0.5
2005-01-25 11:00:00,0.4
2005-01-25 12:00:00,0.3
2005-01-25 13:00:00,0.3
2005-01-25 14:00:00,0.4
2005-01-25 15:00:00,0.2
2005-01-25 16:00:00,0.4
2005-01-25 17:00:00,0.4
2005-01-25 18:00:00,0.7
2005-01-25 19:00:00,1.0
2005-01-25 20:00:00,1.1
2005-01-25 21:00:00,0.3
2005-01-25 22:00:00,0.1
2005-01-25 23:00:00,0.12
2005-01-26 00:00:00,0.14
2005-01-26 01:00:00,0.16
2005-01-26 02:00:00,0.18
2005-01-26 03:00:00,0.19999999999999998
2005-01-26 04:00:00,0.21999999999999997
2005-01-26 05:00:00,0.24
2005-01-26 06:00:00,0.26
2005-01-26 07:00:00,0.27999999999999997
2005-01-26 08:00:00,0.3
2005-01-26 09:00:00,0.6
2005-01-26 10:00:00,0.3
2005-01-26 11:00:00,0.1
2005-01-26 12:00:00,0.1
2005-01-26 13:00:00,0.2
2005-01-26 14:00:00,0.5
2005-01-26 15:00:00,0.3
2005-01-26 16:00:00,0.3
2005-01-26 17:00:00,0.3
2005-01-26 18:00:00,1.0
2005-01-26 19:00:00,1.4
2005-01-26 20:00:00,1.4
2005-01-26 21:00:00,1.1
2005-01-26 22:00:00,0.4
2005-01-26 23:00:00,0.2
2005-01-27 00:00:00,0.2
2005-01-27 01:00:00,0.2
2005-01-27 02:00:00,0.2
2005-01-27 03:00:00,0.26666666666666666
2005-01-27 04:00:00,0.33333333333333337
2005-01-27 05:00:00,0.4
2005-01-27 06:00:00,0.5
2005-01-27 07:00:00,0.7
2005-01-27 08:00:00,1.9
2005-01-27 09:00:00,2.4
2005-01-27 10:00:00,2.0
2005-01-27 11:00:00,1.3
2005-01-27 12:00:00,1.0
2005-01-27 13:00:00,1.2
2005-01-27 14:00:00,1.5
2005-01-27 15:00:00,1.3
2005-01-27 16:00:00,1.5
2005-01-27 17:00:00,1.5
2005-01-27 18:00:00,2.1
2005-01-27 19:00:00,2.6
2005-01-27 20:00:00,3.0
2005-01-27 21:00:00,2.0
2005-01-27 22:00:00,1.4
2005-01-27 23:00:00,1.3
2005-01-28 00:00:00,1.2
2005-01-28 01:00:00,1.1
2005-01-28 02:00:00,0.9
2005-01-28 03:00:00,0.8
2005-01-28 04:00:00,0.6
2005-01-28 05:00:00,0.5
2005-01-28 06:00:00,0.6
2005-01-28 07:00:00,0.7
2005-01-28 08:00:00,1.6
2005-01-28 09:00:00,2.2
2005-01-28 10:00:00,1.8
2005-01-28 11:00:00,1.5
2005-01-28 12:00:00,1.8
2005-01-28 13:00:00,1.4
2005-01-28 14:00:00,2.1
2005-01-28 15:00:00,1.6
2005-01-28 16:00:00,1.3
2005-01-28 17:00:00,1.9
2005-01-28 18:00:00,2.4
2005-01-28 19:00:00,3.0
2005-01-28 20:00:00,1.9
2005-01-28 21:00:00,1.8
2005-01-28 22:00:00,1.1
2005-01-28 23:00:00,1.1
2005-01-29 00:00:00,1.1
2005-01-29 01:00:00,1.0
2005-01-29 02:00:00,0.7
2005-01-29 03:00:00,0.6
2005-01-29 04:00:00,0.5
2005-01-29 05:00:00,0.5
2005-01-29 06:00:00,0.4
2005-01-29 07:00:00,0.5
2005-01-29 08:00:00,0.8
2005-01-29 09:00:00,1.1
2005-01-29 10:00:00,1.1
2005-01-29 11:00:00,1.1
2005-01-29 12:00:00,1.1
2005-01-29 13:00:00,1.1
2005-01-29 14:00:00,1.2
2005-01-29 15:00:00,1.0
2005-01-29 16:00:00,1.2
2005-01-29 17:00:00,1.3
2005-01-29 18:00:00,1.4
2005-01-29 19:00:00,1.3
2005-01-29 20:00:00,1.4
2005-01-29 21:00:00,1.5
2005-01-29 22:00:00,1.0
2005-01-29 23:00:00,1.0
2005-01-30 00:00:00,1.1
2005-01-30 01:00:00,1.3
2005-01-30 02:00:00,1.0
2005-01-30 03:00:00,1.1
2005-01-30 04:00:00,0.8500000000000001
2005-01-30 05:00:00,0.6
2005-01-30 06:00:00,0.5
2005-01-30 07:00:00,0.4
2005-01-30 08:00:00,0.5
2005-01-30 09:00:00,0.7
2005-01-30 10:00:00,0.8
2005-01-30 11:00:00,0.8
2005-01-30 12:00:00,1.0
2005-01-30 13:00:00,0.9
2005-01-30 14:00:00,0.9
2005-01-30 15:00:00,0.9
2005-01-30 16:00:00,1.0
2005-01-30 17:00:00,1.0
2005-01-30 18:00:00,1.1
2005-01-30 19:00:00,1.2
2005-01-30 20:00:00,1.6
2005-01-30 21:00:00,1.7
2005-01-30 22:00:00,1.1
2005-01-30 23:00:00,1.3
2005-01-31 00:00:00,1.7
2005-01-31 01:00:00,1.5
2005-01-31 02:00:00,0.8
2005-01-31 03:00:00,0.5
2005-01-31 04:00:00,0.4
2005-01-31 05:00:00,0.4
2005-01-31 06:00:00,0.4
2005-01-31 07:00:00,0.7
2005-01-31 08:00:00,1.8
2005-01-31 09:00:00,2.65
2005-01-31 10:00:00,3.5
2005-01-31 11:00:00,2.8
2005-01-31 12:00:00,3.1
2005-01-31 13:00:00,2.5
2005-01-31 14:00:00,2.7
2005-01-31 15:00:00,2.9
2005-01-31 16:00:00,3.2
2005-01-31 17:00:00,4.1
2005-01-31 18:00:00,6.1
2005-01-31 19:00:00,6.8
2005-01-31 20:00:00,6.8
2005-01-31 21:00:00,3.7
2005-01-31 22:00:00,2.1
2005-01-31 23:00:00,1.4
2005-02-01 00:00:00,1.3
2005-02-01 01:00:00,1.1
2005-02-01 02:00:00,1.0
2005-02-01 03:00:00,0.9
2005-02-01 04:00:00,0.8
2005-02-01 05:00:00,0.9
2005-02-01 06:00:00,1.1
2005-02-01 07:00:00,1.6
2005-02-01 08:00:00,3.7
2005-02-01 09:00:00,4.8
2005-02-01 10:00:00,4.1
2005-02-01 11:00:00,4.5
2005-02-01 12:00:00,4.5
2005-02-01 13:00:00,3.7
2005-02-01 14:00:00,4.2
2005-02-01 15:00:00,3.3
2005-02-01 16:00:00,3.2
2005-02-01 17:00:00,3.6
2005-02-01 18:00:00,3.5
2005-02-01 19:00:00,4.1
2005-02-01 20:00:00,4.0
2005-02-01 21:00:00,3.3
2005-02-01 22:00:00,3.0
2005-02-01 23:00:00,2.6
2005-02-02 00:00:00,2.6
2005-02-02 01:00:00,2.6
2005-02-02 02:00:00,2.9
2005-02-02 03:00:00,2.9
2005-02-02 04:00:00,2.5
2005-02-02 05:00:00,2.0
2005-02-02 06:00:00,2.2
2005-02-02 07:00:00,2.4
2005-02-02 08:00:00,4.0
2005-02-02 09:00:00,6.7
2005-02-02 10:00:00,5.6
2005-02-02 11:00:00,4.3
2005-02-02 12:00:00,4.0
2005-02-02 13:00:00,2.6
2005-02-02 14:00:00,2.2
2005-02-02 15:00:00,1.9
2005-02-02 16:00:00,1.8
2005-02-02 17:00:00,3.1
2005-02-02 18:00:00,4.8
2005-02-02 19:00:00,5.8
2005-02-02 20:00:00,5.9
2005-02-02 21:00:00,4.1
2005-02-02 22:00:00,1.8
2005-02-02 23:00:00,1.7
2005-02-03 00:00:00,1.7
2005-02-03 01:00:00,1.5
2005-02-03 02:00:00,1.1
2005-02-03 03:00:00,0.9
2005-02-03 04:00:00,0.6
2005-02-03 05:00:00,0.3
2005-02-03 06:00:00,0.4
2005-02-03 07:00:00,0.6
2005-02-03 08:00:00,3.0
2005-02-03 09:00:00,5.6
2005-02-03 10:00:00,4.9
2005-02-03 11:00:00,3.5
2005-02-03 12:00:00,2.2
2005-02-03 13:00:00,2.7
2005-02-03 14:00:00,2.7
2005-02-03 15:00:00,2.1
2005-02-03 16:00:00,2.0
2005-02-03 17:00:00,2.4
2005-02-03 18:00:00,6.7
2005-02-03 19:00:00,6.4
2005-02-03 20:00:00,3.9
2005-02-03 21:00:00,2.7
2005-02-03 22:00:00,3.0
2005-02-03 23:00:00,2.1
2005-02-04 00:00:00,1.2
2005-02-04 01:00:00,1.2
2005-02-04 02:00:00,0.7
2005-02-04 03:00:00,0.9
2005-02-04 04:00:00,0.8
2005-02-04 05:00:00,0.4
2005-02-04 06:00:00,0.7
2005-02-04 07:00:00,1.4
2005-02-04 08:00:00,4.0
2005-02-04 09:00:00,3.9
2005-02-04 10:00:00,3.1
2005-02-04 11:00:00,3.2
2005-02-04 12:00:00,1.5
2005-02-04 13:00:00,1.2
2005-02-04 14:00:00,1.9
2005-02-04 15:00:00,1.5
2005-02-04 16:00:00,1.4
2005-02-04 17:00:00,1.9
2005-02-04 18:00:00,2.2
2005-02-04 19:00:00,3.0
2005-02-04 20:00:00,2.6
2005-02-04 21:00:00,2.8
2005-02-04 22:00:00,1.6
2005-02-04 23:00:00,1.3
2005-02-05 00:00:00,1.6
2005-02-05 01:00:00,1.5
2005-02-05 02:00:00,1.3
2005-02-05 03:00:00,1.6
2005-02-05 04:00:00,2.0
2005-02-05 05:00:00,1.3
2005-02-05 06:00:00,0.9
2005-02-05 07:00:00,1.4
2005-02-05 08:00:00,3.1
2005-02-05 09:00:00,4.1
2005-02-05 10:00:00,1.3
2005-02-05 11:00:00,0.9
2005-02-05 12:00:00,1.0
2005-02-05 13:00:00,1.0
2005-02-05 14:00:00,1.1
2005-02-05 15:00:00,0.8
2005-02-05 16:00:00,1.0
2005-02-05 17:00:00,0.9
2005-02-05 18:00:00,0.9
2005-02-05 19:00:00,1.6
2005-02-05 20:00:00,1.4
2005-02-05 21:00:00,1.4
2005-02-05 22:00:00,1.1
2005-02-05 23:00:00,1.2
2005-02-06 00:00:00,1.8
2005-02-06 01:00:00,1.4
2005-02-06 02:00:00,1.4
2005-02-06 03:00:00,0.9
2005-02-06 04:00:00,0.8500000000000001
2005-02-06 05:00:00,0.8
2005-02-06 06:00:00,0.7
2005-02-06 07:00:00,0.7
2005-02-06 08:00:00,0.6
2005-02-06 09:00:00,0.8
2005-02-06 10:00:00,1.3
2005-02-06 11:00:00,2.0
2005-02-06 12:00:00,1.7
2005-02-06 13:00:00,1.2
2005-02-06 14:00:00,1.0
2005-02-06 15:00:00,0.8
2005-02-06 16:00:00,1.0
2005-02-06 17:00:00,1.4
2005-02-06 18:00:00,1.1
2005-02-06 19:00:00,1.6
2005-02-06 20:00:00,1.8
2005-02-06 21:00:00,1.4
2005-02-06 22:00:00,1.1
2005-02-06 23:00:00,1.0
2005-02-07 00:00:00,1.1
2005-02-07 01:00:00,1.0
2005-02-07 02:00:00,0.8
2005-02-07 03:00:00,0.6
2005-02-07 04:00:00,0.6
2005-02-07 05:00:00,0.6
2005-02-07 06:00:00,0.6
2005-02-07 07:00:00,0.8
2005-02-07 08:00:00,2.3
2005-02-07 09:00:00,2.8
2005-02-07 10:00:00,2.1
2005-02-07 11:00:00,1.7
2005-02-07 12:00:00,1.4
2005-02-07 13:00:00,1.6
2005-02-07 14:00:00,1.4
2005-02-07 15:00:00,1.3
2005-02-07 16:00:00,1.4
2005-02-07 17:00:00,1.7
2005-02-07 18:00:00,1.9
2005-02-07 19:00:00,2.3
2005-02-07 20:00:00,2.0
2005-02-07 21:00:00,1.6
2005-02-07 22:00:00,1.0
2005-02-07 23:00:00,0.9
2005-02-08 00:00:00,0.9
2005-02-08 01:00:00,0.9
2005-02-08 02:00:00,0.5
2005-02-08 03:00:00,0.4
2005-02-08 04:00:00,0.5
2005-02-08 05:00:00,0.6
2005-02-08 06:00:00,0.6
2005-02-08 07:00:00,1.0
2005-02-08 08:00:00,2.1
2005-02-08 09:00:00,2.9
2005-02-08 10:00:00,2.2
2005-02-08 11:00:00,1.6
2005-02-08 12:00:00,1.8
2005-02-08 13:00:00,1.5
2005-02-08 14:00:00,2.2
2005-02-08 15:00:00,1.6
2005-02-08 16:00:00,1.5
2005-02-08 17:00:00,1.8
2005-02-08 18:00:00,1.8
2005-02-08 19:00:00,2.3
2005-02-08 20:00:00,1.9
2005-02-08 21:00:00,1.9
2005-02-08 22:00:00,1.1
2005-02-08 23:00:00,0.9
2005-02-09 00:00:00,0.8
2005-02-09 01:00:00,0.9
2005-02-09 02:00:00,0.7
2005-02-09 03:00:00,0.8
2005-02-09 04:00:00,0.75
2005-02-09 05:00:00,0.7
2005-02-09 06:00:00,0.6
2005-02-09 07:00:00,1.0
2005-02-09 08:00:00,1.7
2005-02-09 09:00:00,2.7
2005-02-09 10:00:00,3.3
2005-02-09 11:00:00,2.1
2005-02-09 12:00:00,2.0
2005-02-09 13:00:00,2.0
2005-02-09 14:00:00,2.3
2005-02-09 15:00:00,2.0
2005-02-09 16:00:00,2.1
2005-02-09 17:00:00,2.3
2005-02-09 18:00:00,3.1
2005-02-09 19:00:00,3.9
2005-02-09 20:00:00,3.8
2005-02-09 21:00:00,2.9
2005-02-09 22:00:00,2.2
2005-02-09 23:00:00,1.9
2005-02-10 00:00:00,2.0
2005-02-10 01:00:00,1.8
2005-02-10 02:00:00,1.6
2005-02-10 03:00:00,1.5
2005-02-10 04:00:00,1.4
2005-02-10 05:00:00,1.5
2005-02-10 06:00:00,1.7
2005-02-10 07:00:00,1.9
2005-02-10 08:00:00,3.3
2005-02-10 09:00:00,3.8
2005-02-10 10:00:00,4.3
2005-02-10 11:00:00,3.7
2005-02-10 12:00:00,2.7
2005-02-10 13:00:00,2.2
2005-02-10 14:00:00,2.4
2005-02-10 15:00:00,2.2
2005-02-10 16:00:00,2.3
2005-02-10 17:00:00,2.6
2005-02-10 18:00:00,4.2
2005-02-10 19:00:00,6.2
2005-02-10 20:00:00,8.4
2005-02-10 21:00:00,4.5
2005-02-10 22:00:00,2.7
2005-02-10 23:00:00,2.4
2005-02-11 00:00:00,2.3
2005-02-11 01:00:00,2.2
2005-02-11 02:00:00,2.0
2005-02-11 03:00:00,1.6
2005-02-11 04:00:00,1.6
2005-02-11 05:00:00,1.5
2005-02-11 06:00:00,1.7
2005-02-11 07:00:00,1.8
2005-02-11 08:00:00,3.8
2005-02-11 09:00:00,5.9
2005-02-11 10:00:00,5.4
2005-02-11 11:00:00,4.7
2005-02-11 12:00:00,4.3
2005-02-11 13:00:00,5.4
2005-02-11 14:00:00,5.8
2005-02-11 15:00:00,6.1
2005-02-11 16:00:00,7.1
2005-02-11 17:00:00,6.6
2005-02-11 18:00:00,6.5
2005-02-11 19:00:00,7.1
2005-02-11 20:00:00,4.9
2005-02-11 21:00:00,4.0
2005-02-11 22:00:00,4.0
2005-02-11 23:00:00,3.6
2005-02-12 00:00:00,4.2
2005-02-12 01:00:00,4.3
2005-02-12 02:00:00,3.6
2005-02-12 03:00:00,2.5
2005-02-12 04:00:00,1.95
2005-02-12 05:00:00,1.4
2005-02-12 06:00:00,1.4
2005-02-12 07:00:00,1.6
2005-02-12 08:00:00,2.3
2005-02-12 09:00:00,2.4
2005-02-12 10:00:00,2.7
2005-02-12 11:00:00,3.4
2005-02-12 12:00:00,3.1
2005-02-12 13:00:00,3.6
2005-02-12 14:00:00,3.8
2005-02-12 15:00:00,3.3
2005-02-12 16:00:00,3.4
2005-02-12 17:00:00,3.7
2005-02-12 18:00:00,4.6
2005-02-12 19:00:00,5.0
2005-02-12 20:00:00,5.7
2005-02-12 21:00:00,5.2
2005-02-12 22:00:00,5.0
2005-02-12 23:00:00,4.5
2005-02-13 00:00:00,4.1
2005-02-13 01:00:00,4.1
2005-02-13 02:00:00,3.1
2005-02-13 03:00:00,2.7
2005-02-13 04:00:00,2.8
2005-02-13 05:00:00,2.9
2005-02-13 06:00:00,2.6
2005-02-13 07:00:00,2.6
2005-02-13 08:00:00,2.8
2005-02-13 09:00:00,3.3
2005-02-13 10:00:00,3.2
2005-02-13 11:00:00,3.3
2005-02-13 12:00:00,1.5
2005-02-13 13:00:00,1.2
2005-02-13 14:00:00,1.1
2005-02-13 15:00:00,1.7
2005-02-13 16:00:00,1.0
2005-02-13 17:00:00,1.0
2005-02-13 18:00:00,2.6
2005-02-13 19:00:00,2.5
2005-02-13 20:00:00,2.1
2005-02-13 21:00:00,1.0
2005-02-13 22:00:00,1.3
2005-02-13 23:00:00,1.5
2005-02-14 00:00:00,1.4
2005-02-14 01:00:00,1.6
2005-02-14 02:00:00,1.1
2005-02-14 03:00:00,0.7
2005-02-14 04:00:00,0.5
2005-02-14 05:00:00,0.4
2005-02-14 06:00:00,0.7
2005-02-14 07:00:00,0.7
2005-02-14 08:00:00,2.3
2005-02-14 09:00:00,2.5
2005-02-14 10:00:00,1.7
2005-02-14 11:00:00,2.5
2005-02-14 12:00:00,2.1
2005-02-14 13:00:00,1.1
2005-02-14 14:00:00,1.3
2005-02-14 15:00:00,1.1
2005-02-14 16:00:00,1.1
2005-02-14 17:00:00,1.4
2005-02-14 18:00:00,2.3
2005-02-14 19:00:00,4.2
2005-02-14 20:00:00,3.5
2005-02-14 21:00:00,3.0
2005-02-14 22:00:00,1.7
2005-02-14 23:00:00,1.6
2005-02-15 00:00:00,1.0
2005-02-15 01:00:00,0.8
2005-02-15 02:00:00,0.6
2005-02-15 03:00:00,0.4
2005-02-15 04:00:00,0.35
2005-02-15 05:00:00,0.3
2005-02-15 06:00:00,0.4
2005-02-15 07:00:00,0.5
2005-02-15 08:00:00,1.5
2005-02-15 09:00:00,2.1
2005-02-15 10:00:00,1.6
2005-02-15 11:00:00,1.0
2005-02-15 12:00:00,1.2
2005-02-15 13:00:00,1.3
2005-02-15 14:00:00,1.4
2005-02-15 15:00:00,1.0
2005-02-15 16:00:00,1.4
2005-02-15 17:00:00,1.5
2005-02-15 18:00:00,2.4
2005-02-15 19:00:00,2.8
2005-02-15 20:00:00,3.1
2005-02-15 21:00:00,3.1
2005-02-15 22:00:00,2.0
2005-02-15 23:00:00,2.1
2005-02-16 00:00:00,1.9
2005-02-16 01:00:00,2.5
2005-02-16 02:00:00,2.0
2005-02-16 03:00:00,1.4
2005-02-16 04:00:00,1.1
2005-02-16 05:00:00,0.8
2005-02-16 06:00:00,0.9
2005-02-16 07:00:00,1.6
2005-02-16 08:00:00,3.6
2005-02-16 09:00:00,3.3
2005-02-16 10:00:00,2.1
2005-02-16 11:00:00,1.3
2005-02-16 12:00:00,1.1
2005-02-16 13:00:00,1.5
2005-02-16 14:00:00,1.5
2005-02-16 15:00:00,1.6
2005-02-16 16:00:00,1.5
2005-02-16 17:00:00,1.6
2005-02-16 18:00:00,2.2
2005-02-16 19:00:00,3.4
2005-02-16 20:00:00,5.6
2005-02-16 21:00:00,5.2
2005-02-16 22:00:00,2.8
2005-02-16 23:00:00,2.4
2005-02-17 00:00:00,2.7
2005-02-17 01:00:00,2.6
2005-02-17 02:00:00,2.3
2005-02-17 03:00:00,1.0
2005-02-17 04:00:00,0.6
2005-02-17 05:00:00,0.5
2005-02-17 06:00:00,0.5
2005-02-17 07:00:00,1.0
2005-02-17 08:00:00,2.6
2005-02-17 09:00:00,2.7
2005-02-17 10:00:00,1.8
2005-02-17 11:00:00,1.2
2005-02-17 12:00:00,1.3
2005-02-17 13:00:00,1.4
2005-02-17 14:00:00,1.8
2005-02-17 15:00:00,1.3
2005-02-17 16:00:00,1.4
2005-02-17 17:00:00,1.4
2005-02-17 18:00:00,2.4
2005-02-17 19:00:00,2.8
2005-02-17 20:00:00,3.3
2005-02-17 21:00:00,2.5
2005-02-17 22:00:00,2.1
2005-02-17 23:00:00,1.2
2005-02-18 00:00:00,1.2
2005-02-18 01:00:00,1.3
2005-02-18 02:00:00,1.0
2005-02-18 03:00:00,0.8
2005-02-18 04:00:00,0.6000000000000001
2005-02-18 05:00:00,0.4
2005-02-18 06:00:00,0.5
2005-02-18 07:00:00,0.7
2005-02-18 08:00:00,2.1
2005-02-18 09:00:00,2.5
2005-02-18 10:00:00,2.0
2005-02-18 11:00:00,1.4
2005-02-18 12:00:00,1.3
2005-02-18 13:00:00,1.4
2005-02-18 14:00:00,1.6
2005-02-18 15:00:00,1.7
2005-02-18 16:00:00,1.8
2005-02-18 17:00:00,2.4
2005-02-18 18:00:00,2.8
2005-02-18 19:00:00,3.3
2005-02-18 20:00:00,4.8
2005-02-18 21:00:00,2.8
2005-02-18 22:00:00,2.4
2005-02-18 23:00:00,2.9
2005-02-19 00:00:00,2.7
2005-02-19 01:00:00,2.1
2005-02-19 02:00:00,1.5
2005-02-19 03:00:00,1.2
2005-02-19 04:00:00,0.9
2005-02-19 05:00:00,0.8
2005-02-19 06:00:00,0.8
2005-02-19 07:00:00,1.1
2005-02-19 08:00:00,1.9
2005-02-19 09:00:00,2.5
2005-02-19 10:00:00,2.2
2005-02-19 11:00:00,2.1
2005-02-19 12:00:00,2.3
2005-02-19 13:00:00,1.2
2005-02-19 14:00:00,1.2
2005-02-19 15:00:00,1.1
2005-02-19 16:00:00,1.1
2005-02-19 17:00:00,1.4
2005-02-19 18:00:00,1.7
2005-02-19 19:00:00,2.5
2005-02-19 20:00:00,2.7
2005-02-19 21:00:00,3.1
2005-02-19 22:00:00,2.8
2005-02-19 23:00:00,1.9
2005-02-20 00:00:00,1.9
2005-02-20 01:00:00,1.7
2005-02-20 02:00:00,2.2
2005-02-20 03:00:00,1.6
2005-02-20 04:00:00,1.5
2005-02-20 05:00:00,0.8
2005-02-20 06:00:00,0.5
2005-02-20 07:00:00,0.5
2005-02-20 08:00:00,0.7
2005-02-20 09:00:00,0.7
2005-02-20 10:00:00,0.9
2005-02-20 11:00:00,1.0
2005-02-20 12:00:00,1.1
2005-02-20 13:00:00,1.1
2005-02-20 14:00:00,1.0
2005-02-20 15:00:00,1.1
2005-02-20 16:00:00,1.3
2005-02-20 17:00:00,1.2
2005-02-20 18:00:00,1.3
2005-02-20 19:00:00,1.1
2005-02-20 20:00:00,1.5
2005-02-20 21:00:00,1.4
2005-02-20 22:00:00,1.1
2005-02-20 23:00:00,1.3
2005-02-21 00:00:00,1.4
2005-02-21 01:00:00,1.1
2005-02-21 02:00:00,0.8
2005-02-21 03:00:00,0.6
2005-02-21 04:00:00,0.55
2005-02-21 05:00:00,0.5
2005-02-21 06:00:00,0.6
2005-02-21 07:00:00,1.2
2005-02-21 08:00:00,2.2
2005-02-21 09:00:00,2.9
2005-02-21 10:00:00,2.9
2005-02-21 11:00:00,2.0
2005-02-21 12:00:00,1.7
2005-02-21 13:00:00,2.2
2005-02-21 14:00:00,1.8
2005-02-21 15:00:00,1.6
2005-02-21 16:00:00,1.9
2005-02-21 17:00:00,2.2
2005-02-21 18:00:00,2.2
2005-02-21 19:00:00,4.9
2005-02-21 20:00:00,6.3
2005-02-21 21:00:00,2.7
2005-02-21 22:00:00,1.4
2005-02-21 23:00:00,1.2
2005-02-22 00:00:00,0.8
2005-02-22 01:00:00,0.8
2005-02-22 02:00:00,0.7
2005-02-22 03:00:00,0.4
2005-02-22 04:00:00,0.4
2005-02-22 05:00:00,0.5
2005-02-22 06:00:00,0.9
2005-02-22 07:00:00,1.5
2005-02-22 08:00:00,3.8
2005-02-22 09:00:00,5.4
2005-02-22 10:00:00,3.5
2005-02-22 11:00:00,1.7
2005-02-22 12:00:00,2.0
2005-02-22 13:00:00,2.1
2005-02-22 14:00:00,3.0
2005-02-22 15:00:00,2.1
2005-02-22 16:00:00,2.5
2005-02-22 17:00:00,2.2
2005-02-22 18:00:00,2.4
2005-02-22 19:00:00,3.6
2005-02-22 20:00:00,2.6
2005-02-22 21:00:00,2.7
2005-02-22 22:00:00,1.4
2005-02-22 23:00:00,0.9
2005-02-23 00:00:00,1.5
2005-02-23 01:00:00,1.1
2005-02-23 02:00:00,0.8
2005-02-23 03:00:00,0.6
2005-02-23 04:00:00,0.6
2005-02-23 05:00:00,0.6
2005-02-23 06:00:00,0.6
2005-02-23 07:00:00,0.7
2005-02-23 08:00:00,1.7
2005-02-23 09:00:00,1.9
2005-02-23 10:00:00,1.4
2005-02-23 11:00:00,1.3
2005-02-23 12:00:00,1.2
2005-02-23 13:00:00,1.9
2005-02-23 14:00:00,2.5
2005-02-23 15:00:00,2.3
2005-02-23 16:00:00,2.3
2005-02-23 17:00:00,2.5
2005-02-23 18:00:00,2.8
2005-02-23 19:00:00,2.7
2005-02-23 20:00:00,3.1
2005-02-23 21:00:00,2.9
2005-02-23 22:00:00,2.6
2005-02-23 23:00:00,1.5
2005-02-24 00:00:00,1.6
2005-02-24 01:00:00,1.1
2005-02-24 02:00:00,0.9
2005-02-24 03:00:00,0.7
2005-02-24 04:00:00,0.6499999999999999
2005-02-24 05:00:00,0.6
2005-02-24 06:00:00,0.8
2005-02-24 07:00:00,1.5
2005-02-24 08:00:00,3.1
2005-02-24 09:00:00,3.8
2005-02-24 10:00:00,2.7
2005-02-24 11:00:00,1.8
2005-02-24 12:00:00,1.4
2005-02-24 13:00:00,1.7
2005-02-24 14:00:00,1.9
2005-02-24 15:00:00,2.2
2005-02-24 16:00:00,3.0
2005-02-24 17:00:00,3.0
2005-02-24 18:00:00,3.9
2005-02-24 19:00:00,4.0
2005-02-24 20:00:00,3.9
2005-02-24 21:00:00,3.5
2005-02-24 22:00:00,2.4
2005-02-24 23:00:00,2.1
2005-02-25 00:00:00,2.5
2005-02-25 01:00:00,2.1
2005-02-25 02:00:00,1.5
2005-02-25 03:00:00,1.1
2005-02-25 04:00:00,1.0
2005-02-25 05:00:00,0.8
2005-02-25 06:00:00,1.0
2005-02-25 07:00:00,1.4
2005-02-25 08:00:00,3.6
2005-02-25 09:00:00,5.8
2005-02-25 10:00:00,4.2
2005-02-25 11:00:00,3.3
2005-02-25 12:00:00,1.7
2005-02-25 13:00:00,2.1
2005-02-25 14:00:00,2.2
2005-02-25 15:00:00,1.8
2005-02-25 16:00:00,2.0
2005-02-25 17:00:00,2.3
2005-02-25 18:00:00,2.8
2005-02-25 19:00:00,3.4
2005-02-25 20:00:00,4.0
2005-02-25 21:00:00,2.3
2005-02-25 22:00:00,2.7
2005-02-25 23:00:00,2.7
2005-02-26 00:00:00,2.8
2005-02-26 01:00:00,2.1
2005-02-26 02:00:00,1.9
2005-02-26 03:00:00,2.1
2005-02-26 04:00:00,1.7
2005-02-26 05:00:00,1.3
2005-02-26 06:00:00,0.9
2005-02-26 07:00:00,1.0
2005-02-26 08:00:00,1.0
2005-02-26 09:00:00,1.5
2005-02-26 10:00:00,1.5
2005-02-26 11:00:00,1.4
2005-02-26 12:00:00,2.4
2005-02-26 13:00:00,2.8
2005-02-26 14:00:00,2.9
2005-02-26 15:00:00,2.6
2005-02-26 16:00:00,2.5
2005-02-26 17:00:00,2.7
2005-02-26 18:00:00,2.8
2005-02-26 19:00:00,3.0
2005-02-26 20:00:00,3.7
2005-02-26 21:00:00,3.5
2005-02-26 22:00:00,3.8
2005-02-26 23:00:00,4.3
2005-02-27 00:00:00,4.8
2005-02-27 01:00:00,4.2
2005-02-27 02:00:00,3.3
2005-02-27 03:00:00,3.0
2005-02-27 04:00:00,2.0
2005-02-27 05:00:00,1.0
2005-02-27 06:00:00,0.9
2005-02-27 07:00:00,1.1
2005-02-27 08:00:00,1.1
2005-02-27 09:00:00,1.2
2005-02-27 10:00:00,1.7
2005-02-27 11:00:00,1.6
2005-02-27 12:00:00,1.4
2005-02-27 13:00:00,1.8
2005-02-27 14:00:00,1.1
2005-02-27 15:00:00,0.9
2005-02-27 16:00:00,1.1
2005-02-27 17:00:00,1.1
2005-02-27 18:00:00,1.2
2005-02-27 19:00:00,1.6
2005-02-27 20:00:00,2.6
2005-02-27 21:00:00,1.5
2005-02-27 22:00:00,1.0
2005-02-27 23:00:00,1.3
2005-02-28 00:00:00,1.6
2005-02-28 01:00:00,1.0
2005-02-28 02:00:00,0.6
2005-02-28 03:00:00,0.4
2005-02-28 04:00:00,0.3
2005-02-28 05:00:00,0.3
2005-02-28 06:00:00,0.3
2005-02-28 07:00:00,0.4
2005-02-28 08:00:00,1.0
2005-02-28 09:00:00,1.2
2005-02-28 10:00:00,1.0
2005-02-28 11:00:00,0.9
2005-02-28 12:00:00,0.8
2005-02-28 13:00:00,1.1
2005-02-28 14:00:00,1.0
2005-02-28 15:00:00,0.8
2005-02-28 16:00:00,0.9
2005-02-28 17:00:00,0.9
2005-02-28 18:00:00,2.0
2005-02-28 19:00:00,2.4
2005-02-28 20:00:00,2.5
2005-02-28 21:00:00,1.6
2005-02-28 22:00:00,0.9
2005-02-28 23:00:00,0.7
2005-03-01 00:00:00,0.6
2005-03-01 01:00:00,0.6
2005-03-01 02:00:00,0.4
2005-03-01 03:00:00,0.2
2005-03-01 04:00:00,0.2
2005-03-01 05:00:00,0.2
2005-03-01 06:00:00,0.2
2005-03-01 07:00:00,0.5
2005-03-01 08:00:00,1.5
2005-03-01 09:00:00,1.9
2005-03-01 10:00:00,1.4
2005-03-01 11:00:00,0.9
2005-03-01 12:00:00,0.7
2005-03-01 13:00:00,0.8
2005-03-01 14:00:00,1.0
2005-03-01 15:00:00,0.9
2005-03-01 16:00:00,1.0
2005-03-01 17:00:00,0.9
2005-03-01 18:00:00,1.4
2005-03-01 19:00:00,2.1
2005-03-01 20:00:00,2.8
2005-03-01 21:00:00,2.2
2005-03-01 22:00:00,1.0
2005-03-01 23:00:00,1.1
2005-03-02 00:00:00,0.9
2005-03-02 01:00:00,0.8
2005-03-02 02:00:00,0.6
2005-03-02 03:00:00,0.5
2005-03-02 04:00:00,0.45
2005-03-02 05:00:00,0.4
2005-03-02 06:00:00,0.5
2005-03-02 07:00:00,0.7
2005-03-02 08:00:00,2.4
2005-03-02 09:00:00,2.8
2005-03-02 10:00:00,2.0
2005-03-02 11:00:00,2.2
2005-03-02 12:00:00,1.4
2005-03-02 13:00:00,1.2
2005-03-02 14:00:00,1.9
2005-03-02 15:00:00,1.3
2005-03-02 16:00:00,2.0
2005-03-02 17:00:00,2.0
2005-03-02 18:00:00,3.4
2005-03-02 19:00:00,5.1
2005-03-02 20:00:00,5.3
2005-03-02 21:00:00,2.8
2005-03-02 22:00:00,1.6
2005-03-02 23:00:00,1.4
2005-03-03 00:00:00,1.4
2005-03-03 01:00:00,1.4
2005-03-03 02:00:00,1.1
2005-03-03 03:00:00,0.9
2005-03-03 04:00:00,1.0
2005-03-03 05:00:00,1.0
2005-03-03 06:00:00,1.2
2005-03-03 07:00:00,1.4
2005-03-03 08:00:00,3.0
2005-03-03 09:00:00,4.2
2005-03-03 10:00:00,2.1
2005-03-03 11:00:00,2.0
2005-03-03 12:00:00,1.6
2005-03-03 13:00:00,1.4
2005-03-03 14:00:00,1.6
2005-03-03 15:00:00,1.5
2005-03-03 16:00:00,1.7
2005-03-03 17:00:00,1.9
2005-03-03 18:00:00,3.8
2005-03-03 19:00:00,5.4
2005-03-03 20:00:00,4.2
2005-03-03 21:00:00,3.8
2005-03-03 22:00:00,2.3
2005-03-03 23:00:00,2.1
2005-03-04 00:00:00,2.3
2005-03-04 01:00:00,2.3
2005-03-04 02:00:00,1.7
2005-03-04 03:00:00,1.2
2005-03-04 04:00:00,0.6
2005-03-04 05:00:00,0.9
2005-03-04 06:00:00,1.1
2005-03-04 07:00:00,1.9
2005-03-04 08:00:00,3.7
2005-03-04 09:00:00,6.1
2005-03-04 10:00:00,4.6
2005-03-04 11:00:00,3.3
2005-03-04 12:00:00,3.3
2005-03-04 13:00:00,3.4
2005-03-04 14:00:00,3.6
2005-03-04 15:00:00,3.9
2005-03-04 16:00:00,4.8
2005-03-04 17:00:00,3.9
2005-03-04 18:00:00,3.6
2005-03-04 19:00:00,3.6
2005-03-04 20:00:00,4.6
2005-03-04 21:00:00,2.3
2005-03-04 22:00:00,1.6
2005-03-04 23:00:00,1.8
2005-03-05 00:00:00,2.2
2005-03-05 01:00:00,2.1
2005-03-05 02:00:00,1.7
2005-03-05 03:00:00,1.5
2005-03-05 04:00:00,1.3
2005-03-05 05:00:00,1.1
2005-03-05 06:00:00,1.1
2005-03-05 07:00:00,0.8
2005-03-05 08:00:00,1.3
2005-03-05 09:00:00,2.3
2005-03-05 10:00:00,1.1
2005-03-05 11:00:00,1.1
2005-03-05 12:00:00,1.5
2005-03-05 13:00:00,1.6
2005-03-05 14:00:00,2.2
2005-03-05 15:00:00,1.5
2005-03-05 16:00:00,1.8
2005-03-05 17:00:00,2.0
2005-03-05 18:00:00,1.9
2005-03-05 19:00:00,2.5
2005-03-05 20:00:00,2.6
2005-03-05 21:00:00,3.2
2005-03-05 22:00:00,2.2
2005-03-05 23:00:00,1.9
2005-03-06 00:00:00,2.4
2005-03-06 01:00:00,1.8
2005-03-06 02:00:00,0.9
2005-03-06 03:00:00,0.8
2005-03-06 04:00:00,0.7
2005-03-06 05:00:00,0.6
2005-03-06 06:00:00,0.5
2005-03-06 07:00:00,0.6
2005-03-06 08:00:00,0.6
2005-03-06 09:00:00,0.7
2005-03-06 10:00:00,0.7
2005-03-06 11:00:00,0.9
2005-03-06 12:00:00,1.0
2005-03-06 13:00:00,1.0
2005-03-06 14:00:00,1.4
2005-03-06 15:00:00,3.0
2005-03-06 16:00:00,1.5
2005-03-06 17:00:00,1.7
2005-03-06 18:00:00,2.3
2005-03-06 19:00:00,2.5
2005-03-06 20:00:00,2.1
2005-03-06 21:00:00,1.5
2005-03-06 22:00:00,1.4
2005-03-06 23:00:00,1.4
2005-03-07 00:00:00,1.4
2005-03-07 01:00:00,1.2
2005-03-07 02:00:00,0.9
2005-03-07 03:00:00,0.6
2005-03-07 04:00:00,0.4
2005-03-07 05:00:00,0.4
2005-03-07 06:00:00,0.5
2005-03-07 07:00:00,0.7
2005-03-07 08:00:00,1.5
2005-03-07 09:00:00,1.9
2005-03-07 10:00:00,1.6
2005-03-07 11:00:00,1.4
2005-03-07 12:00:00,1.3
2005-03-07 13:00:00,1.3
2005-03-07 14:00:00,1.2
2005-03-07 15:00:00,1.3
2005-03-07 16:00:00,1.4
2005-03-07 17:00:00,1.7
2005-03-07 18:00:00,2.5
2005-03-07 19:00:00,3.8
2005-03-07 20:00:00,4.2
2005-03-07 21:00:00,2.8
2005-03-07 22:00:00,1.5
2005-03-07 23:00:00,1.8
2005-03-08 00:00:00,1.5
2005-03-08 01:00:00,1.5
2005-03-08 02:00:00,1.2
2005-03-08 03:00:00,0.8
2005-03-08 04:00:00,0.75
2005-03-08 05:00:00,0.7
2005-03-08 06:00:00,0.7
2005-03-08 07:00:00,1.3
2005-03-08 08:00:00,3.4
2005-03-08 09:00:00,5.5
2005-03-08 10:00:00,4.1
2005-03-08 11:00:00,3.0
2005-03-08 12:00:00,1.9
2005-03-08 13:00:00,1.8
2005-03-08 14:00:00,2.1
2005-03-08 15:00:00,2.3
2005-03-08 16:00:00,2.3
2005-03-08 17:00:00,2.0
2005-03-08 18:00:00,3.1
2005-03-08 19:00:00,5.1
2005-03-08 20:00:00,5.9
2005-03-08 21:00:00,3.2
2005-03-08 22:00:00,2.4
2005-03-08 23:00:00,1.4
2005-03-09 00:00:00,1.4
2005-03-09 01:00:00,1.3
2005-03-09 02:00:00,1.0
2005-03-09 03:00:00,0.8
2005-03-09 04:00:00,0.8
2005-03-09 05:00:00,0.9
2005-03-09 06:00:00,0.9
2005-03-09 07:00:00,1.7
2005-03-09 08:00:00,4.3
2005-03-09 09:00:00,6.0
2005-03-09 10:00:00,3.8
2005-03-09 11:00:00,3.3
2005-03-09 12:00:00,2.3
2005-03-09 13:00:00,2.4
2005-03-09 14:00:00,2.2
2005-03-09 15:00:00,1.9
2005-03-09 16:00:00,1.7
2005-03-09 17:00:00,1.9
2005-03-09 18:00:00,3.8
2005-03-09 19:00:00,5.3
2005-03-09 20:00:00,5.9
2005-03-09 21:00:00,5.5
2005-03-09 22:00:00,2.0
2005-03-09 23:00:00,1.8
2005-03-10 00:00:00,1.6
2005-03-10 01:00:00,1.3
2005-03-10 02:00:00,1.1
2005-03-10 03:00:00,1.1
2005-03-10 04:00:00,1.0
2005-03-10 05:00:00,0.8
2005-03-10 06:00:00,0.9
2005-03-10 07:00:00,1.3
2005-03-10 08:00:00,4.1
2005-03-10 09:00:00,3.9
2005-03-10 10:00:00,3.5
2005-03-10 11:00:00,2.7
2005-03-10 12:00:00,2.3
2005-03-10 13:00:00,2.3
2005-03-10 14:00:00,2.1
2005-03-10 15:00:00,2.2
2005-03-10 16:00:00,1.8
2005-03-10 17:00:00,1.9
2005-03-10 18:00:00,2.7
2005-03-10 19:00:00,4.7
2005-03-10 20:00:00,5.4
2005-03-10 21:00:00,4.2
2005-03-10 22:00:00,2.1
2005-03-10 23:00:00,1.4
2005-03-11 00:00:00,1.4
2005-03-11 01:00:00,1.4
2005-03-11 02:00:00,1.0
2005-03-11 03:00:00,0.8
2005-03-11 04:00:00,0.75
2005-03-11 05:00:00,0.7
2005-03-11 06:00:00,0.6
2005-03-11 07:00:00,0.2
2005-03-11 08:00:00,1.5
2005-03-11 09:00:00,3.5
2005-03-11 10:00:00,3.0
2005-03-11 11:00:00,3.0
2005-03-11 12:00:00,1.0
2005-03-11 13:00:00,1.5
2005-03-11 14:00:00,2.2
2005-03-11 15:00:00,1.7
2005-03-11 16:00:00,1.1
2005-03-11 17:00:00,1.3
2005-03-11 18:00:00,1.5
2005-03-11 19:00:00,3.4
2005-03-11 20:00:00,3.8
2005-03-11 21:00:00,2.8
2005-03-11 22:00:00,0.8
2005-03-11 23:00:00,0.5
2005-03-12 00:00:00,1.0
2005-03-12 01:00:00,0.4
2005-03-12 02:00:00,0.4
2005-03-12 03:00:00,0.3
2005-03-12 04:00:00,0.26
2005-03-12 05:00:00,0.22
2005-03-12 06:00:00,0.18
2005-03-12 07:00:00,0.14
2005-03-12 08:00:00,0.1
2005-03-12 09:00:00,0.2
2005-03-12 10:00:00,0.6
2005-03-12 11:00:00,0.7
2005-03-12 12:00:00,0.6
2005-03-12 13:00:00,0.3
2005-03-12 14:00:00,0.5
2005-03-12 15:00:00,0.2
2005-03-12 16:00:00,0.4
2005-03-12 17:00:00,0.7
2005-03-12 18:00:00,0.9
2005-03-12 19:00:00,0.8
2005-03-12 20:00:00,2.4
2005-03-12 21:00:00,3.3
2005-03-12 22:00:00,0.9
2005-03-12 23:00:00,0.1
2005-03-13 00:00:00,0.1
2005-03-13 01:00:00,0.1
2005-03-13 02:00:00,0.2
2005-03-13 03:00:00,0.18571428571428572
2005-03-13 04:00:00,0.17142857142857143
2005-03-13 05:00:00,0.15714285714285714
2005-03-13 06:00:00,0.14285714285714285
2005-03-13 07:00:00,0.12857142857142856
2005-03-13 08:00:00,0.1142857142857143
2005-03-13 09:00:00,0.1
2005-03-13 10:00:00,0.3
2005-03-13 11:00:00,1.0
2005-03-13 12:00:00,1.6
2005-03-13 13:00:00,1.4
2005-03-13 14:00:00,0.3
2005-03-13 15:00:00,0.1
2005-03-13 16:00:00,0.3
2005-03-13 17:00:00,0.5
2005-03-13 18:00:00,0.8
2005-03-13 19:00:00,3.2
2005-03-13 20:00:00,2.8
2005-03-13 21:00:00,1.0
2005-03-13 22:00:00,0.9
2005-03-13 23:00:00,0.9
2005-03-14 00:00:00,0.4
2005-03-14 01:00:00,0.4
2005-03-14 02:00:00,0.3
2005-03-14 03:00:00,0.1
2005-03-14 04:00:00,0.45000000000000007
2005-03-14 05:00:00,0.8
2005-03-14 06:00:00,1.0
2005-03-14 07:00:00,1.6
2005-03-14 08:00:00,3.5
2005-03-14 09:00:00,4.0
2005-03-14 10:00:00,3.5
2005-03-14 11:00:00,1.6
2005-03-14 12:00:00,1.5
2005-03-14 13:00:00,1.5
2005-03-14 14:00:00,1.7
2005-03-14 15:00:00,1.6
2005-03-14 16:00:00,2.4
2005-03-14 17:00:00,3.4
2005-03-14 18:00:00,5.4
2005-03-14 19:00:00,6.5
2005-03-14 20:00:00,6.5
2005-03-14 21:00:00,4.0
2005-03-14 22:00:00,2.1
2005-03-14 23:00:00,1.6
2005-03-15 00:00:00,1.5
2005-03-15 01:00:00,0.7
2005-03-15 02:00:00,0.7
2005-03-15 03:00:00,0.6
2005-03-15 04:00:00,0.5
2005-03-15 05:00:00,0.4
2005-03-15 06:00:00,0.6
2005-03-15 07:00:00,0.9
2005-03-15 08:00:00,2.6
2005-03-15 09:00:00,3.3
2005-03-15 10:00:00,4.0
2005-03-15 11:00:00,3.1
2005-03-15 12:00:00,2.2
2005-03-15 13:00:00,2.1
2005-03-15 14:00:00,2.2
2005-03-15 15:00:00,1.9
2005-03-15 16:00:00,2.5
2005-03-15 17:00:00,2.9
2005-03-15 18:00:00,3.9
2005-03-15 19:00:00,6.3
2005-03-15 20:00:00,7.4
2005-03-15 21:00:00,5.7
2005-03-15 22:00:00,2.3
2005-03-15 23:00:00,1.5
2005-03-16 00:00:00,1.4
2005-03-16 01:00:00,1.1
2005-03-16 02:00:00,0.9
2005-03-16 03:00:00,0.7
2005-03-16 04:00:00,0.6
2005-03-16 05:00:00,0.6
2005-03-16 06:00:00,0.8
2005-03-16 07:00:00,1.0
2005-03-16 08:00:00,2.1
2005-03-16 09:00:00,4.2
2005-03-16 10:00:00,4.3
2005-03-16 11:00:00,3.2
2005-03-16 12:00:00,2.8
2005-03-16 13:00:00,2.4
2005-03-16 14:00:00,2.5
2005-03-16 15:00:00,2.9
2005-03-16 16:00:00,3.0
2005-03-16 17:00:00,3.6
2005-03-16 18:00:00,3.5
2005-03-16 19:00:00,4.8
2005-03-16 20:00:00,4.4
2005-03-16 21:00:00,4.9
2005-03-16 22:00:00,2.9
2005-03-16 23:00:00,2.1
2005-03-17 00:00:00,1.6
2005-03-17 01:00:00,1.2
2005-03-17 02:00:00,0.9
2005-03-17 03:00:00,0.7
2005-03-17 04:00:00,0.6
2005-03-17 05:00:00,0.5
2005-03-17 06:00:00,0.6
2005-03-17 07:00:00,1.3
2005-03-17 08:00:00,3.8
2005-03-17 09:00:00,5.6
2005-03-17 10:00:00,4.4
2005-03-17 11:00:00,3.0
2005-03-17 12:00:00,2.2
2005-03-17 13:00:00,2.0
2005-03-17 14:00:00,2.2
2005-03-17 15:00:00,2.1
2005-03-17 16:00:00,2.2
2005-03-17 17:00:00,1.9
2005-03-17 18:00:00,2.7
2005-03-17 19:00:00,3.9
2005-03-17 20:00:00,5.6
2005-03-17 21:00:00,4.9
2005-03-17 22:00:00,2.2
2005-03-17 23:00:00,1.9
2005-03-18 00:00:00,1.4
2005-03-18 01:00:00,1.3
2005-03-18 02:00:00,1.1
2005-03-18 03:00:00,0.9
2005-03-18 04:00:00,0.9
2005-03-18 05:00:00,0.7
2005-03-18 06:00:00,0.8
2005-03-18 07:00:00,1.2
2005-03-18 08:00:00,2.9
2005-03-18 09:00:00,5.4
2005-03-18 10:00:00,4.3
2005-03-18 11:00:00,3.1
2005-03-18 12:00:00,2.4
2005-03-18 13:00:00,2.3
2005-03-18 14:00:00,2.3
2005-03-18 15:00:00,2.3
2005-03-18 16:00:00,3.4
2005-03-18 17:00:00,3.7
2005-03-18 18:00:00,4.1
2005-03-18 19:00:00,5.6
2005-03-18 20:00:00,5.3
2005-03-18 21:00:00,4.9
2005-03-18 22:00:00,2.0
2005-03-18 23:00:00,1.9
2005-03-19 00:00:00,2.2
2005-03-19 01:00:00,1.9
2005-03-19 02:00:00,1.1
2005-03-19 03:00:00,1.0
2005-03-19 04:00:00,0.9
2005-03-19 05:00:00,0.9
2005-03-19 06:00:00,0.7
2005-03-19 07:00:00,1.0
2005-03-19 08:00:00,2.0
2005-03-19 09:00:00,2.7
2005-03-19 10:00:00,2.5
2005-03-19 11:00:00,2.4
2005-03-19 12:00:00,2.2
2005-03-19 13:00:00,2.1
2005-03-19 14:00:00,1.8
2005-03-19 15:00:00,1.4
2005-03-19 16:00:00,2.1
2005-03-19 17:00:00,1.7
2005-03-19 18:00:00,1.9
2005-03-19 19:00:00,2.7
2005-03-19 20:00:00,3.2
2005-03-19 21:00:00,3.3
2005-03-19 22:00:00,2.3
2005-03-19 23:00:00,1.9
2005-03-20 00:00:00,1.9
2005-03-20 01:00:00,1.9
2005-03-20 02:00:00,1.5
2005-03-20 03:00:00,1.1
2005-03-20 04:00:00,0.9500000000000001
2005-03-20 05:00:00,0.8
2005-03-20 06:00:00,0.6
2005-03-20 07:00:00,0.7
2005-03-20 08:00:00,0.7
2005-03-20 09:00:00,1.0
2005-03-20 10:00:00,1.5
2005-03-20 11:00:00,2.4
2005-03-20 12:00:00,1.6
2005-03-20 13:00:00,1.2
2005-03-20 14:00:00,0.9
2005-03-20 15:00:00,0.9
2005-03-20 16:00:00,1.1
2005-03-20 17:00:00,1.4
2005-03-20 18:00:00,1.7
2005-03-20 19:00:00,2.9
2005-03-20 20:00:00,4.0
2005-03-20 21:00:00,4.0
2005-03-20 22:00:00,1.9
2005-03-20 23:00:00,1.5
2005-03-21 00:00:00,1.5
2005-03-21 01:00:00,1.6
2005-03-21 02:00:00,1.1
2005-03-21 03:00:00,0.8
2005-03-21 04:00:00,0.7
2005-03-21 05:00:00,0.6
2005-03-21 06:00:00,0.7
2005-03-21 07:00:00,1.3
2005-03-21 08:00:00,3.2
2005-03-21 09:00:00,6.1
2005-03-21 10:00:00,4.3
2005-03-21 11:00:00,2.6
2005-03-21 12:00:00,2.0
2005-03-21 13:00:00,1.8
2005-03-21 14:00:00,2.1
2005-03-21 15:00:00,2.1
2005-03-21 16:00:00,2.0
2005-03-21 17:00:00,2.6
2005-03-21 18:00:00,4.5
2005-03-21 19:00:00,6.4
2005-03-21 20:00:00,6.0
2005-03-21 21:00:00,3.8
2005-03-21 22:00:00,2.1
2005-03-21 23:00:00,1.2
2005-03-22 00:00:00,1.3
2005-03-22 01:00:00,1.5
2005-03-22 02:00:00,0.9
2005-03-22 03:00:00,0.7
2005-03-22 04:00:00,0.5
2005-03-22 05:00:00,0.6
2005-03-22 06:00:00,0.7
2005-03-22 07:00:00,0.9
2005-03-22 08:00:00,2.2
2005-03-22 09:00:00,4.7
2005-03-22 10:00:00,4.5
2005-03-22 11:00:00,3.1
2005-03-22 12:00:00,2.8
2005-03-22 13:00:00,2.4
2005-03-22 14:00:00,2.5
2005-03-22 15:00:00,2.0
2005-03-22 16:00:00,1.7
2005-03-22 17:00:00,1.7
2005-03-22 18:00:00,3.3
2005-03-22 19:00:00,4.5
2005-03-22 20:00:00,5.8
2005-03-22 21:00:00,4.3
2005-03-22 22:00:00,3.0
2005-03-22 23:00:00,2.8
2005-03-23 00:00:00,2.7
2005-03-23 01:00:00,2.4
2005-03-23 02:00:00,2.2
2005-03-23 03:00:00,2.0
2005-03-23 04:00:00,1.25
2005-03-23 05:00:00,0.5
2005-03-23 06:00:00,0.7
2005-03-23 07:00:00,1.2
2005-03-23 08:00:00,3.9
2005-03-23 09:00:00,4.9
2005-03-23 10:00:00,4.6
2005-03-23 11:00:00,3.4
2005-03-23 12:00:00,2.0
2005-03-23 13:00:00,1.9
2005-03-23 14:00:00,2.4
2005-03-23 15:00:00,2.4
2005-03-23 16:00:00,2.2
2005-03-23 17:00:00,2.5
2005-03-23 18:00:00,3.9
2005-03-23 19:00:00,6.2
2005-03-23 20:00:00,7.2
2005-03-23 21:00:00,3.9
2005-03-23 22:00:00,2.4
2005-03-23 23:00:00,2.3
2005-03-24 00:00:00,1.9
2005-03-24 01:00:00,1.7
2005-03-24 02:00:00,0.9
2005-03-24 03:00:00,0.7
2005-03-24 04:00:00,0.5
2005-03-24 05:00:00,0.4
2005-03-24 06:00:00,0.4
2005-03-24 07:00:00,0.7
2005-03-24 08:00:00,3.1
2005-03-24 09:00:00,3.4
2005-03-24 10:00:00,3.5
2005-03-24 11:00:00,3.2
2005-03-24 12:00:00,3.2
2005-03-24 13:00:00,3.3
2005-03-24 14:00:00,3.0
2005-03-24 15:00:00,2.0
2005-03-24 16:00:00,2.3
2005-03-24 17:00:00,2.2
2005-03-24 18:00:00,2.7
2005-03-24 19:00:00,5.9
2005-03-24 20:00:00,7.5
2005-03-24 21:00:00,5.0
2005-03-24 22:00:00,4.0
2005-03-24 23:00:00,2.7
2005-03-25 00:00:00,2.0
2005-03-25 01:00:00,1.5
2005-03-25 02:00:00,1.0
2005-03-25 03:00:00,1.0
2005-03-25 04:00:00,0.9
2005-03-25 05:00:00,0.8
2005-03-25 06:00:00,0.6
2005-03-25 07:00:00,1.0
2005-03-25 08:00:00,3.2
2005-03-25 09:00:00,4.3
2005-03-25 10:00:00,2.7
2005-03-25 11:00:00,1.6
2005-03-25 12:00:00,1.4
2005-03-25 13:00:00,2.3
2005-03-25 14:00:00,2.1
2005-03-25 15:00:00,1.4
2005-03-25 16:00:00,3.4
2005-03-25 17:00:00,3.8
2005-03-25 18:00:00,4.9
2005-03-25 19:00:00,5.7
2005-03-25 20:00:00,5.5
2005-03-25 21:00:00,3.9
2005-03-25 22:00:00,3.1
2005-03-25 23:00:00,2.0
2005-03-26 00:00:00,2.5
2005-03-26 01:00:00,2.2
2005-03-26 02:00:00,1.5
2005-03-26 03:00:00,1.2
2005-03-26 04:00:00,1.0
2005-03-26 05:00:00,0.8
2005-03-26 06:00:00,0.1
2005-03-26 07:00:00,1.1
2005-03-26 08:00:00,1.7
2005-03-26 09:00:00,2.1
2005-03-26 10:00:00,2.3
2005-03-26 11:00:00,2.1
2005-03-26 12:00:00,1.9
2005-03-26 13:00:00,1.7
2005-03-26 14:00:00,1.3
2005-03-26 15:00:00,1.3
2005-03-26 16:00:00,1.6
2005-03-26 17:00:00,2.2
2005-03-26 18:00:00,2.3
2005-03-26 19:00:00,2.2
2005-03-26 20:00:00,2.0
2005-03-26 21:00:00,2.3
2005-03-26 22:00:00,2.2
2005-03-26 23:00:00,1.6
2005-03-27 00:00:00,1.6
2005-03-27 01:00:00,1.3
2005-03-27 02:00:00,1.0
2005-03-27 03:00:00,1.0
2005-03-27 04:00:00,1.0
2005-03-27 05:00:00,0.8
2005-03-27 06:00:00,0.7
2005-03-27 07:00:00,1.1
2005-03-27 08:00:00,1.1
2005-03-27 09:00:00,1.1
2005-03-27 10:00:00,1.4
2005-03-27 11:00:00,1.3
2005-03-27 12:00:00,1.5
2005-03-27 13:00:00,1.3
2005-03-27 14:00:00,0.8
2005-03-27 15:00:00,0.9
2005-03-27 16:00:00,1.4
2005-03-27 17:00:00,1.8
2005-03-27 18:00:00,1.6
2005-03-27 19:00:00,1.8
2005-03-27 20:00:00,2.1
2005-03-27 21:00:00,1.9
2005-03-27 22:00:00,1.7
2005-03-27 23:00:00,1.9
2005-03-28 00:00:00,1.6
2005-03-28 01:00:00,1.2
2005-03-28 02:00:00,1.0
2005-03-28 03:00:00,1.0
2005-03-28 04:00:00,0.8
2005-03-28 05:00:00,0.6
2005-03-28 06:00:00,0.6
2005-03-28 07:00:00,1.0
2005-03-28 08:00:00,1.0
2005-03-28 09:00:00,1.3
2005-03-28 10:00:00,1.5
2005-03-28 11:00:00,1.6
2005-03-28 12:00:00,1.4
2005-03-28 13:00:00,1.4
2005-03-28 14:00:00,1.2
2005-03-28 15:00:00,1.3
2005-03-28 16:00:00,1.4
2005-03-28 17:00:00,1.6
2005-03-28 18:00:00,2.8
2005-03-28 19:00:00,3.7
2005-03-28 20:00:00,2.9
2005-03-28 21:00:00,1.8
2005-03-28 22:00:00,1.6
2005-03-28 23:00:00,1.7
2005-03-29 00:00:00,1.5
2005-03-29 01:00:00,1.0
2005-03-29 02:00:00,0.8
2005-03-29 03:00:00,0.5
2005-03-29 04:00:00,0.5
2005-03-29 05:00:00,0.5
2005-03-29 06:00:00,1.0
2005-03-29 07:00:00,3.0
2005-03-29 08:00:00,5.1
2005-03-29 09:00:00,4.3
2005-03-29 10:00:00,3.3
2005-03-29 11:00:00,2.4
2005-03-29 12:00:00,2.4
2005-03-29 13:00:00,2.5
2005-03-29 14:00:00,2.3
2005-03-29 15:00:00,2.7
2005-03-29 16:00:00,2.7
2005-03-29 17:00:00,3.3
2005-03-29 18:00:00,3.9
2005-03-29 19:00:00,2.6
2005-03-29 20:00:00,3.2
2005-03-29 21:00:00,2.3
2005-03-29 22:00:00,1.4
2005-03-29 23:00:00,1.1
2005-03-30 00:00:00,1.2
2005-03-30 01:00:00,0.9
2005-03-30 02:00:00,0.7
2005-03-30 03:00:00,0.5
2005-03-30 04:00:00,0.4
2005-03-30 05:00:00,0.5
2005-03-30 06:00:00,0.8
2005-03-30 07:00:00,2.3
2005-03-30 08:00:00,2.9
2005-03-30 09:00:00,3.1
2005-03-30 10:00:00,2.7
2005-03-30 11:00:00,1.8
2005-03-30 12:00:00,1.9
2005-03-30 13:00:00,1.8
2005-03-30 14:00:00,1.8
2005-03-30 15:00:00,1.8
2005-03-30 16:00:00,1.7
2005-03-30 17:00:00,3.2
2005-03-30 18:00:00,3.4
2005-03-30 19:00:00,4.2
2005-03-30 20:00:00,3.5
2005-03-30 21:00:00,2.0
2005-03-30 22:00:00,1.4
2005-03-30 23:00:00,1.5
2005-03-31 00:00:00,1.2
2005-03-31 01:00:00,1.1
2005-03-31 02:00:00,0.7
2005-03-31 03:00:00,0.6
2005-03-31 04:00:00,0.5
2005-03-31 05:00:00,0.6
2005-03-31 06:00:00,0.9
2005-03-31 07:00:00,4.0
2005-03-31 08:00:00,4.1
2005-03-31 09:00:00,1.9
2005-03-31 10:00:00,1.3
2005-03-31 11:00:00,1.2
2005-03-31 12:00:00,1.2
2005-03-31 13:00:00,1.2
2005-03-31 14:00:00,0.9
2005-03-31 15:00:00,1.0
2005-03-31 16:00:00,1.1
2005-03-31 17:00:00,1.5
2005-03-31 18:00:00,2.1
2005-03-31 19:00:00,2.1
2005-03-31 20:00:00,1.5
2005-03-31 21:00:00,1.0
2005-03-31 22:00:00,0.8
2005-03-31 23:00:00,0.8
2005-04-01 00:00:00,0.7
2005-04-01 01:00:00,0.6
2005-04-01 02:00:00,0.5
2005-04-01 03:00:00,0.5
2005-04-01 04:00:00,0.5
2005-04-01 05:00:00,0.5
2005-04-01 06:00:00,0.6
2005-04-01 07:00:00,1.5
2005-04-01 08:00:00,1.9
2005-04-01 09:00:00,1.3
2005-04-01 10:00:00,1.0
2005-04-01 11:00:00,1.0
2005-04-01 12:00:00,1.1
2005-04-01 13:00:00,1.3
2005-04-01 14:00:00,1.0
2005-04-01 15:00:00,1.1
2005-04-01 16:00:00,1.4
2005-04-01 17:00:00,1.5
2005-04-01 18:00:00,1.6
2005-04-01 19:00:00,2.2
2005-04-01 20:00:00,1.4
2005-04-01 21:00:00,0.9
2005-04-01 22:00:00,0.8
2005-04-01 23:00:00,1.1
2005-04-02 00:00:00,1.5
2005-04-02 01:00:00,1.1
2005-04-02 02:00:00,0.6
2005-04-02 03:00:00,0.5
2005-04-02 04:00:00,0.4
2005-04-02 05:00:00,0.4
2005-04-02 06:00:00,0.6
2005-04-02 07:00:00,0.9
2005-04-02 08:00:00,0.9
2005-04-02 09:00:00,0.8
2005-04-02 10:00:00,1.0
2005-04-02 11:00:00,0.8
2005-04-02 12:00:00,0.8
2005-04-02 13:00:00,1.0
2005-04-02 14:00:00,0.8
2005-04-02 15:00:00,0.8
2005-04-02 16:00:00,0.9
2005-04-02 17:00:00,1.1
2005-04-02 18:00:00,1.1
2005-04-02 19:00:00,1.2
2005-04-02 20:00:00,1.1
2005-04-02 21:00:00,0.8
2005-04-02 22:00:00,0.7
2005-04-02 23:00:00,0.7
2005-04-03 00:00:00,0.8
2005-04-03 01:00:00,0.8
2005-04-03 02:00:00,0.7
2005-04-03 03:00:00,0.8
2005-04-03 04:00:00,0.5
2005-04-03 05:00:00,0.3
2005-04-03 06:00:00,0.4
2005-04-03 07:00:00,0.6
2005-04-03 08:00:00,0.7
2005-04-03 09:00:00,1.2
2005-04-03 10:00:00,1.4
2005-04-03 11:00:00,1.3
2005-04-03 12:00:00,1.4
2005-04-03 13:00:00,1.0
2005-04-03 14:00:00,1.0
2005-04-03 15:00:00,1.1
2005-04-03 16:00:00,1.3
2005-04-03 17:00:00,1.4
2005-04-03 18:00:00,1.2
2005-04-03 19:00:00,2.7
2005-04-03 20:00:00,2.5
2005-04-03 21:00:00,1.5
2005-04-03 22:00:00,1.6
2005-04-03 23:00:00,1.2
2005-04-04 00:00:00,0.9
2005-04-04 01:00:00,0.6
2005-04-04 02:00:00,0.5
2005-04-04 03:00:00,0.4
2005-04-04 04:00:00,0.45
2005-04-04 05:00:00,0.5
2005-04-04 06:00:00,1.1
2005-04-04 07:00:00,4.0
2005-04-04 08:00:00,5.0
2005-04-04 09:00:00,3.9
2005-04-04 10:00:00,3.1
2005-04-04 11:00:00,2.4
2005-04-04 12:00:00,2.4
2005-04-04 13:00:00,2.1
2005-04-04 14:00:00,2.2
