datetime,CO(GT),PT08.S1(CO),NMHC(GT),C6H6(GT),PT08.S2(NMHC),NOx(GT),PT08.S3(NOx),NO2(GT),PT08.S4(NO2),PT08.S5(O3),T,RH,AH
2004-03-10 18:00:00,2.6,1360.0,150.0,11.9,1046.0,166.0,1056.0,113.0,1692.0,1268.0,13.6,48.9,0.7578
2004-03-10 19:00:00,2.0,1292.0,112.0,9.4,955.0,103.0,1174.0,92.0,1559.0,972.0,13.3,47.7,0.7255
2004-03-10 20:00:00,2.2,1402.0,88.0,9.0,939.0,131.0,1140.0,114.0,1555.0,1074.0,11.9,54.0,0.7502
2004-03-10 21:00:00,2.2,1376.0,80.0,9.2,948.0,172.0,1092.0,122.0,1584.0,1203.0,11.0,60.0,0.7867
2004-03-10 22:00:00,1.6,1272.0,51.0,6.5,836.0,131.0,1205.0,116.0,1490.0,1110.0,11.2,59.6,0.7888
2004-03-10 23:00:00,1.2,1197.0,38.0,4.7,750.0,89.0,1337.0,96.0,1393.0,949.0,11.2,59.2,0.7848
2004-03-11 00:00:00,1.2,1185.0,31.0,3.6,690.0,62.0,1462.0,77.0,1333.0,733.0,11.3,56.8,0.7603
2004-03-11 01:00:00,1.0,1136.0,31.0,3.3,672.0,62.0,1453.0,76.0,1333.0,730.0,10.7,60.0,0.7702
2004-03-11 02:00:00,0.9,1094.0,24.0,2.3,609.0,45.0,1579.0,60.0,1276.0,620.0,10.7,59.7,0.7648
2004-03-11 03:00:00,0.6,1010.0,19.0,1.7,561.0,33.0,1705.0,47.0,1235.0,501.0,10.3,60.2,0.7517
2004-03-11 04:00:00,0.6499999999999999,1011.0,14.0,1.3,527.0,21.0,1818.0,34.0,1197.0,445.0,10.1,60.5,0.7465
2004-03-11 05:00:00,0.7,1066.0,8.0,1.1,512.0,16.0,1918.0,28.0,1182.0,422.0,11.0,56.2,0.7366
2004-03-11 06:00:00,0.7,1052.0,16.0,1.6,553.0,34.0,1738.0,48.0,1221.0,472.0,10.5,58.1,0.7353
2004-03-11 07:00:00,1.1,1144.0,29.0,3.2,667.0,98.0,1490.0,82.0,1339.0,730.0,10.2,59.6,0.7417
2004-03-11 08:00:00,2.0,1333.0,64.0,8.0,900.0,174.0,1136.0,112.0,1517.0,1102.0,10.8,57.4,0.7408
2004-03-11 09:00:00,2.2,1351.0,87.0,9.5,960.0,129.0,1079.0,101.0,1583.0,1028.0,10.5,60.6,0.7691
2004-03-11 10:00:00,1.7,1233.0,77.0,6.3,827.0,112.0,1218.0,98.0,1446.0,860.0,10.8,58.4,0.7552
2004-03-11 11:00:00,1.5,1179.0,43.0,5.0,762.0,95.0,1328.0,92.0,1362.0,671.0,10.5,57.9,0.7352
2004-03-11 12:00:00,1.6,1236.0,61.0,5.2,774.0,104.0,1301.0,95.0,1401.0,664.0,9.5,66.8,0.7951
2004-03-11 13:00:00,1.9,1286.0,63.0,7.3,869.0,146.0,1162.0,112.0,1537.0,799.0,8.3,76.4,0.8393
2004-03-11 14:00:00,2.9,1371.0,164.0,11.5,1034.0,207.0,983.0,128.0,1730.0,1037.0,8.0,81.1,0.8736
2004-03-11 15:00:00,2.2,1310.0,79.0,8.8,933.0,184.0,1082.0,126.0,1647.0,946.0,8.3,79.8,0.8778
2004-03-11 16:00:00,2.2,1292.0,95.0,8.3,912.0,193.0,1103.0,131.0,1591.0,957.0,9.7,71.2,0.8569
2004-03-11 17:00:00,2.9,1383.0,150.0,11.2,1020.0,243.0,1008.0,135.0,1719.0,1104.0,9.8,67.6,0.8185
2004-03-11 18:00:00,4.8,1581.0,307.0,20.8,1319.0,281.0,799.0,151.0,2083.0,1409.0,10.3,64.2,0.8065
2004-03-11 19:00:00,6.9,1776.0,461.0,27.4,1488.0,383.0,702.0,172.0,2333.0,1704.0,9.7,69.3,0.8319
2004-03-11 20:00:00,6.1,1640.0,401.0,24.0,1404.0,351.0,743.0,165.0,2191.0,1654.0,9.6,67.8,0.8133
2004-03-11 21:00:00,3.9,1313.0,197.0,12.8,1076.0,240.0,957.0,136.0,1707.0,1285.0,9.1,64.0,0.7419
2004-03-11 22:00:00,1.5,965.0,61.0,4.7,749.0,94.0,1325.0,85.0,1333.0,821.0,8.2,63.4,0.6905
2004-03-11 23:00:00,1.0,913.0,26.0,2.6,629.0,47.0,1565.0,53.0,1252.0,552.0,8.2,60.8,0.6657
2004-03-12 00:00:00,1.7,1080.0,55.0,5.9,805.0,122.0,1254.0,97.0,1375.0,816.0,8.3,58.5,0.6438
2004-03-12 01:00:00,1.9,1044.0,53.0,6.4,829.0,133.0,1247.0,110.0,1378.0,832.0,7.7,59.7,0.6308
2004-03-12 02:00:00,1.4,988.0,40.0,4.1,718.0,82.0,1396.0,91.0,1304.0,692.0,7.1,61.8,0.6276
2004-03-12 03:00:00,0.8,889.0,21.0,1.9,574.0,51.5,1680.0,61.5,1187.0,512.0,7.0,62.3,0.6261
2004-03-12 04:00:00,0.7,831.0,10.0,1.1,506.0,21.0,1893.0,32.0,1134.0,384.0,6.1,65.9,0.6248
2004-03-12 05:00:00,0.6,847.0,7.0,1.0,501.0,30.0,1895.0,44.0,1155.0,394.0,6.3,65.0,0.6233
2004-03-12 06:00:00,0.8,927.0,17.0,1.8,571.0,56.0,1685.0,71.0,1223.0,487.0,6.8,62.9,0.6234
2004-03-12 07:00:00,1.4,1091.0,33.0,4.4,730.0,109.0,1387.0,104.0,1361.0,748.0,6.4,65.1,0.6316
2004-03-12 08:00:00,4.4,1587.0,202.0,17.9,1236.0,307.0,897.0,141.0,1900.0,1400.0,7.3,63.1,0.6499
2004-03-12 09:00:00,3.75,1545.0,205.0,22.1,1353.0,247.0,767.0,131.5,2058.0,1588.0,9.2,56.2,0.6561
2004-03-12 10:00:00,3.1,1350.0,208.0,14.0,1118.0,187.0,912.0,122.0,1712.0,1237.0,13.2,41.7,0.632
2004-03-12 11:00:00,2.7,1263.0,166.0,11.6,1037.0,216.0,969.0,143.0,1598.0,1167.0,14.3,38.4,0.6243
2004-03-12 12:00:00,2.1,1206.0,114.0,10.2,986.0,143.0,1035.0,113.0,1537.0,959.0,15.0,36.5,0.6195
2004-03-12 13:00:00,2.5,1252.0,140.0,11.0,1016.0,160.0,1008.0,116.0,1593.0,983.0,16.1,34.5,0.6262
2004-03-12 14:00:00,2.7,1287.0,169.0,12.8,1078.0,163.0,949.0,123.0,1660.0,1061.0,16.3,35.7,0.656
2004-03-12 15:00:00,2.9,1353.0,185.0,14.2,1122.0,190.0,922.0,126.0,1740.0,1139.0,15.8,37.0,0.661
2004-03-12 16:00:00,2.8,1309.0,165.0,12.7,1073.0,178.0,954.0,120.0,1657.0,1112.0,15.9,37.2,0.6657
2004-03-12 17:00:00,2.4,1274.0,133.0,11.7,1041.0,150.0,1006.0,119.0,1610.0,994.0,16.9,34.3,0.6549
2004-03-12 18:00:00,3.9,1510.0,233.0,19.3,1277.0,206.0,812.0,149.0,1910.0,1410.0,15.1,39.6,0.6766
2004-03-12 19:00:00,3.7,1525.0,242.0,18.2,1246.0,202.0,821.0,145.0,1847.0,1448.0,14.4,43.4,0.7084
2004-03-12 20:00:00,6.6,1843.0,488.0,32.6,1610.0,340.0,624.0,170.0,2390.0,1887.0,12.9,50.5,0.7478
2004-03-12 21:00:00,4.4,1598.0,333.0,20.1,1299.0,274.0,752.0,149.0,1941.0,1627.0,12.1,53.3,0.7536
2004-03-12 22:00:00,3.5,1484.0,215.0,14.3,1127.0,253.0,839.0,139.0,1723.0,1491.0,11.0,59.1,0.774
2004-03-12 23:00:00,5.4,1677.0,367.0,21.8,1346.0,300.0,741.0,134.0,2062.0,1657.0,9.7,64.6,0.7771
2004-03-13 00:00:00,2.7,1280.0,122.0,9.6,964.0,193.0,963.0,113.0,1544.0,1285.0,9.5,64.1,0.7597
2004-03-13 01:00:00,1.9,1196.0,67.0,7.4,873.0,139.0,1071.0,97.0,1463.0,1144.0,9.1,63.9,0.7423
2004-03-13 02:00:00,1.6,1184.0,43.0,5.4,782.0,83.0,1176.0,82.0,1365.0,1043.0,8.8,63.9,0.7256
2004-03-13 03:00:00,1.7,1172.0,46.0,5.4,783.0,96.0,1179.0,82.5,1380.0,996.0,7.8,67.5,0.7173
2004-03-13 04:00:00,1.35,1147.0,56.0,6.2,821.0,109.0,1132.0,83.0,1412.0,992.0,7.0,71.1,0.7158
2004-03-13 05:00:00,1.0,978.0,30.0,2.6,625.0,62.0,1420.0,65.0,1274.0,819.0,8.3,63.6,0.6982
2004-03-13 06:00:00,1.2,1100.0,27.0,2.9,646.0,53.0,1406.0,60.0,1268.0,835.0,7.2,67.5,0.6887
2004-03-13 07:00:00,1.5,1112.0,47.0,5.1,770.0,139.0,1228.0,77.0,1409.0,940.0,6.3,71.9,0.6932
2004-03-13 08:00:00,2.7,1336.0,132.0,11.8,1043.0,256.0,935.0,96.0,1678.0,1192.0,6.5,71.6,0.6945
2004-03-13 09:00:00,3.7,1408.0,239.0,15.1,1153.0,295.0,830.0,119.0,1777.0,1411.0,9.6,59.7,0.7124
2004-03-13 10:00:00,3.2,1447.0,160.0,12.9,1081.0,250.0,869.0,126.0,1667.0,1465.0,12.4,51.2,0.7335
2004-03-13 11:00:00,4.1,1542.0,283.0,16.1,1184.0,296.0,808.0,158.0,1780.0,1583.0,15.6,42.2,0.7451
2004-03-13 12:00:00,3.6,1451.0,210.0,14.0,1117.0,239.0,875.0,161.0,1679.0,1387.0,18.4,33.8,0.709
2004-03-13 13:00:00,2.8,1328.0,154.0,12.3,1059.0,153.0,987.0,124.0,1600.0,1101.0,19.4,31.3,0.695
2004-03-13 14:00:00,2.0,1207.0,112.0,8.6,924.0,118.0,1088.0,102.0,1488.0,850.0,18.0,34.8,0.7127
2004-03-13 15:00:00,2.0,1240.0,108.0,9.2,947.0,119.0,1049.0,116.0,1532.0,947.0,18.4,33.6,0.7042
2004-03-13 16:00:00,2.5,1306.0,111.0,10.2,987.0,138.0,1004.0,124.0,1554.0,1078.0,17.6,35.1,0.7012
2004-03-13 17:00:00,2.3,1326.0,97.0,10.6,1000.0,148.0,976.0,125.0,1602.0,1084.0,16.7,37.8,0.7117
2004-03-13 18:00:00,3.2,1473.0,191.0,15.5,1163.0,227.0,831.0,148.0,1779.0,1395.0,16.1,41.0,0.7451
2004-03-13 19:00:00,4.2,1609.0,258.0,19.6,1286.0,277.0,758.0,165.0,1922.0,1612.0,15.8,42.4,0.7569
2004-03-13 20:00:00,4.2,1611.0,284.0,19.2,1274.0,279.0,754.0,161.0,1915.0,1697.0,15.7,44.1,0.7786
2004-03-13 21:00:00,4.2,1621.0,269.0,18.3,1247.0,283.0,762.0,159.0,1860.0,1886.0,15.3,46.8,0.8091
2004-03-13 22:00:00,3.1,1444.0,180.0,13.1,1089.0,214.0,844.0,143.0,1748.0,1624.0,14.6,48.6,0.806
2004-03-13 23:00:00,2.6,1418.0,116.0,10.9,1010.0,172.0,892.0,130.0,1603.0,1536.0,14.7,49.3,0.8193
2004-03-14 00:00:00,2.9,1534.0,93.0,11.0,1013.0,190.0,889.0,129.0,1611.0,1535.0,13.9,53.6,0.8498
2004-03-14 01:00:00,2.8,1484.0,131.0,11.9,1045.0,174.0,880.0,119.0,1624.0,1530.0,14.6,51.5,0.8536
2004-03-14 02:00:00,2.5,1367.0,92.0,8.6,925.0,128.0,953.0,104.0,1543.0,1337.0,12.5,58.9,0.8537
2004-03-14 03:00:00,2.4,1344.0,132.0,9.7,968.0,99.0,921.0,93.0,1620.0,1278.0,11.6,63.4,0.8674
2004-03-14 04:00:00,1.7999999999999998,1130.0,56.0,5.2,773.0,70.0,1130.0,82.0,1452.0,1051.0,12.1,61.1,0.8603
2004-03-14 05:00:00,1.2,1062.0,32.0,3.7,691.0,53.0,1272.0,70.0,1377.0,929.0,11.5,63.1,0.8533
2004-03-14 06:00:00,1.0,1076.0,29.0,2.5,618.0,44.0,1395.0,63.0,1333.0,872.0,11.6,62.2,0.8473
2004-03-14 07:00:00,0.9,1028.0,27.0,2.4,615.0,74.0,1384.0,67.0,1340.0,853.0,10.4,67.6,0.853
2004-03-14 08:00:00,1.4,1155.0,36.0,4.2,722.0,101.0,1225.0,84.0,1414.0,959.0,11.6,62.7,0.853
2004-03-14 09:00:00,1.6,1235.0,57.0,6.4,828.0,118.0,1055.0,83.0,1527.0,1093.0,12.4,60.0,0.8627
2004-03-14 10:00:00,2.2,1332.0,129.0,8.6,923.0,144.0,952.0,98.0,1614.0,1225.0,14.5,53.1,0.8728
2004-03-14 11:00:00,2.8,1445.0,148.0,10.9,1009.0,176.0,878.0,114.0,1696.0,1355.0,16.9,46.1,0.8789
2004-03-14 12:00:00,2.8,1416.0,145.0,10.7,1002.0,161.0,907.0,119.0,1677.0,1262.0,19.3,38.3,0.8474
2004-03-14 13:00:00,2.0,1281.0,93.0,7.5,880.0,113.0,1084.0,104.0,1525.0,980.0,21.2,31.4,0.7812
2004-03-14 14:00:00,1.8,1207.0,84.0,7.5,879.0,103.0,1104.0,102.0,1490.0,872.0,21.4,30.2,0.7616
2004-03-14 15:00:00,1.9,1258.0,99.0,8.2,906.0,112.0,1081.0,107.0,1511.0,900.0,21.9,29.0,0.7525
2004-03-14 16:00:00,3.0,1458.0,150.0,11.9,1045.0,170.0,974.0,129.0,1646.0,1099.0,22.2,28.4,0.7516
2004-03-14 17:00:00,2.9,1438.0,156.0,12.0,1051.0,180.0,943.0,128.0,1668.0,1206.0,21.3,30.8,0.7696
2004-03-14 18:00:00,2.5,1478.0,122.0,12.2,1055.0,160.0,929.0,121.0,1671.0,1262.0,19.7,36.7,0.8307
2004-03-14 19:00:00,4.6,1808.0,262.0,20.6,1312.0,261.0,753.0,157.0,1993.0,1698.0,18.4,41.7,0.8732
2004-03-14 20:00:00,5.9,1898.0,341.0,23.1,1381.0,325.0,681.0,173.0,2103.0,1905.0,17.6,46.1,0.921
2004-03-14 21:00:00,3.4,1560.0,214.0,14.7,1140.0,217.0,784.0,146.0,1818.0,1648.0,16.7,49.6,0.932
2004-03-14 22:00:00,2.1,1324.0,100.0,9.0,940.0,146.0,924.0,121.0,1587.0,1423.0,16.3,51.0,0.9341
2004-03-14 23:00:00,2.2,1349.0,79.0,8.8,933.0,152.0,933.0,119.0,1617.0,1349.0,14.7,55.9,0.9314
2004-03-15 00:00:00,1.8,1239.0,66.0,7.4,872.0,104.0,985.0,99.0,1547.0,1250.0,14.8,54.7,0.9164
2004-03-15 01:00:00,1.8,1239.0,73.0,6.9,853.0,106.0,1010.0,93.0,1543.0,1174.0,14.0,57.0,0.9094
2004-03-15 02:00:00,1.8,1224.0,66.0,7.0,855.0,108.0,998.0,88.0,1566.0,1149.0,13.4,61.3,0.9361
2004-03-15 03:00:00,1.1,1078.0,44.0,4.4,734.0,87.0,1128.0,79.5,1487.0,1021.0,12.6,63.5,0.923
2004-03-15 04:00:00,1.05,1078.0,44.0,4.0,711.0,66.0,1150.0,71.0,1468.0,1013.0,12.3,65.4,0.9351
2004-03-15 05:00:00,1.0,1075.0,39.0,3.9,703.0,88.0,1156.0,74.0,1464.0,1010.0,11.9,67.4,0.9375
2004-03-15 06:00:00,1.4,1157.0,51.0,6.4,830.0,138.0,1030.0,80.0,1584.0,1083.0,11.4,70.5,0.9475
2004-03-15 07:00:00,2.2,1314.0,107.0,9.7,966.0,228.0,897.0,89.0,1710.0,1235.0,11.3,70.2,0.9401
2004-03-15 08:00:00,5.5,1797.0,336.0,25.9,1451.0,360.0,652.0,114.0,2323.0,1680.0,12.4,63.9,0.917
2004-03-15 09:00:00,8.1,1961.0,618.0,36.7,1701.0,478.0,537.0,149.0,2665.0,2184.0,14.8,54.3,0.9076
2004-03-15 10:00:00,5.8,1771.0,438.0,26.6,1470.0,394.0,622.0,157.0,2262.0,1973.0,17.4,45.6,0.8993
2004-03-15 11:00:00,4.2,1564.0,334.0,20.1,1300.0,319.0,710.0,155.0,2029.0,1798.0,19.8,38.5,0.8801
2004-03-15 12:00:00,3.1,1430.0,221.0,14.1,1120.0,201.0,831.0,134.0,1783.0,1522.0,22.0,34.1,0.8904
2004-03-15 13:00:00,2.9,1417.0,207.0,14.9,1146.0,171.0,830.0,119.0,1831.0,1404.0,23.3,32.2,0.9096
2004-03-15 14:00:00,2.9,1400.0,191.0,15.4,1162.0,159.0,838.0,111.0,1829.0,1263.0,23.9,30.0,0.8757
2004-03-15 15:00:00,2.5,1317.0,185.0,12.1,1053.0,153.0,926.0,104.0,1707.0,1137.0,24.4,28.9,0.8736
2004-03-15 16:00:00,2.3,1318.0,141.0,11.5,1033.0,143.0,950.0,99.0,1675.0,1068.0,24.4,29.4,0.8848
2004-03-15 17:00:00,2.8,1445.0,214.0,14.8,1141.0,156.0,857.0,110.0,1824.0,1252.0,23.8,31.3,0.9137
2004-03-15 18:00:00,6.1,1917.0,471.0,32.1,1601.0,314.0,631.0,162.0,2447.0,1843.0,22.5,35.4,0.9547
2004-03-15 19:00:00,8.0,2040.0,685.0,39.2,1754.0,404.0,542.0,187.0,2679.0,2122.0,20.4,42.5,1.0086
2004-03-15 20:00:00,6.5,1895.0,538.0,31.0,1573.0,320.0,565.0,165.0,2443.0,1992.0,18.3,52.6,1.0945
2004-03-15 21:00:00,4.2,1595.0,319.0,19.9,1294.0,256.0,678.0,145.0,2058.0,1707.0,16.7,57.4,1.0786
2004-03-15 22:00:00,3.2,1439.0,224.0,15.3,1159.0,193.0,764.0,125.0,1856.0,1494.0,15.7,60.2,1.0654
2004-03-15 23:00:00,1.4,1142.0,67.0,6.9,852.0,89.0,1008.0,101.0,1547.0,1164.0,15.3,61.4,1.058
2004-03-16 00:00:00,2.1,1304.0,155.0,11.1,1019.0,127.0,852.0,103.0,1731.0,1272.0,14.1,65.7,1.0494
2004-03-16 01:00:00,1.2,1074.0,49.0,5.4,784.0,79.0,1098.0,88.0,1483.0,1040.0,14.8,60.6,1.0148
2004-03-16 02:00:00,0.8,968.0,29.0,2.8,640.0,43.0,1320.0,61.0,1386.0,867.0,14.8,59.2,0.9879
2004-03-16 03:00:00,0.7,929.0,25.0,2.3,608.0,51.0,1376.0,60.0,1364.0,826.0,13.6,62.1,0.9636
2004-03-16 04:00:00,0.6499999999999999,941.0,25.0,2.6,626.0,59.0,1316.0,59.0,1373.0,840.0,12.3,66.2,0.945
2004-03-16 05:00:00,0.6,937.0,17.0,2.0,585.0,38.0,1412.0,52.0,1348.0,793.0,12.8,63.2,0.9283
2004-03-16 06:00:00,0.9,1017.0,27.0,3.5,681.0,82.0,1246.0,64.0,1418.0,870.0,11.2,68.5,0.9081
2004-03-16 07:00:00,1.3,1171.0,50.0,5.1,770.0,99.0,1162.0,70.0,1467.0,930.0,11.0,66.5,0.8705
2004-03-16 08:00:00,3.4,1541.0,218.0,16.2,1185.0,263.0,770.0,97.0,1889.0,1407.0,11.7,63.7,0.8719
2004-03-16 09:00:00,3.7,1539.0,285.0,19.7,1287.0,229.0,698.0,95.0,2055.0,1507.0,13.6,56.3,0.8743
2004-03-16 10:00:00,5.3,1735.0,437.0,25.1,1431.0,396.0,628.0,150.0,2211.0,1843.0,17.8,42.9,0.8672
2004-03-16 11:00:00,4.1,1571.0,327.0,20.0,1297.0,314.0,730.0,162.0,1973.0,1729.0,21.4,33.3,0.8417
2004-03-16 12:00:00,3.3,1452.0,283.0,18.3,1250.0,217.0,776.0,154.0,1868.0,1583.0,24.4,27.4,0.8231
2004-03-16 13:00:00,4.0,1579.0,366.0,22.3,1359.0,252.0,724.0,161.0,1998.0,1671.0,25.3,26.1,0.8264
2004-03-16 14:00:00,3.8,1466.0,318.0,20.4,1309.0,263.0,773.0,161.0,1897.0,1491.0,25.8,23.2,0.7589
2004-03-16 15:00:00,2.8,1280.0,228.0,14.6,1136.0,180.0,893.0,128.0,1675.0,1240.0,27.0,20.2,0.7094
2004-03-16 16:00:00,2.9,1407.0,201.0,16.6,1197.0,184.0,905.0,129.0,1759.0,1313.0,28.2,18.6,0.7014
2004-03-16 17:00:00,2.9,1389.0,199.0,15.8,1173.0,190.0,898.0,133.0,1739.0,1363.0,28.0,19.1,0.7098
2004-03-16 18:00:00,3.4,1447.0,237.0,17.8,1235.0,184.0,859.0,139.0,1778.0,1296.0,23.9,25.7,0.7519
2004-03-16 19:00:00,3.9,1551.0,261.0,19.1,1271.0,181.0,800.0,137.0,1875.0,1432.0,21.3,34.8,0.873
2004-03-16 20:00:00,3.2,1474.0,230.0,15.8,1173.0,166.0,854.0,143.0,1776.0,1432.0,20.4,36.7,0.8704
2004-03-16 21:00:00,5.1,1800.0,349.0,24.9,1426.0,317.0,700.0,177.0,2106.0,2034.0,19.0,41.3,0.9007
2004-03-16 22:00:00,2.6,1379.0,183.0,13.5,1101.0,184.0,818.0,138.0,1710.0,1602.0,17.9,45.9,0.9342
2004-03-16 23:00:00,1.7,1201.0,88.0,9.1,943.0,130.0,935.0,117.0,1560.0,1362.0,16.7,48.9,0.9226
2004-03-17 00:00:00,1.7,1205.0,85.0,8.6,925.0,132.0,922.0,107.0,1547.0,1314.0,15.5,52.9,0.9271
2004-03-17 01:00:00,1.2,1072.0,47.0,5.4,784.0,95.0,1066.0,90.0,1442.0,1114.0,15.5,51.9,0.9059
2004-03-17 02:00:00,0.9,998.0,34.0,4.1,714.0,70.0,1169.0,79.0,1383.0,992.0,14.1,55.6,0.891
2004-03-17 03:00:00,0.7,933.0,26.0,2.6,625.0,62.0,1292.0,69.5,1332.0,884.0,13.1,57.9,0.8666
2004-03-17 04:00:00,0.6,883.0,17.0,1.9,577.0,54.0,1396.0,60.0,1303.0,808.0,12.7,57.9,0.8447
2004-03-17 05:00:00,0.5,869.0,11.0,1.6,554.0,28.0,1460.0,40.0,1268.0,667.0,11.8,58.0,0.8026
2004-03-17 06:00:00,0.5,891.0,18.0,1.9,576.0,46.0,1417.0,53.0,1289.0,733.0,11.9,57.4,0.7978
2004-03-17 07:00:00,1.6,1173.0,84.0,7.5,878.0,160.0,1038.0,84.0,1556.0,1052.0,9.9,65.2,0.7956
2004-03-17 08:00:00,4.1,1587.0,260.0,21.4,1334.0,320.0,702.0,108.0,1999.0,1534.0,11.1,60.2,0.7958
2004-03-17 09:00:00,6.6,1852.0,534.0,36.4,1696.0,377.0,553.0,127.0,2535.0,1931.0,14.1,50.0,0.802
2004-03-17 10:00:00,4.3,1522.0,368.0,21.3,1331.0,280.0,703.0,134.0,2026.0,1734.0,17.7,40.1,0.8048
2004-03-17 11:00:00,2.9,1438.0,200.0,15.4,1161.0,221.0,819.0,135.0,1782.0,1595.0,21.1,33.4,0.8265
2004-03-17 12:00:00,2.5,1393.0,145.0,12.5,1067.0,210.0,905.0,142.0,1654.0,1490.0,24.3,28.3,0.8471
2004-03-17 13:00:00,2.8,1452.0,188.0,15.1,1152.0,204.0,861.0,153.0,1747.0,1508.0,25.6,25.6,0.8254
2004-03-17 14:00:00,2.6,1389.0,152.0,13.7,1108.0,161.0,887.0,123.0,1712.0,1334.0,25.9,25.9,0.8503
2004-03-17 15:00:00,2.0,1207.0,103.0,10.4,994.0,135.0,1013.0,104.0,1520.0,1045.0,26.8,18.7,0.65
2004-03-17 16:00:00,2.9,1365.0,193.0,15.2,1154.0,186.0,940.0,129.0,1679.0,1221.0,29.3,15.8,0.6309
2004-03-17 17:00:00,2.5,1247.0,134.0,12.3,1060.0,147.0,1032.0,114.0,1525.0,1069.0,28.5,14.9,0.5708
2004-03-17 18:00:00,5.0,1557.0,386.0,27.0,1478.0,299.0,793.0,158.0,1981.0,1569.0,25.9,16.0,0.5237
2004-03-17 19:00:00,7.6,1973.0,577.0,38.4,1737.0,411.0,617.0,194.0,2414.0,2306.0,23.1,26.5,0.7403
2004-03-17 20:00:00,6.7,1975.0,523.0,35.1,1667.0,347.0,597.0,182.0,2416.0,2359.0,20.5,38.2,0.9133
2004-03-17 21:00:00,5.7,1795.0,472.0,27.2,1485.0,336.0,653.0,180.0,2174.0,2050.0,19.1,42.6,0.9294
2004-03-17 22:00:00,2.8,1444.0,206.0,15.0,1150.0,202.0,770.0,136.0,1727.0,1727.0,17.2,44.1,0.8558
2004-03-17 23:00:00,2.6,1488.0,216.0,15.7,1171.0,178.0,731.0,127.0,1778.0,1705.0,16.0,50.9,0.9206
2004-03-18 00:00:00,2.3,1371.0,159.0,13.0,1083.0,154.0,796.0,116.0,1669.0,1551.0,14.8,53.9,0.9024
2004-03-18 01:00:00,1.4,1161.0,70.0,8.1,904.0,92.0,947.0,107.0,1502.0,1240.0,14.3,55.4,0.8975
2004-03-18 02:00:00,1.0,1064.0,44.0,5.5,787.0,61.0,1057.0,88.0,1407.0,1115.0,14.8,52.1,0.8686
2004-03-18 03:00:00,0.7,970.0,42.0,3.6,687.0,60.5,1196.0,83.0,1351.0,969.0,13.9,53.9,0.8501
2004-03-18 04:00:00,0.6499999999999999,954.0,28.0,2.9,645.0,60.0,1260.0,78.0,1334.0,925.0,11.6,61.9,0.8442
2004-03-18 05:00:00,0.6,931.0,20.0,2.5,623.0,37.0,1293.0,57.0,1307.0,828.0,12.0,58.9,0.8233
2004-03-18 06:00:00,0.7,938.0,26.0,3.0,650.0,68.0,1251.0,71.0,1333.0,893.0,10.9,62.1,0.8113
2004-03-18 07:00:00,1.5,1166.0,78.0,7.7,885.0,139.0,1005.0,85.0,1551.0,1075.0,10.6,63.3,0.8067
2004-03-18 08:00:00,4.7,1643.0,319.0,23.3,1384.0,339.0,667.0,124.0,2094.0,1610.0,11.5,60.0,0.8117
2004-03-18 09:00:00,6.6,1934.0,506.0,35.8,1682.0,421.0,541.0,151.0,2468.0,2051.0,14.3,50.6,0.8186
2004-03-18 10:00:00,4.5,1617.0,505.4660194174757,21.3,1333.0,349.0,686.0,150.0,2010.0,1819.0,17.8,40.5,0.821
2004-03-18 11:00:00,2.8,1473.0,504.93203883495147,14.3,1127.0,224.0,831.0,152.0,1752.0,1568.0,20.8,34.4,0.8365
2004-03-18 12:00:00,2.2,1379.0,504.3980582524272,12.5,1068.0,171.0,899.0,139.0,1663.0,1374.0,23.8,28.2,0.8219
2004-03-18 13:00:00,2.2,1385.0,503.86407766990294,12.2,1056.0,149.0,891.0,133.0,1648.0,1268.0,24.2,28.7,0.8515
2004-03-18 14:00:00,2.3,1379.0,503.33009708737865,13.1,1087.0,137.0,901.0,126.0,1660.0,1144.0,25.2,24.9,0.7829
2004-03-18 15:00:00,2.2,1322.0,502.79611650485435,14.4,1129.0,149.0,934.0,128.0,1639.0,1109.0,27.0,17.8,0.6275
2004-03-18 16:00:00,2.8,1496.0,502.2621359223301,16.8,1205.0,172.0,822.0,169.0,1767.0,1347.0,27.1,23.1,0.818
2004-03-18 17:00:00,2.7,1409.0,501.7281553398058,14.5,1131.0,166.0,873.0,149.0,1689.0,1206.0,25.8,23.9,0.7832
2004-03-18 18:00:00,3.7,1513.0,501.19417475728153,21.5,1338.0,214.0,764.0,156.0,1957.0,1397.0,23.0,26.8,0.7446
2004-03-18 19:00:00,5.1,1667.0,500.6601941747573,26.4,1464.0,280.0,683.0,168.0,2118.0,1588.0,20.7,31.1,0.7523
2004-03-18 20:00:00,5.1,1667.0,500.126213592233,26.0,1453.0,276.0,684.0,176.0,2051.0,1569.0,18.6,36.2,0.7676
2004-03-18 21:00:00,3.2,1430.0,499.59223300970876,14.1,1121.0,178.0,814.0,135.0,1732.0,1322.0,16.0,48.4,0.8768
2004-03-18 22:00:00,2.1,1333.0,499.05825242718447,10.3,989.0,129.0,885.0,121.0,1621.0,1194.0,14.5,57.8,0.9456
2004-03-18 23:00:00,1.7,1262.0,498.5242718446602,8.3,911.0,95.0,948.0,99.0,1545.0,1062.0,13.1,64.2,0.9606
2004-03-19 00:00:00,2.0,1287.0,497.99029126213594,8.9,936.0,126.0,918.0,106.0,1606.0,1040.0,12.0,69.7,0.9735
2004-03-19 01:00:00,1.6,1134.0,497.45631067961165,6.6,840.0,103.0,1021.0,96.0,1501.0,917.0,11.9,71.1,0.9915
2004-03-19 02:00:00,0.9,999.0,496.92233009708735,3.6,688.0,48.0,1229.0,63.0,1380.0,594.0,12.5,69.3,1.0029
2004-03-19 03:00:00,0.7,961.0,496.3883495145631,2.5,622.0,34.0,1382.0,47.5,1301.0,430.0,12.5,67.5,0.9768
2004-03-19 04:00:00,0.6,934.0,495.8543689320388,1.8,569.0,20.0,1440.0,32.0,1280.0,397.0,12.3,67.7,0.9665
2004-03-19 05:00:00,0.5,913.0,495.3203883495146,1.3,525.0,18.0,1620.0,28.0,1260.0,370.0,12.5,66.8,0.962
2004-03-19 06:00:00,0.7,969.0,494.7864077669903,2.3,607.0,56.0,1373.0,61.0,1324.0,438.0,12.3,66.3,0.9487
2004-03-19 07:00:00,1.5,1182.0,494.252427184466,6.7,845.0,115.0,1054.0,99.0,1539.0,704.0,12.4,64.9,0.9332
2004-03-19 08:00:00,4.8,1740.0,493.71844660194176,22.8,1372.0,320.0,671.0,157.0,2144.0,1476.0,13.0,61.6,0.9209
2004-03-19 09:00:00,6.2,1819.0,493.18446601941747,31.3,1582.0,357.0,575.0,166.0,2456.0,1716.0,13.6,58.8,0.912
2004-03-19 10:00:00,4.0,1427.0,492.6504854368932,19.2,1275.0,253.0,701.0,149.0,1980.0,1398.0,13.9,57.1,0.9032
2004-03-19 11:00:00,3.3,1390.0,492.11650485436894,16.4,1191.0,218.0,759.0,135.0,1879.0,1268.0,14.5,54.4,0.8917
2004-03-19 12:00:00,2.8,1283.0,491.58252427184465,14.0,1117.0,192.0,813.0,127.0,1751.0,1188.0,15.5,50.1,0.8744
2004-03-19 13:00:00,3.0,1304.0,491.0485436893204,15.3,1157.0,176.0,793.0,122.0,1801.0,1171.0,16.1,47.6,0.8655
2004-03-19 14:00:00,3.3,1364.0,490.5145631067961,16.7,1202.0,198.0,771.0,135.0,1875.0,1250.0,16.3,47.1,0.864
2004-03-19 15:00:00,3.5,1410.0,489.9805825242718,19.0,1268.0,212.0,724.0,139.0,1957.0,1344.0,16.4,47.5,0.8791
2004-03-19 16:00:00,4.0,1476.0,489.4466019417476,19.4,1280.0,249.0,708.0,147.0,1955.0,1378.0,16.1,50.2,0.9094
2004-03-19 17:00:00,4.6,1522.0,488.9126213592233,20.9,1320.0,270.0,690.0,158.0,2005.0,1435.0,16.0,50.7,0.9142
2004-03-19 18:00:00,4.1,1442.0,488.37864077669906,20.2,1301.0,231.0,704.0,146.0,1952.0,1372.0,15.8,50.3,0.8989
2004-03-19 19:00:00,4.5,1469.0,487.84466019417476,21.7,1344.0,251.0,677.0,144.0,1997.0,1471.0,15.5,50.6,0.884
2004-03-19 20:00:00,3.9,1467.0,487.31067961165047,19.8,1292.0,210.0,698.0,138.0,1942.0,1439.0,15.4,51.4,0.8956
2004-03-19 21:00:00,4.0,1421.0,486.77669902912623,16.7,1202.0,249.0,748.0,143.0,1854.0,1429.0,15.2,53.1,0.9117
2004-03-19 22:00:00,2.2,1175.0,486.24271844660194,9.1,945.0,143.0,904.0,116.0,1604.0,1081.0,14.7,57.6,0.9573
2004-03-19 23:00:00,2.1,1215.0,485.70873786407765,8.3,912.0,127.0,948.0,109.0,1547.0,993.0,14.2,58.3,0.938
2004-03-20 00:00:00,1.7,1127.0,485.1747572815534,5.8,802.0,104.0,1064.0,92.0,1447.0,837.0,13.8,57.9,0.9085
2004-03-20 01:00:00,1.6,1090.0,484.6407766990291,5.2,773.0,86.0,1105.0,83.0,1429.0,761.0,13.9,55.9,0.8842
2004-03-20 02:00:00,1.3,1017.0,484.1067961165049,4.1,718.0,74.0,1182.0,81.0,1382.0,650.0,13.9,55.6,0.8765
2004-03-20 03:00:00,1.3,997.0,483.5728155339806,3.4,677.0,59.0,1252.0,68.0,1359.0,591.0,13.8,55.1,0.8666
2004-03-20 04:00:00,1.05,945.0,483.0388349514563,2.9,646.0,44.0,1308.0,55.0,1332.0,505.0,13.8,54.6,0.8574
2004-03-20 05:00:00,0.8,956.0,482.50485436893206,3.1,661.0,42.0,1260.0,53.0,1351.0,518.0,13.6,55.1,0.856
2004-03-20 06:00:00,0.8,966.0,481.97087378640776,2.5,622.0,63.0,1317.0,67.0,1342.0,571.0,13.6,59.0,0.9129
2004-03-20 07:00:00,1.1,1064.0,481.43689320388347,4.3,728.0,115.0,1161.0,91.0,1461.0,842.0,13.5,58.4,0.896
2004-03-20 08:00:00,2.1,1300.0,480.90291262135923,8.9,935.0,170.0,902.0,113.0,1623.0,1145.0,13.8,58.0,0.9083
2004-03-20 09:00:00,2.4,1348.0,480.36893203883494,10.5,998.0,147.0,834.0,102.0,1689.0,1218.0,14.6,53.1,0.8765
2004-03-20 10:00:00,2.6,1425.0,479.8349514563107,12.5,1068.0,166.0,776.0,107.0,1764.0,1341.0,15.0,52.3,0.8881
2004-03-20 11:00:00,2.8,1474.0,479.3009708737864,12.3,1061.0,195.0,768.0,113.0,1768.0,1406.0,15.4,52.1,0.9046
2004-03-20 12:00:00,2.6,1490.0,478.7669902912621,11.7,1039.0,182.0,782.0,108.0,1757.0,1422.0,16.3,50.0,0.9158
2004-03-20 13:00:00,2.6,1495.0,478.2330097087379,11.7,1040.0,168.0,809.0,105.0,1735.0,1373.0,17.1,47.9,0.9281
2004-03-20 14:00:00,2.1,1376.0,477.6990291262136,9.3,953.0,125.0,900.0,93.0,1636.0,1153.0,19.0,42.9,0.937
2004-03-20 15:00:00,1.7,1305.0,477.1650485436893,7.6,884.0,95.0,980.0,87.0,1573.0,927.0,19.5,42.3,0.9476
2004-03-20 16:00:00,1.6,1283.0,476.63106796116506,6.7,844.0,79.0,1036.0,76.0,1539.0,766.0,19.5,42.3,0.9493
2004-03-20 17:00:00,2.1,1392.0,476.09708737864077,9.7,967.0,119.0,930.0,94.0,1649.0,941.0,19.1,43.8,0.9556
2004-03-20 18:00:00,2.3,1452.0,475.56310679611653,12.4,1063.0,142.0,856.0,110.0,1774.0,1146.0,18.5,46.3,0.9744
2004-03-20 19:00:00,3.5,1633.0,475.02912621359224,16.6,1199.0,215.0,734.0,136.0,1919.0,1417.0,17.4,51.6,1.0159
2004-03-20 20:00:00,3.9,1625.0,474.49514563106794,16.4,1191.0,229.0,733.0,139.0,1885.0,1442.0,17.1,51.3,0.9914
2004-03-20 21:00:00,3.3,1535.0,473.9611650485437,13.7,1108.0,206.0,785.0,125.0,1820.0,1323.0,16.4,53.8,0.9964
2004-03-20 22:00:00,2.3,1323.0,473.4271844660194,9.9,973.0,147.0,864.0,111.0,1712.0,1125.0,16.2,55.4,1.0132
2004-03-20 23:00:00,2.1,1309.0,472.8932038834952,8.9,937.0,122.0,905.0,97.0,1672.0,1036.0,15.9,57.7,1.0356
2004-03-21 00:00:00,2.8,1456.0,472.3592233009709,10.6,999.0,175.0,835.0,107.0,1714.0,1202.0,15.7,58.6,1.0396
2004-03-21 01:00:00,2.1,1300.0,471.8252427184466,7.4,872.0,133.0,941.0,90.0,1577.0,1054.0,15.1,60.9,1.0398
2004-03-21 02:00:00,1.6,1203.0,471.29126213592235,6.2,823.0,89.0,1004.0,84.0,1526.0,903.0,15.6,56.6,0.9951
2004-03-21 03:00:00,1.6,1195.0,470.75728155339806,6.5,836.0,87.0,987.0,85.5,1554.0,885.0,15.2,57.9,0.9941
2004-03-21 04:00:00,1.35,1117.0,470.22330097087377,5.8,802.0,85.0,1029.0,87.0,1539.0,818.0,15.4,57.8,1.0021
2004-03-21 05:00:00,1.1,1062.0,469.68932038834953,4.0,711.0,55.0,1136.0,66.0,1461.0,700.0,14.9,60.6,1.0196
2004-03-21 06:00:00,0.7,947.0,469.15533980582524,2.1,594.0,24.0,1300.0,36.0,1390.0,580.0,14.5,63.0,1.0316
2004-03-21 07:00:00,0.8,1065.0,468.62135922330094,3.6,687.0,72.0,1143.0,62.0,1492.0,815.0,14.2,66.2,1.063
2004-03-21 08:00:00,1.2,1155.0,468.0873786407767,4.4,734.0,122.0,1062.0,91.0,1528.0,1035.0,14.5,65.3,1.0704
2004-03-21 09:00:00,1.4,1220.0,467.5533980582524,5.4,782.0,111.0,996.0,89.0,1560.0,1067.0,15.3,62.1,1.073
2004-03-21 10:00:00,1.7,1301.0,467.0194174757282,7.1,862.0,123.0,914.0,93.0,1633.0,1114.0,16.3,59.0,1.0868
2004-03-21 11:00:00,1.8,1279.0,466.4854368932039,7.3,870.0,106.0,911.0,81.0,1646.0,1000.0,18.9,49.6,1.07
2004-03-21 12:00:00,1.8,1267.0,465.9514563106796,7.6,883.0,103.0,953.0,82.0,1617.0,906.0,19.4,46.1,1.0249
2004-03-21 13:00:00,1.9,1239.0,465.41747572815535,6.8,848.0,102.0,981.0,80.0,1568.0,822.0,20.8,41.6,1.0091
2004-03-21 14:00:00,1.3,1128.0,464.88349514563106,4.6,742.0,48.0,1144.0,48.0,1507.0,610.0,21.4,40.3,1.0126
2004-03-21 15:00:00,1.6,1243.0,464.3495145631068,8.4,916.0,63.0,962.0,61.0,1669.0,657.0,21.2,39.3,0.9791
2004-03-21 16:00:00,1.9,1208.0,463.81553398058253,6.9,853.0,98.0,1060.0,89.0,1506.0,647.0,20.3,38.0,0.8942
2004-03-21 17:00:00,2.3,1306.0,463.28155339805824,9.0,938.0,132.0,961.0,105.0,1607.0,762.0,19.4,41.3,0.9206
2004-03-21 18:00:00,3.8,1546.0,462.747572815534,15.1,1151.0,173.0,769.0,116.0,1874.0,1122.0,18.5,43.8,0.9252
2004-03-21 19:00:00,3.5,1501.0,462.2135922330097,12.6,1071.0,185.0,823.0,119.0,1744.0,1130.0,17.8,48.1,0.9689
2004-03-21 20:00:00,4.3,1605.0,461.6796116504854,15.1,1153.0,266.0,769.0,144.0,1840.0,1637.0,17.9,46.9,0.952
2004-03-21 21:00:00,2.8,1316.0,461.1456310679612,9.9,974.0,188.0,883.0,123.0,1673.0,1272.0,17.4,49.1,0.9688
2004-03-21 22:00:00,1.9,1195.0,460.6116504854369,8.0,898.0,122.0,933.0,105.0,1594.0,1098.0,17.0,51.7,0.9914
2004-03-21 23:00:00,1.9,1211.0,460.07766990291265,7.9,896.0,112.0,920.0,93.0,1624.0,1066.0,16.4,55.1,1.0198
2004-03-22 00:00:00,1.7,1161.0,459.54368932038835,6.1,815.0,93.0,995.0,86.0,1582.0,909.0,16.1,60.0,1.0919
2004-03-22 01:00:00,1.5,1095.0,459.00970873786406,5.1,767.0,74.0,1050.0,76.0,1547.0,818.0,15.8,60.5,1.0805
2004-03-22 02:00:00,0.6,897.0,458.4757281553398,1.7,563.0,23.0,1417.0,33.0,1355.0,472.0,16.3,57.0,1.0491
2004-03-22 03:00:00,0.4,842.0,457.94174757281553,0.7,468.0,20.0,1813.0,30.0,1274.0,394.0,16.9,53.9,1.0309
2004-03-22 04:00:00,0.35,854.0,457.4077669902913,0.8,481.0,17.0,1756.0,27.0,1304.0,396.0,16.1,55.9,1.0153
2004-03-22 05:00:00,0.3,845.0,456.873786407767,0.7,472.0,15.0,1786.0,23.0,1278.0,378.0,16.5,53.9,1.0049
2004-03-22 06:00:00,0.6,942.0,456.3398058252427,2.0,586.0,41.0,1480.0,46.0,1373.0,432.0,16.4,54.0,0.9979
2004-03-22 07:00:00,1.2,1090.0,455.80582524271847,5.1,768.0,86.0,1072.0,76.0,1538.0,699.0,15.7,57.6,1.0195
2004-03-22 08:00:00,3.6,1514.0,455.2718446601942,17.7,1230.0,226.0,732.0,116.0,1996.0,1252.0,15.8,53.7,0.9571
2004-03-22 09:00:00,3.7,1379.0,454.7378640776699,18.4,1252.0,214.0,711.0,115.0,1962.0,1237.0,17.4,42.1,0.8281
2004-03-22 10:00:00,1.8,1074.0,454.20388349514565,6.9,854.0,115.0,1032.0,83.0,1484.0,772.0,17.9,38.4,0.7793
2004-03-22 11:00:00,1.6,1090.0,453.66990291262135,7.3,868.0,124.0,1026.0,87.0,1509.0,766.0,18.5,36.7,0.7764
2004-03-22 12:00:00,1.9,1110.0,453.13592233009706,9.6,964.0,122.0,947.0,90.0,1577.0,829.0,21.0,29.6,0.7263
2004-03-22 13:00:00,2.0,1102.0,452.6019417475728,10.4,994.0,107.0,955.0,87.0,1599.0,783.0,21.3,28.1,0.7067
2004-03-22 14:00:00,2.2,1100.0,452.06796116504853,11.2,1021.0,133.0,952.0,99.0,1607.0,822.0,21.3,26.1,0.6539
2004-03-22 15:00:00,2.1,1094.0,451.5339805825243,10.7,1003.0,130.0,965.0,99.0,1574.0,813.0,21.3,26.8,0.6681
2004-03-22 16:00:00,2.3,1076.0,451.0,11.6,1034.0,150.0,964.0,101.0,1544.0,813.0,21.3,24.2,0.606
2004-03-22 17:00:00,2.6,1152.0,185.0,12.4,1062.0,138.0,928.0,103.0,1606.0,850.0,20.2,28.5,0.6682
2004-03-22 18:00:00,3.8,1407.0,426.0,18.3,1249.0,213.0,720.0,129.0,1932.0,1276.0,17.0,43.1,0.8264
2004-03-22 19:00:00,4.4,1438.0,672.0,21.0,1325.0,232.0,678.0,143.0,1993.0,1401.0,15.6,47.4,0.8347
2004-03-22 20:00:00,4.5,1425.0,624.0,21.0,1325.0,238.0,678.0,146.0,1965.0,1356.0,15.3,47.4,0.8178
2004-03-22 21:00:00,3.3,1279.0,325.0,14.5,1131.0,180.0,775.0,124.0,1758.0,1243.0,14.5,49.7,0.8177
2004-03-22 22:00:00,2.0,1132.0,143.0,8.4,916.0,128.0,920.0,113.0,1561.0,1083.0,13.9,52.0,0.8231
2004-03-22 23:00:00,1.1,1006.0,89.0,4.3,729.0,65.0,1142.0,80.0,1370.0,795.0,14.5,49.4,0.8106
2004-03-23 00:00:00,0.9,982.0,73.0,3.8,700.0,53.0,1204.0,72.0,1359.0,735.0,13.8,51.4,0.8071
2004-03-23 01:00:00,0.8,969.0,48.0,2.7,636.0,47.0,1271.0,64.0,1309.0,684.0,14.0,51.3,0.8163
2004-03-23 02:00:00,0.7,941.0,47.0,2.5,621.0,51.0,1298.0,70.0,1330.0,714.0,13.0,56.8,0.8444
2004-03-23 03:00:00,0.5,892.0,36.0,1.2,522.0,35.5,1522.0,50.5,1285.0,456.0,11.0,70.0,0.9215
2004-03-23 04:00:00,0.4,855.0,25.0,0.8,478.0,20.0,1701.0,31.0,1261.0,401.0,10.1,76.8,0.9483
2004-03-23 05:00:00,0.3,834.0,19.0,0.6,459.0,13.0,1908.0,22.0,1212.0,361.0,8.8,80.5,0.9147
2004-03-23 06:00:00,0.5,909.0,26.0,1.8,567.0,33.0,1542.0,47.0,1287.0,418.0,9.6,75.4,0.9004
2004-03-23 07:00:00,1.1,1061.0,60.0,4.6,745.0,103.0,1178.0,88.0,1429.0,616.0,9.8,75.0,0.9093
2004-03-23 08:00:00,3.0,1441.0,248.0,14.2,1124.0,224.0,851.0,130.0,1829.0,1089.0,10.0,74.2,0.9117
2004-03-23 09:00:00,3.8,1498.0,535.0,21.0,1325.0,244.0,684.0,132.0,2095.0,1329.0,11.2,69.7,0.9232
2004-03-23 10:00:00,3.4,1343.0,340.0,16.2,1185.0,237.0,760.0,132.0,1857.0,1311.0,12.0,62.9,0.8803
2004-03-23 11:00:00,3.0,1308.0,325.0,15.5,1166.0,220.0,792.0,131.0,1794.0,1236.0,12.8,55.8,0.821
2004-03-23 12:00:00,2.7,1209.0,267.0,13.4,1097.0,207.0,837.0,129.0,1746.0,1147.0,13.1,54.8,0.8234
2004-03-23 13:00:00,3.5,1310.0,325.0,16.9,1207.0,208.0,770.0,132.0,1847.0,1301.0,13.8,53.4,0.8351
2004-03-23 14:00:00,2.8,1171.0,268.0,12.4,1064.0,160.0,881.0,110.0,1639.0,1097.0,16.0,42.4,0.7674
2004-03-23 15:00:00,1.9,1112.0,136.0,10.1,980.0,131.0,924.0,99.0,1589.0,900.0,14.1,49.8,0.7971
2004-03-23 16:00:00,2.0,1132.0,118.0,8.7,927.0,128.0,944.0,100.0,1570.0,781.0,12.0,61.1,0.8537
2004-03-23 17:00:00,3.0,1225.0,276.0,13.8,1111.0,176.0,818.0,122.0,1719.0,1013.0,13.6,54.6,0.8465
2004-03-23 18:00:00,1.9,1065.0,151.0,9.3,953.0,107.0,962.0,97.0,1514.0,790.0,13.7,49.5,0.7695
2004-03-23 19:00:00,2.7,1236.0,236.0,13.0,1084.0,131.0,854.0,112.0,1688.0,1059.0,11.7,57.1,0.7822
2004-03-23 20:00:00,3.3,1309.0,220.0,14.3,1126.0,166.0,812.0,128.0,1722.0,1205.0,11.5,58.2,0.7867
2004-03-23 21:00:00,1.7,1089.0,87.0,7.6,884.0,89.0,1006.0,101.0,1487.0,975.0,12.6,54.2,0.7881
2004-03-23 22:00:00,1.3,1000.0,81.0,5.3,776.0,81.0,1141.0,96.0,1375.0,896.0,12.0,54.9,0.7664
2004-03-23 23:00:00,1.3,1041.0,74.0,5.4,782.0,78.0,1105.0,86.0,1425.0,911.0,11.0,61.4,0.8057
2004-03-24 00:00:00,1.2,1045.0,55.0,4.9,756.0,70.0,1137.0,85.0,1411.0,902.0,11.1,62.2,0.8199
2004-03-24 01:00:00,1.1,997.0,74.0,4.6,744.0,76.0,1151.0,79.0,1405.0,832.0,10.8,62.5,0.8082
2004-03-24 02:00:00,0.9,948.0,35.0,2.7,634.0,43.0,1320.0,61.0,1326.0,715.0,11.3,60.0,0.8025
2004-03-24 03:00:00,0.6,878.0,29.0,1.6,551.0,43.5,1493.0,63.5,1272.0,683.0,10.6,61.6,0.7856
2004-03-24 04:00:00,0.6,908.0,29.0,1.7,559.0,44.0,1477.0,66.0,1287.0,721.0,10.2,62.7,0.7813
2004-03-24 05:00:00,0.6,892.0,20.0,1.2,522.0,34.0,1572.0,54.0,1255.0,648.0,10.9,58.6,0.7628
2004-03-24 06:00:00,0.8,954.0,32.0,1.7,561.0,43.0,1496.0,57.0,1255.0,612.0,10.8,57.2,0.7382
2004-03-24 07:00:00,1.2,1045.0,84.0,4.8,751.0,79.0,1186.0,75.0,1403.0,800.0,10.4,59.2,0.7455
2004-03-24 08:00:00,3.1,1383.0,245.0,13.8,1109.0,174.0,832.0,97.0,1706.0,1173.0,11.0,57.3,0.7501
2004-03-24 09:00:00,4.4,1597.0,553.0,23.7,1395.0,235.0,652.0,110.0,2080.0,1519.0,11.2,56.9,0.7565
2004-03-24 10:00:00,3.4,1318.0,450.0,14.2,1124.0,218.0,762.0,113.0,1770.0,1287.0,12.1,54.9,0.7734
2004-03-24 11:00:00,1.7,1138.0,118.0,8.0,898.0,136.0,950.0,88.0,1505.0,966.0,15.1,44.3,0.7535
2004-03-24 12:00:00,1.5,1098.0,118.0,6.7,842.0,117.0,1012.0,85.0,1440.0,828.0,15.6,40.6,0.7146
2004-03-24 13:00:00,1.7,1118.0,144.0,8.7,927.0,119.0,959.0,96.0,1477.0,825.0,16.9,34.6,0.6597
2004-03-24 14:00:00,2.2,1170.0,159.0,10.8,1009.0,126.0,879.0,106.0,1566.0,872.0,16.6,35.6,0.6697
2004-03-24 15:00:00,2.45,1112.0,122.0,6.7,842.0,100.0,1015.0,91.0,1494.0,680.0,11.3,63.9,0.8554
2004-03-24 16:00:00,2.7,1390.0,230.0,11.4,1028.0,197.0,829.0,126.0,1730.0,1002.0,9.6,81.1,0.972
2004-03-24 17:00:00,2.8,1353.0,320.0,13.4,1096.0,195.0,774.0,130.0,1783.0,1159.0,11.7,69.1,0.9497
2004-03-24 18:00:00,2.7,1260.0,263.0,12.0,1050.0,156.0,828.0,111.0,1722.0,979.0,10.7,68.5,0.8794
2004-03-24 19:00:00,4.5,1501.0,556.0,20.2,1302.0,247.0,681.0,134.0,2008.0,1311.0,10.7,67.3,0.8643
2004-03-24 20:00:00,3.5,1273.0,458.0,14.4,1130.0,190.0,795.0,136.0,1744.0,1071.0,10.8,65.7,0.8486
2004-03-24 21:00:00,2.6,1179.0,214.0,9.4,955.0,169.0,928.0,125.0,1571.0,899.0,10.3,66.3,0.8336
2004-03-24 22:00:00,1.7,1047.0,97.0,5.9,809.0,118.0,1064.0,108.0,1435.0,766.0,10.1,66.9,0.8248
2004-03-24 23:00:00,1.3,973.0,79.0,4.5,739.0,81.0,1186.0,87.0,1354.0,589.0,10.4,61.1,0.7717
2004-03-25 00:00:00,1.3,997.0,81.0,4.5,737.0,80.0,1168.0,89.0,1341.0,631.0,10.3,59.9,0.7516
2004-03-25 01:00:00,1.0,970.0,52.0,2.5,621.0,42.0,1400.0,58.0,1249.0,479.0,11.0,58.4,0.7686
2004-03-25 02:00:00,0.7,902.0,38.0,1.8,568.0,38.0,1450.0,54.0,1253.0,479.0,9.1,68.1,0.789
2004-03-25 03:00:00,0.7,921.0,35.0,1.4,538.0,28.0,1564.0,41.0,1224.0,417.0,9.5,68.2,0.8091
2004-03-25 04:00:00,0.5,858.0,29.0,0.9,490.0,18.0,1707.0,28.0,1212.0,378.0,9.3,72.3,0.8496
2004-03-25 05:00:00,0.5,878.0,21.0,0.6,457.0,12.0,1935.0,20.0,1158.0,344.0,9.9,66.8,0.8152
2004-03-25 06:00:00,0.6,893.0,46.0,1.4,540.0,43.0,1604.0,51.0,1268.0,413.0,7.6,83.2,0.8695
2004-03-25 07:00:00,1.1,1038.0,55.0,3.8,697.0,84.0,1260.0,82.0,1383.0,605.0,8.1,79.0,0.8544
2004-03-25 08:00:00,2.7,1320.0,271.0,11.6,1035.0,184.0,902.0,112.0,1721.0,991.0,8.7,74.6,0.8429
2004-03-25 09:00:00,3.5,1353.0,434.0,17.8,1235.0,202.0,740.0,119.0,1937.0,1175.0,8.6,75.1,0.8415
2004-03-25 10:00:00,2.3,1133.0,300.0,8.8,933.0,133.0,969.0,99.0,1552.0,923.0,9.7,69.7,0.8389
2004-03-25 11:00:00,1.6,1066.0,116.0,6.8,849.0,130.0,1039.0,98.0,1468.0,829.0,11.0,64.4,0.8447
2004-03-25 12:00:00,1.3,1027.0,95.0,5.9,809.0,106.0,1081.0,88.0,1442.0,733.0,13.6,53.0,0.8209
2004-03-25 13:00:00,2.0,1106.0,211.0,8.9,935.0,132.0,958.0,96.0,1570.0,819.0,14.2,48.4,0.778
2004-03-25 14:00:00,1.9,1038.0,168.0,8.2,907.0,106.0,976.0,81.0,1492.0,723.0,14.2,46.3,0.7438
2004-03-25 15:00:00,1.9,1084.0,154.0,8.6,924.0,125.0,986.0,92.0,1501.0,786.0,16.0,41.3,0.7462
2004-03-25 16:00:00,2.2,1105.0,267.0,10.1,982.0,138.0,939.0,105.0,1545.0,850.0,17.7,35.4,0.7094
2004-03-25 17:00:00,2.0,1102.0,143.0,9.4,957.0,120.0,968.0,88.0,1527.0,820.0,17.1,37.4,0.7225
2004-03-25 18:00:00,2.9,1240.0,374.0,14.6,1137.0,158.0,836.0,103.0,1748.0,991.0,14.9,40.5,0.6835
2004-03-25 19:00:00,5.2,1443.0,797.0,24.6,1418.0,253.0,666.0,141.0,2060.0,1454.0,13.4,47.8,0.7293
2004-03-25 20:00:00,4.6,1389.0,698.0,21.6,1341.0,231.0,692.0,133.0,1982.0,1488.0,12.6,52.5,0.7642
2004-03-25 21:00:00,2.5,1183.0,234.0,10.3,989.0,150.0,904.0,119.0,1539.0,1205.0,12.2,53.2,0.7555
2004-03-25 22:00:00,1.5,1014.0,104.0,5.7,798.0,99.0,1083.0,106.0,1376.0,909.0,10.6,56.1,0.714
2004-03-25 23:00:00,1.2,979.0,67.0,4.5,736.0,75.0,1154.0,92.0,1324.0,769.0,9.9,59.5,0.7276
2004-03-26 00:00:00,1.7,1048.0,88.0,5.5,787.0,93.0,1098.0,97.0,1373.0,835.0,9.6,61.1,0.7323
2004-03-26 01:00:00,1.4,1024.0,79.0,4.8,753.0,79.0,1131.0,91.0,1357.0,793.0,9.7,61.6,0.7425
2004-03-26 02:00:00,1.2,974.0,61.0,3.6,690.0,67.0,1208.0,83.0,1313.0,733.0,9.4,62.6,0.7398
2004-03-26 03:00:00,0.6,862.0,43.0,1.7,561.0,56.0,1449.0,71.0,1219.0,502.0,8.2,68.5,0.7455
2004-03-26 04:00:00,0.7,925.0,40.0,2.2,602.0,45.0,1398.0,59.0,1263.0,562.0,8.0,69.4,0.7459
2004-03-26 05:00:00,0.8,952.0,52.0,3.0,654.0,72.0,1210.0,73.0,1312.0,832.0,7.7,72.4,0.7655
2004-03-26 06:00:00,0.9,1005.0,64.0,4.0,713.0,103.0,1130.0,78.0,1363.0,924.0,8.0,71.8,0.7711
2004-03-26 07:00:00,1.6,1122.0,88.0,6.7,842.0,132.0,1015.0,90.0,1438.0,974.0,8.5,66.3,0.7375
2004-03-26 08:00:00,3.4,1351.0,375.0,16.7,1201.0,239.0,783.0,110.0,1828.0,1307.0,9.8,59.6,0.7214
2004-03-26 09:00:00,3.8,1408.0,592.0,19.3,1278.0,275.0,682.0,114.0,1928.0,1481.0,11.2,57.0,0.7544
2004-03-26 10:00:00,3.1,1304.0,357.0,14.8,1142.0,232.0,772.0,119.0,1747.0,1405.0,14.8,44.1,0.7407
2004-03-26 11:00:00,2.7,1207.0,296.0,13.4,1098.0,180.0,826.0,121.0,1664.0,1195.0,16.8,35.3,0.6729
2004-03-26 12:00:00,2.0,1099.0,181.0,11.0,1014.0,112.0,948.0,97.0,1503.0,868.0,19.2,27.1,0.5976
2004-03-26 13:00:00,2.3,1106.0,211.0,12.5,1068.0,116.0,915.0,99.0,1535.0,874.0,19.1,26.2,0.5741
2004-03-26 14:00:00,1.9,1009.0,199.0,8.4,916.0,103.0,1015.0,85.0,1391.0,738.0,16.3,30.8,0.5683
2004-03-26 15:00:00,1.3,962.0,81.0,5.3,776.0,89.0,1152.0,75.0,1279.0,550.0,14.2,36.8,0.5922
2004-03-26 16:00:00,1.9,1093.0,143.0,8.8,933.0,112.0,976.0,87.0,1454.0,777.0,13.4,41.0,0.6292
2004-03-26 17:00:00,2.3,1180.0,247.0,11.2,1023.0,127.0,886.0,102.0,1588.0,966.0,14.2,43.3,0.6982
2004-03-26 18:00:00,2.4,1168.0,239.0,11.6,1037.0,125.0,868.0,105.0,1580.0,990.0,12.1,45.6,0.6403
2004-03-26 19:00:00,2.7,1168.0,267.0,12.4,1063.0,120.0,876.0,98.0,1540.0,944.0,10.4,48.0,0.6046
2004-03-26 20:00:00,2.6,1140.0,261.0,10.6,1000.0,120.0,916.0,93.0,1490.0,962.0,10.0,51.1,0.628
2004-03-26 21:00:00,1.5,1001.0,97.0,6.0,811.0,99.0,1097.0,91.0,1308.0,778.0,9.8,50.8,0.6172
2004-03-26 22:00:00,1.2,953.0,66.0,4.6,743.0,79.0,1185.0,85.0,1252.0,690.0,9.7,50.4,0.6063
2004-03-26 23:00:00,1.1,972.0,60.0,4.1,715.0,66.0,1237.0,74.0,1258.0,644.0,9.9,50.2,0.6103
2004-03-27 00:00:00,1.5,1021.0,77.0,5.2,776.0,94.0,1144.0,87.0,1307.0,753.0,9.4,53.4,0.63
2004-03-27 01:00:00,1.0,940.0,57.0,3.2,664.0,70.0,1290.0,79.0,1232.0,646.0,8.6,57.8,0.6488
2004-03-27 02:00:00,1.2,1046.0,65.0,4.5,736.0,75.0,1142.0,78.0,1312.0,838.0,8.1,62.1,0.6746
2004-03-27 03:00:00,1.1,1026.0,59.0,3.8,699.0,66.0,1191.0,70.5,1292.0,851.0,7.9,63.5,0.6777
2004-03-27 04:00:00,0.9500000000000001,983.0,48.0,3.8,698.0,57.0,1209.0,63.0,1296.0,801.0,7.4,64.8,0.6683
2004-03-27 05:00:00,0.8,915.0,27.0,1.9,578.0,32.0,1417.0,48.0,1212.0,665.0,8.2,58.9,0.6444
2004-03-27 06:00:00,0.9,935.0,25.0,2.4,615.0,54.0,1373.0,59.0,1250.0,717.0,6.3,66.6,0.641
2004-03-27 07:00:00,1.1,976.0,42.0,3.3,669.0,68.0,1270.0,65.0,1266.0,795.0,7.2,62.9,0.6396
2004-03-27 08:00:00,1.5,1124.0,78.0,6.7,842.0,98.0,1050.0,71.0,1418.0,936.0,7.2,63.9,0.65
2004-03-27 09:00:00,1.8,1163.0,128.0,8.5,919.0,128.0,922.0,84.0,1530.0,1076.0,11.1,50.5,0.6654
2004-03-27 10:00:00,2.1,1167.0,184.0,9.7,966.0,129.0,942.0,93.0,1520.0,1016.0,15.5,36.1,0.6313
2004-03-27 11:00:00,2.1,1121.0,156.0,9.4,955.0,130.0,992.0,99.0,1451.0,834.0,17.8,29.2,0.592
2004-03-27 12:00:00,1.9,1071.0,176.0,9.0,940.0,111.0,994.0,93.0,1449.0,756.0,17.6,30.1,0.6013
2004-03-27 13:00:00,2.1,1065.0,232.0,10.0,979.0,106.0,950.0,96.0,1467.0,766.0,19.1,26.8,0.5861
2004-03-27 14:00:00,2.5,1157.0,305.0,12.6,1072.0,137.0,888.0,114.0,1596.0,905.0,17.7,28.6,0.5735
2004-03-27 15:00:00,1.9,1046.0,150.0,7.6,883.0,113.0,1051.0,101.0,1357.0,765.0,17.8,28.4,0.5737
2004-03-27 16:00:00,2.2,1147.0,188.0,11.8,1042.0,122.0,934.0,108.0,1538.0,830.0,18.7,26.0,0.5555
2004-03-27 17:00:00,2.3,1119.0,221.0,11.2,1022.0,137.0,916.0,117.0,1508.0,853.0,17.1,31.3,0.6038
2004-03-27 18:00:00,2.7,1210.0,219.0,12.4,1062.0,165.0,886.0,125.0,1586.0,981.0,15.8,36.1,0.644
2004-03-27 19:00:00,3.0,1306.0,306.0,12.9,1079.0,196.0,827.0,133.0,1621.0,1286.0,14.7,40.1,0.6657
2004-03-27 20:00:00,2.8,1258.0,270.0,12.2,1057.0,174.0,841.0,119.0,1633.0,1244.0,13.6,44.9,0.6991
2004-03-27 21:00:00,2.2,1148.0,231.0,8.8,930.0,140.0,948.0,107.0,1475.0,1056.0,12.5,48.1,0.6946
2004-03-27 22:00:00,1.6,1108.0,125.0,6.8,848.0,102.0,1023.0,96.0,1421.0,1003.0,11.8,50.8,0.7042
2004-03-27 23:00:00,2.1,1231.0,122.0,8.6,924.0,130.0,906.0,105.0,1483.0,1245.0,10.9,56.1,0.7326
2004-03-28 00:00:00,2.3,1293.0,161.0,8.9,937.0,121.0,930.0,102.0,1464.0,1200.0,10.9,55.9,0.7277
2004-03-28 01:00:00,2.3,1274.0,101.0,8.3,912.0,111.0,939.0,97.0,1451.0,1188.0,10.3,58.1,0.7278
2004-03-28 02:00:00,1.7,1135.0,95.0,6.3,827.0,87.0,1013.0,79.0,1395.0,1070.0,9.3,62.2,0.7294
2004-03-28 03:00:00,2.2,1151.0,129.0,8.3,911.0,82.0,935.0,74.0,1501.0,1075.0,8.2,66.7,0.7276
2004-03-28 04:00:00,1.3,1010.0,96.0,5.1,769.0,77.0,1110.0,69.0,1396.0,895.0,8.3,64.9,0.7124
2004-03-28 05:00:00,0.8,870.0,54.0,2.6,626.0,39.0,1325.0,52.0,1284.0,755.0,9.6,58.5,0.7
2004-03-28 06:00:00,1.1,983.0,63.0,3.6,688.0,77.0,1251.0,62.0,1342.0,806.0,7.7,66.4,0.699
2004-03-28 07:00:00,1.4,995.0,72.0,3.6,691.0,91.0,1219.0,69.0,1321.0,836.0,7.4,68.0,0.7043
2004-03-28 08:00:00,1.3,1024.0,91.0,4.7,747.0,105.0,1136.0,75.0,1382.0,897.0,9.7,58.6,0.7035
2004-03-28 09:00:00,1.9,1163.0,127.0,7.5,880.0,133.0,959.0,83.0,1486.0,1073.0,12.5,50.1,0.7242
2004-03-28 10:00:00,2.3,1218.0,193.0,9.0,938.0,128.0,918.0,94.0,1501.0,1088.0,16.8,36.9,0.7018
2004-03-28 11:00:00,2.3,1210.0,188.0,9.5,958.0,126.0,933.0,96.0,1514.0,1036.0,19.2,31.3,0.6887
2004-03-28 12:00:00,1.8,1114.0,151.0,7.7,887.0,92.0,1020.0,86.0,1438.0,768.0,21.3,26.4,0.6607
2004-03-28 13:00:00,1.4,995.0,103.0,5.7,796.0,66.0,1159.0,72.0,1287.0,587.0,21.2,23.1,0.5768
2004-03-28 14:00:00,1.0,927.0,55.0,3.8,700.0,50.0,1285.0,53.0,1189.0,452.0,18.6,25.0,0.5319
2004-03-28 15:00:00,1.4,1002.0,104.0,4.8,754.0,70.0,1189.0,65.0,1260.0,470.0,18.0,27.3,0.5594
2004-03-28 16:00:00,1.3,987.0,116.0,4.3,727.0,73.0,1213.0,70.0,1244.0,502.0,18.2,28.3,0.5848
2004-03-28 17:00:00,1.3,993.0,93.0,4.1,714.0,77.0,1217.0,75.0,1238.0,516.0,17.0,31.4,0.6048
2004-03-28 18:00:00,1.4,1012.0,93.0,4.7,746.0,86.0,1174.0,86.0,1301.0,555.0,15.6,35.0,0.617
2004-03-28 19:00:00,1.9,1114.0,155.0,6.2,823.0,93.0,1068.0,94.0,1357.0,671.0,14.1,40.2,0.6438
2004-03-28 20:00:00,1.8,1093.0,115.0,5.5,789.0,105.0,1102.0,103.0,1329.0,788.0,13.4,43.2,0.6623
2004-03-28 21:00:00,1.1,968.0,75.0,3.3,669.0,67.0,1261.0,81.0,1246.0,538.0,12.3,46.8,0.6686
2004-03-28 22:00:00,1.1,960.0,65.0,3.2,666.0,63.0,1266.0,80.0,1224.0,544.0,11.9,46.5,0.6449
2004-03-28 23:00:00,1.1,942.0,57.0,2.9,648.0,63.0,1300.0,77.0,1204.0,500.0,11.5,46.6,0.6319
2004-03-29 00:00:00,0.9,888.0,40.0,2.2,598.0,46.0,1396.0,58.0,1156.0,417.0,10.6,48.0,0.6135
2004-03-29 01:00:00,0.6,818.0,27.0,1.3,524.0,21.0,1588.0,31.0,1071.0,341.0,10.7,45.8,0.5895
2004-03-29 02:00:00,0.5,840.0,23.0,1.1,509.0,22.0,1643.0,38.0,1076.0,352.0,10.4,46.6,0.5901
2004-03-29 03:00:00,0.7,894.0,28.0,1.3,524.0,30.5,1557.0,48.5,1095.0,397.0,10.1,47.8,0.5913
2004-03-29 04:00:00,0.6,864.0,21.0,1.2,516.0,39.0,1496.0,59.0,1153.0,502.0,11.3,46.9,0.628
2004-03-29 05:00:00,0.7,898.0,33.0,1.7,559.0,55.0,1441.0,70.0,1180.0,648.0,10.1,51.2,0.6341
2004-03-29 06:00:00,0.9,946.0,40.0,2.9,643.0,76.0,1309.0,75.0,1232.0,760.0,9.9,50.7,0.6167
2004-03-29 07:00:00,2.9,1309.0,279.0,14.3,1125.0,181.0,844.0,103.0,1687.0,1183.0,8.1,56.8,0.615
2004-03-29 08:00:00,4.1,1326.0,743.0,19.7,1289.0,259.0,714.0,134.0,1806.0,1431.0,10.9,44.1,0.5748
2004-03-29 09:00:00,1.5,966.0,147.0,5.5,786.0,118.0,1111.0,98.0,1258.0,705.0,11.8,37.6,0.5184
2004-03-29 10:00:00,1.5,975.0,97.0,5.6,793.0,119.0,1133.0,97.0,1254.0,637.0,13.9,33.2,0.5222
2004-03-29 11:00:00,1.5,988.0,118.0,5.8,803.0,123.0,1105.0,98.0,1293.0,658.0,15.6,30.1,0.5285
2004-03-29 12:00:00,1.4,971.0,91.0,5.5,786.0,92.0,1129.0,78.0,1272.0,546.0,16.5,29.0,0.5406
2004-03-29 13:00:00,1.6,1010.0,146.0,6.5,833.0,91.0,1070.0,83.0,1332.0,561.0,17.5,27.9,0.5517
2004-03-29 14:00:00,1.5,984.0,139.0,5.5,790.0,103.0,1131.0,92.0,1268.0,532.0,17.9,26.8,0.5446
2004-03-29 15:00:00,1.4,962.0,155.0,5.2,776.0,102.0,1131.0,81.0,1247.0,535.0,18.2,26.1,0.5387
2004-03-29 16:00:00,1.5,1012.0,128.0,5.8,801.0,94.0,1098.0,90.0,1289.0,525.0,18.0,27.1,0.5522
2004-03-29 17:00:00,1.9,1058.0,166.0,7.9,896.0,98.0,996.0,95.0,1358.0,603.0,17.0,28.9,0.5558
2004-03-29 18:00:00,2.5,1173.0,299.0,10.2,985.0,126.0,905.0,114.0,1477.0,802.0,16.1,31.3,0.568
2004-03-29 19:00:00,2.1,1127.0,163.0,8.2,907.0,108.0,957.0,106.0,1404.0,796.0,14.5,35.4,0.5839
2004-03-29 20:00:00,1.6,1020.0,154.0,5.7,797.0,95.0,1066.0,99.0,1302.0,689.0,13.2,37.9,0.5733
2004-03-29 21:00:00,1.2,949.0,80.0,3.8,700.0,78.0,1221.0,90.0,1178.0,553.0,13.1,34.4,0.517
2004-03-29 22:00:00,1.1,930.0,58.0,4.0,710.0,61.0,1278.0,82.0,1137.0,509.0,13.5,28.5,0.4405
2004-03-29 23:00:00,1.0,900.0,55.0,2.8,643.0,55.0,1339.0,74.0,1089.0,455.0,12.4,31.9,0.4583
2004-03-30 00:00:00,1.0,899.0,33.0,2.6,630.0,57.0,1418.0,76.0,1050.0,425.0,13.1,26.8,0.4023
2004-03-30 01:00:00,0.7,866.0,33.0,1.8,569.0,41.0,1468.0,66.0,1055.0,436.0,11.6,33.6,0.4595
2004-03-30 02:00:00,0.7,900.0,32.0,1.7,563.0,46.0,1402.0,73.0,1130.0,618.0,10.5,42.9,0.5442
2004-03-30 03:00:00,0.8,949.0,25.0,1.4,540.0,43.5,1457.0,71.0,1104.0,747.0,11.7,38.7,0.5298
2004-03-30 04:00:00,0.75,897.0,29.0,1.3,529.0,41.0,1462.0,69.0,1101.0,693.0,12.2,37.2,0.5277
2004-03-30 05:00:00,0.7,956.0,26.0,2.3,605.0,52.0,1341.0,71.0,1117.0,691.0,12.9,33.9,0.5037
2004-03-30 06:00:00,1.1,1054.0,86.0,5.3,779.0,111.0,1080.0,98.0,1266.0,1013.0,11.3,40.3,0.5376
2004-03-30 07:00:00,2.6,1343.0,294.0,13.4,1096.0,191.0,839.0,115.0,1587.0,1311.0,11.9,38.4,0.5341
2004-03-30 08:00:00,4.0,1584.0,664.0,23.8,1399.0,244.0,642.0,130.0,1947.0,1675.0,13.3,35.6,0.5416
2004-03-30 09:00:00,4.2,1556.0,695.0,21.5,1337.0,283.0,674.0,150.0,1852.0,1689.0,16.3,28.8,0.5305
2004-03-30 10:00:00,4.7,1565.0,735.0,21.0,1324.0,320.0,695.0,159.0,1872.0,1688.0,17.9,28.2,0.5741
2004-03-30 11:00:00,3.9,1429.0,649.0,18.4,1251.0,249.0,734.0,146.0,1754.0,1548.0,18.3,26.6,0.5529
2004-03-30 12:00:00,3.7,1419.0,586.0,18.9,1267.0,219.0,742.0,138.0,1763.0,1490.0,20.8,22.5,0.5463
2004-03-30 13:00:00,3.4,1373.0,546.0,17.1,1213.0,200.0,791.0,128.0,1711.0,1354.0,22.4,20.0,0.5352
2004-03-30 14:00:00,2.2,1185.0,245.0,10.4,992.0,138.0,942.0,97.0,1448.0,1014.0,20.9,21.7,0.5295
2004-03-30 15:00:00,1.9,1122.0,178.0,8.0,897.0,118.0,991.0,91.0,1372.0,831.0,19.1,26.5,0.579
2004-03-30 16:00:00,1.6,1085.0,130.0,6.2,820.0,99.0,1060.0,81.0,1325.0,699.0,18.1,30.6,0.6295
2004-03-30 17:00:00,2.1,1249.0,151.0,9.7,968.0,112.0,874.0,99.0,1527.0,926.0,17.3,34.7,0.6788
2004-03-30 18:00:00,2.2,1236.0,272.0,9.6,962.0,117.0,853.0,101.0,1532.0,928.0,15.8,40.4,0.7228
2004-03-30 19:00:00,2.7,1334.0,301.0,11.9,1047.0,129.0,815.0,106.0,1638.0,1038.0,15.9,42.0,0.7541
2004-03-30 20:00:00,2.4,1264.0,237.0,8.7,928.0,132.0,884.0,102.0,1534.0,1035.0,15.9,43.5,0.779
2004-03-30 21:00:00,1.3,1073.0,95.0,4.7,746.0,73.0,1072.0,84.0,1360.0,789.0,15.0,46.1,0.7833
2004-03-30 22:00:00,1.2,1053.0,68.0,3.8,701.0,68.0,1147.0,81.0,1323.0,692.0,15.1,44.6,0.7574
2004-03-30 23:00:00,1.5,1098.0,101.0,4.7,747.0,80.0,1094.0,91.0,1360.0,764.0,14.9,43.5,0.7302
2004-03-31 00:00:00,1.3,1029.0,81.0,3.8,702.0,68.0,1180.0,82.0,1287.0,639.0,14.8,41.0,0.685
2004-03-31 01:00:00,1.0,973.0,50.0,2.7,631.0,44.0,1287.0,64.0,1240.0,541.0,14.8,40.8,0.6814
2004-03-31 02:00:00,0.9,972.0,66.0,2.8,639.0,47.0,1222.0,70.0,1256.0,678.0,14.8,40.8,0.6834
2004-03-31 03:00:00,0.5,832.0,22.0,1.0,496.0,31.0,1613.0,48.0,1066.0,381.0,14.2,36.1,0.5823
2004-03-31 04:00:00,0.5,851.0,18.0,0.8,477.0,15.0,1699.0,26.0,1064.0,343.0,14.5,36.1,0.5928
2004-03-31 05:00:00,0.6,909.0,31.0,1.5,545.0,44.0,1473.0,58.0,1131.0,436.0,14.6,36.0,0.5947
2004-03-31 06:00:00,1.0,1038.0,57.0,3.5,684.0,85.0,1220.0,93.0,1279.0,688.0,14.4,38.5,0.6291
2004-03-31 07:00:00,3.1,1636.0,342.0,15.6,1168.0,207.0,721.0,110.0,1926.0,1438.0,13.8,58.2,0.9129
2004-03-31 08:00:00,4.1,1580.0,644.0,19.9,1295.0,230.0,639.0,115.0,1957.0,1489.0,13.2,61.1,0.9256
2004-03-31 09:00:00,2.2,1262.0,216.0,8.6,924.0,181.0,872.0,125.0,1576.0,1093.0,10.4,74.4,0.9384
2004-03-31 10:00:00,1.7,1197.0,117.0,6.5,837.0,144.0,957.0,118.0,1498.0,965.0,11.5,71.0,0.9582
2004-03-31 11:00:00,1.9,1277.0,156.0,7.7,886.0,140.0,902.0,109.0,1579.0,1004.0,12.2,70.0,0.9924
2004-03-31 12:00:00,2.9,1430.0,332.0,11.3,1025.0,204.0,779.0,123.0,1772.0,1166.0,12.3,73.3,1.0442
2004-03-31 13:00:00,2.2,1242.0,232.0,9.1,944.0,149.0,846.0,114.0,1638.0,991.0,11.3,78.1,1.0411
2004-03-31 14:00:00,2.6,1349.0,295.0,11.2,1023.0,171.0,804.0,114.0,1748.0,1054.0,13.6,69.2,1.0746
2004-03-31 15:00:00,3.1,1390.0,386.0,13.5,1100.0,195.0,755.0,119.0,1799.0,1192.0,14.9,59.3,0.9974
2004-03-31 16:00:00,2.3,1224.0,278.0,10.1,980.0,152.0,850.0,111.0,1637.0,1055.0,15.7,50.9,0.8997
2004-03-31 17:00:00,2.4,1253.0,263.0,11.3,1026.0,128.0,810.0,103.0,1681.0,1048.0,15.2,52.9,0.9087
2004-03-31 18:00:00,2.8,1312.0,322.0,11.8,1041.0,121.0,821.0,103.0,1712.0,1073.0,15.5,50.8,0.8881
2004-03-31 19:00:00,2.7,1254.0,226.0,11.5,1033.0,142.0,819.0,107.0,1669.0,1068.0,14.3,52.9,0.8581
2004-03-31 20:00:00,2.3,1198.0,221.0,9.3,953.0,131.0,882.0,105.0,1588.0,1019.0,13.2,56.0,0.8446
2004-03-31 21:00:00,1.5,1060.0,109.0,5.5,787.0,81.0,1044.0,91.0,1418.0,833.0,12.6,57.0,0.8315
2004-03-31 22:00:00,1.4,1050.0,105.0,5.1,769.0,60.0,1078.0,79.0,1409.0,759.0,12.3,57.8,0.8224
2004-03-31 23:00:00,1.2,1029.0,84.0,4.8,754.0,57.0,1098.0,79.0,1395.0,749.0,12.0,58.4,0.8164
2004-04-01 00:00:00,1.6,1143.0,106.0,6.3,825.0,96.0,986.0,86.0,1477.0,978.0,12.0,61.6,0.8593
2004-04-01 01:00:00,1.2,1044.0,100.0,5.1,770.0,85.0,1031.0,70.0,1425.0,944.0,11.5,63.9,0.8652
2004-04-01 02:00:00,1.1,1034.0,71.0,4.1,716.0,50.0,1085.0,55.0,1405.0,891.0,10.7,67.2,0.863
2004-04-01 03:00:00,0.9,956.0,72.0,4.0,713.0,53.5,1099.0,52.0,1422.0,849.0,9.0,73.1,0.8394
2004-04-01 04:00:00,0.7,909.0,44.0,2.4,615.0,57.0,1237.0,49.0,1322.0,790.0,10.2,66.6,0.8299
2004-04-01 05:00:00,0.9,996.0,45.0,2.9,648.0,64.0,1176.0,50.0,1340.0,852.0,11.0,63.7,0.8325
2004-04-01 06:00:00,1.7,1154.0,134.0,7.4,876.0,153.0,1002.0,67.0,1561.0,987.0,9.6,68.8,0.8243
2004-04-01 07:00:00,4.2,1510.0,505.0,19.8,1291.0,342.0,675.0,94.0,1949.0,1435.0,9.5,69.6,0.8273
2004-04-01 08:00:00,6.2,1722.0,1042.0,31.9,1595.0,378.0,539.0,119.0,2439.0,1798.0,11.9,60.9,0.8455
2004-04-01 09:00:00,4.6,1512.0,737.0,21.0,1323.0,304.0,631.0,139.0,2001.0,1677.0,16.2,48.6,0.8892
2004-04-01 10:00:00,2.8,1258.0,375.0,11.7,1040.0,192.0,800.0,113.0,1701.0,1282.0,19.2,39.6,0.8693
2004-04-01 11:00:00,1.6,1094.0,124.0,6.8,850.0,130.0,970.0,88.0,1489.0,871.0,19.7,38.4,0.8743
2004-04-01 12:00:00,1.7,1129.0,137.0,7.4,875.0,106.0,974.0,73.0,1524.0,759.0,20.6,36.7,0.8797
2004-04-01 13:00:00,1.7,1125.0,179.0,8.6,924.0,102.0,937.0,73.0,1542.0,790.0,21.8,33.9,0.8771
2004-04-01 14:00:00,1.7,1170.75,222.0,10.549999999999999,991.25,99.0,901.0,72.0,1454.75,889.25,22.25,32.3,0.85565
2004-04-01 15:00:00,1.9,1216.5,197.0,12.5,1058.5,108.0,865.0,81.0,1367.5,988.5,22.700000000000003,30.7,0.8342
2004-04-01 16:00:00,2.3,1262.25,319.0,14.45,1125.75,131.0,829.0,93.0,1280.25,1087.75,23.150000000000002,29.1,0.81275
2004-04-01 17:00:00,3.3,1308.0,388.0,16.4,1193.0,163.0,793.0,106.0,1193.0,1187.0,23.6,27.5,0.7913
2004-04-01 18:00:00,4.2,1529.0,589.0,21.2,1331.0,211.0,700.0,132.0,2028.0,1399.0,22.8,32.1,0.8814
2004-04-01 19:00:00,5.5,1592.0,840.0,25.0,1429.0,267.0,624.0,164.0,2089.0,1644.0,20.8,36.7,0.8878
2004-04-01 20:00:00,4.9,1536.0,655.0,20.2,1302.0,269.0,666.0,161.0,1922.0,1599.0,18.3,40.9,0.8493
2004-04-01 21:00:00,2.5,1192.0,254.0,10.8,1007.0,154.0,827.0,124.0,1604.0,1223.0,16.8,44.0,0.8341
2004-04-01 22:00:00,2.0,1186.0,188.0,9.9,976.0,127.0,844.0,113.0,1570.0,1200.0,15.8,48.0,0.8569
2004-04-01 23:00:00,2.0,1203.0,120.0,8.5,920.0,122.0,898.0,103.0,1529.0,1118.0,14.9,52.0,0.8757
2004-04-02 00:00:00,2.0,1139.0,157.0,8.0,899.0,126.0,921.0,104.0,1514.0,1067.0,14.1,54.4,0.8701
2004-04-02 01:00:00,1.3,1072.0,88.0,5.6,795.0,84.0,986.0,93.0,1442.0,1048.0,13.3,58.8,0.8922
2004-04-02 02:00:00,1.0,954.0,68.0,3.2,667.0,58.0,1180.0,60.0,1350.0,718.0,13.3,60.9,0.9229
2004-04-02 03:00:00,0.9,951.0,57.0,3.3,673.0,47.5,1137.0,56.0,1381.0,797.0,11.8,64.3,0.8869
2004-04-02 04:00:00,0.8,926.0,36.0,2.8,638.0,37.0,1195.0,52.0,1342.0,749.0,11.2,65.9,0.8775
2004-04-02 05:00:00,0.7,968.0,51.0,2.6,628.0,56.0,1197.0,66.0,1372.0,737.0,11.3,72.9,0.9738
2004-04-02 06:00:00,1.1,1067.0,93.0,4.3,727.0,91.0,1055.0,82.0,1448.0,903.0,11.4,71.8,0.9671
2004-04-02 07:00:00,2.6,1386.0,284.0,13.0,1083.0,159.0,798.0,109.0,1833.0,1159.0,11.9,73.7,1.0254
2004-04-02 08:00:00,3.9,1474.0,486.0,20.3,1306.0,190.0,634.0,114.0,2060.0,1365.0,12.6,70.2,1.0221
2004-04-02 09:00:00,5.0,1569.0,798.0,20.7,1316.0,249.0,634.0,139.0,2054.0,1510.0,13.6,65.3,1.0136
2004-04-02 10:00:00,3.3,1375.0,524.0,15.9,1177.0,196.0,706.0,127.0,1898.0,1386.0,16.9,52.3,1.0013
2004-04-02 11:00:00,2.9,1328.0,468.0,14.2,1123.0,180.0,738.0,127.0,1821.0,1368.0,19.4,44.1,0.9855
2004-04-02 12:00:00,3.1,1341.0,454.0,15.9,1176.0,167.0,748.0,135.0,1825.0,1347.0,22.9,33.8,0.9322
2004-04-02 13:00:00,3.0,1297.0,461.0,16.1,1183.0,159.0,765.0,130.0,1773.0,1242.0,23.6,31.3,0.9001
2004-04-02 14:00:00,2.7,1303.0,391.0,14.7,1139.0,152.0,790.0,126.0,1761.0,1138.0,24.7,30.5,0.9371
2004-04-02 15:00:00,2.7,1281.0,337.0,14.0,1116.0,149.0,809.0,121.0,1703.0,1080.0,26.1,27.3,0.9101
2004-04-02 16:00:00,2.6,1248.0,297.0,13.6,1103.0,143.0,872.0,122.0,1632.0,1002.0,27.6,22.8,0.8288
2004-04-02 17:00:00,3.7,1382.0,588.0,19.7,1288.0,185.0,778.0,138.0,1799.0,1212.0,26.9,22.3,0.7792
2004-04-02 18:00:00,4.5,1491.0,721.0,23.3,1385.0,223.0,685.0,165.0,1915.0,1486.0,24.3,30.1,0.9012
2004-04-02 19:00:00,4.7,1620.0,710.0,24.1,1407.0,215.0,641.0,154.0,2052.0,1567.0,21.2,40.1,0.9978
2004-04-02 20:00:00,5.5,1693.0,787.0,25.4,1439.0,271.0,618.0,168.0,2083.0,1723.0,19.4,42.5,0.9483
2004-04-02 21:00:00,3.0,1374.0,415.0,14.1,1121.0,180.0,771.0,146.0,1685.0,1399.0,18.5,43.0,0.9074
2004-04-02 22:00:00,1.9,1287.0,245.0,10.1,982.0,115.0,841.0,124.0,1582.0,1291.0,17.8,47.0,0.9467
2004-04-02 23:00:00,2.3,1408.0,294.0,12.1,1052.0,149.0,761.0,124.0,1684.0,1443.0,16.8,53.2,1.01
2004-04-03 00:00:00,1.6,1254.0,139.0,9.0,941.0,98.0,828.0,106.0,1566.0,1270.0,17.1,51.8,0.999
2004-04-03 01:00:00,1.3,1141.0,98.0,6.3,827.0,73.0,936.0,88.0,1488.0,1110.0,16.2,54.2,0.9933
2004-04-03 02:00:00,1.2,1141.0,88.0,5.3,777.0,69.0,986.0,83.0,1455.0,1060.0,15.1,58.2,0.9886
2004-04-03 03:00:00,0.9,1042.0,66.0,3.8,697.0,64.5,1056.0,78.5,1410.0,965.0,15.1,57.6,0.9796
2004-04-03 04:00:00,0.8,986.0,57.0,3.0,651.0,60.0,1145.0,74.0,1380.0,891.0,14.5,58.0,0.9488
2004-04-03 05:00:00,0.8,1005.0,57.0,3.3,673.0,56.0,1103.0,64.0,1387.0,905.0,13.7,61.6,0.9631
2004-04-03 06:00:00,0.9,1041.0,60.0,3.5,683.0,73.0,1112.0,69.0,1398.0,899.0,13.9,59.6,0.9408
2004-04-03 07:00:00,2.0,1272.0,200.0,9.5,959.0,159.0,846.0,91.0,1660.0,1136.0,13.3,61.7,0.9399
2004-04-03 08:00:00,3.0,1436.0,451.0,15.2,1154.0,203.0,704.0,96.0,1872.0,1391.0,15.1,55.8,0.9486
2004-04-03 09:00:00,3.1,1472.0,422.0,14.3,1126.0,211.0,720.0,106.0,1816.0,1460.0,17.0,50.5,0.9684
2004-04-03 10:00:00,3.1,1418.0,422.0408163265306,11.2,1023.0,211.51020408163265,785.0,106.36734693877551,1720.0,1410.0,19.7,43.3,0.9837
2004-04-03 11:00:00,3.1,1410.0,422.0816326530612,11.4,1030.0,212.0204081632653,781.0,106.73469387755102,1743.0,1372.0,20.7,41.7,1.0092
2004-04-03 12:00:00,3.1,1438.0,422.1224489795918,13.4,1096.0,212.53061224489795,781.0,107.10204081632654,1779.0,1266.0,23.3,35.8,1.0098
2004-04-03 13:00:00,3.1,1278.0,422.16326530612247,10.6,1000.0,213.0408163265306,866.0,107.46938775510205,1621.0,1014.0,23.8,30.5,0.8897
2004-04-03 14:00:00,3.1,1257.0,422.2040816326531,10.8,1006.0,213.55102040816325,915.0,107.83673469387755,1573.0,870.0,24.8,27.0,0.8325
2004-04-03 15:00:00,3.1,1331.0,422.2448979591837,11.9,1046.0,214.0612244897959,882.0,108.20408163265306,1635.0,905.0,25.0,27.5,0.8575
2004-04-03 16:00:00,3.1,1361.0,422.2857142857143,13.5,1102.0,214.57142857142858,834.0,108.57142857142857,1704.0,991.0,25.8,26.5,0.8675
2004-04-03 17:00:00,3.1,1398.0,422.3265306122449,15.2,1156.0,215.08163265306123,812.0,108.93877551020408,1722.0,1076.0,25.1,27.1,0.8496
2004-04-03 18:00:00,3.1,1483.0,422.3673469387755,17.1,1213.0,215.59183673469389,764.0,109.3061224489796,1798.0,1249.0,23.7,28.6,0.8273
2004-04-03 19:00:00,3.1,1697.0,422.40816326530614,26.7,1471.0,216.10204081632654,625.0,109.6734693877551,2153.0,1548.0,22.1,36.8,0.9681
2004-04-03 20:00:00,3.1,1459.0,422.44897959183675,14.2,1124.0,216.6122448979592,736.0,110.04081632653062,1823.0,1300.0,19.9,47.5,1.0912
2004-04-03 21:00:00,3.1,1268.0,422.48979591836735,8.5,918.0,217.12244897959184,873.0,110.40816326530613,1602.0,1029.0,18.7,50.4,1.0772
2004-04-03 22:00:00,3.1,1469.0,422.53061224489795,14.3,1128.0,217.6326530612245,762.0,110.77551020408163,1870.0,1207.0,18.1,51.3,1.0587
2004-04-03 23:00:00,3.1,1316.0,422.57142857142856,9.3,952.0,218.14285714285714,847.0,111.14285714285714,1644.0,1047.0,17.5,53.8,1.0648
2004-04-04 00:00:00,3.1,1224.0,422.61224489795916,7.8,892.0,218.6530612244898,884.0,111.51020408163265,1580.0,923.0,16.7,56.5,1.0634
2004-04-04 01:00:00,3.1,1215.0,422.6530612244898,6.7,843.0,219.16326530612244,929.0,111.87755102040816,1551.0,862.0,15.9,59.2,1.0635
2004-04-04 02:00:00,3.1,1115.0,422.6938775510204,5.4,782.0,219.6734693877551,980.0,112.24489795918367,1500.0,752.0,15.2,62.4,1.0726
2004-04-04 03:00:00,3.1,1124.0,422.734693877551,5.6,793.0,220.18367346938777,965.0,112.61224489795919,1521.0,791.0,14.7,65.0,1.0766
2004-04-04 04:00:00,3.1,1028.0,422.7755102040816,3.5,682.0,220.69387755102042,1090.0,112.9795918367347,1448.0,697.0,14.3,65.3,1.0594
2004-04-04 05:00:00,3.1,1010.0,422.81632653061223,3.0,650.0,221.20408163265307,1171.0,113.34693877551021,1434.0,664.0,13.7,66.5,1.0393
2004-04-04 06:00:00,3.1,1074.0,422.85714285714283,4.4,731.0,221.71428571428572,1020.0,113.71428571428571,1488.0,891.0,12.9,69.1,1.0264
2004-04-04 07:00:00,3.1,1034.0,422.8979591836735,3.5,684.0,222.22448979591837,1110.0,114.08163265306122,1423.0,813.0,13.7,64.8,1.0135
2004-04-04 08:00:00,3.1,1130.0,422.9387755102041,4.2,720.0,222.73469387755102,1063.0,114.44897959183673,1461.0,828.0,15.3,59.0,1.0181
2004-04-04 09:00:00,3.1,1275.0,422.9795918367347,8.0,900.0,223.24489795918367,868.0,114.81632653061224,1634.0,1057.0,18.1,49.8,1.0272
2004-04-04 10:00:00,3.1,1324.0,423.0204081632653,9.0,939.0,223.75510204081633,846.0,115.18367346938776,1658.0,1011.0,21.5,40.7,1.0301
2004-04-04 11:00:00,3.1,1268.0,423.0612244897959,8.1,902.0,224.26530612244898,906.0,115.55102040816327,1589.0,932.0,23.3,37.1,1.0457
2004-04-04 12:00:00,3.1,1272.0,423.1020408163265,8.6,924.0,224.77551020408163,895.0,115.91836734693878,1603.0,881.0,25.1,33.8,1.0594
2004-04-04 13:00:00,3.1,1160.0,423.14285714285717,7.1,860.0,225.28571428571428,969.0,116.28571428571429,1531.0,646.0,25.6,32.1,1.0393
2004-04-04 14:00:00,3.1,1136.0,423.18367346938777,5.6,792.0,225.79591836734693,1057.0,116.65306122448979,1476.0,536.0,25.8,31.1,1.0143
2004-04-04 15:00:00,3.1,1296.0,423.2244897959184,10.0,977.0,226.30612244897958,863.0,117.0204081632653,1642.0,746.0,26.1,30.8,1.0253
2004-04-04 16:00:00,3.1,1345.0,423.265306122449,10.5,996.0,226.81632653061226,841.0,117.38775510204081,1678.0,833.0,24.4,36.0,1.085
2004-04-04 17:00:00,3.1,1296.0,423.3061224489796,10.1,983.0,227.3265306122449,845.0,117.75510204081633,1626.0,802.0,23.0,36.2,1.0053
2004-04-04 18:00:00,3.1,1258.0,423.3469387755102,10.0,977.0,227.83673469387756,838.0,118.12244897959184,1636.0,838.0,22.1,39.3,1.0336
2004-04-04 19:00:00,3.1,1420.0,423.38775510204084,13.0,1085.0,228.3469387755102,755.0,118.48979591836735,1756.0,1051.0,19.8,44.6,1.0208
2004-04-04 20:00:00,3.1,1366.0,423.42857142857144,10.5,997.0,228.85714285714286,830.0,118.85714285714286,1673.0,1041.0,18.5,48.9,1.0323
2004-04-04 21:00:00,3.1,1113.0,423.46938775510205,5.2,772.0,229.3673469387755,989.0,119.22448979591837,1493.0,646.0,16.6,56.1,1.0481
2004-04-04 22:00:00,3.1,1196.0,423.51020408163265,6.9,853.0,229.87755102040816,909.0,119.59183673469389,1556.0,769.0,15.8,58.8,1.0464
2004-04-04 23:00:00,3.1,1188.0,423.55102040816325,6.4,829.0,230.3877551020408,930.0,119.95918367346938,1540.0,785.0,15.3,60.8,1.0501
2004-04-05 00:00:00,3.1,1102.0,423.59183673469386,4.7,750.0,230.89795918367346,1007.0,120.3265306122449,1470.0,613.0,14.7,64.4,1.0717
2004-04-05 01:00:00,3.1,969.0,423.6326530612245,2.4,611.0,231.40816326530611,1239.0,120.6938775510204,1330.0,430.0,14.8,63.3,1.0584
2004-04-05 02:00:00,3.1,983.0,423.6734693877551,2.2,600.0,231.91836734693877,1233.0,121.06122448979592,1375.0,485.0,15.0,61.5,1.0418
2004-04-05 03:00:00,3.1,876.0,423.7142857142857,1.1,505.0,232.42857142857144,1456.0,121.42857142857143,1294.0,467.0,15.5,56.9,0.9961
2004-04-05 04:00:00,3.1,884.0,423.7551020408163,0.9,489.0,232.9387755102041,1536.0,121.79591836734694,1278.0,436.0,16.0,54.0,0.9742
2004-04-05 05:00:00,3.1,1024.0,423.7959183673469,3.1,658.0,233.44897959183675,1175.0,122.16326530612245,1417.0,682.0,13.5,63.9,0.9809
2004-04-05 06:00:00,3.1,1126.0,423.83673469387753,6.2,822.0,233.9591836734694,945.0,122.53061224489795,1541.0,927.0,12.9,65.3,0.9688
2004-04-05 07:00:00,3.1,1415.0,423.8775510204082,13.2,1089.0,234.46938775510205,767.0,122.89795918367346,1795.0,1192.0,13.4,62.5,0.9582
2004-04-05 08:00:00,3.1,1631.0,423.9183673469388,25.8,1449.0,234.9795918367347,570.0,123.26530612244898,2299.0,1615.0,14.5,58.8,0.963
2004-04-05 09:00:00,3.1,1499.0,423.9591836734694,18.2,1247.0,235.48979591836735,647.0,123.63265306122449,1972.0,1505.0,15.3,56.7,0.9773
2004-04-05 10:00:00,3.1,1461.0,424.0,14.3,1127.0,236.0,703.0,124.0,1836.0,1451.0,15.6,57.4,1.0075
2004-04-05 11:00:00,3.0,1430.0,339.0,13.7,1107.0,228.0,713.0,121.0,1853.0,1409.0,16.6,55.2,1.0382
2004-04-05 12:00:00,3.2,1498.0,445.0,15.7,1171.0,206.0,684.0,114.0,1942.0,1434.0,17.0,54.3,1.0434
2004-04-05 13:00:00,3.1,1454.0,535.0,15.4,1162.0,188.0,682.0,114.0,1915.0,1457.0,18.0,51.5,1.0552
2004-04-05 14:00:00,2.5,1402.0,278.0,12.6,1069.0,158.0,733.0,106.0,1793.0,1325.0,19.5,47.5,1.0653
2004-04-05 15:00:00,2.1,1327.0,256.0,9.8,971.0,124.0,803.0,89.0,1705.0,1120.0,21.6,41.7,1.0606
2004-04-05 16:00:00,2.0,1273.0,245.0,9.6,963.0,98.0,832.0,82.0,1662.0,931.0,22.2,38.3,1.0106
2004-04-05 17:00:00,3.2,1457.0,458.0,16.3,1190.0,160.0,678.0,111.0,1877.0,1212.0,20.3,42.8,1.0053
2004-04-05 18:00:00,4.1,1543.0,710.0,19.8,1290.0,194.0,631.0,132.0,2011.0,1353.0,19.7,45.4,1.0312
2004-04-05 19:00:00,3.9,1499.0,678.0,18.0,1239.0,174.0,651.0,121.0,1957.0,1359.0,18.8,47.5,1.0199
2004-04-05 20:00:00,3.1,1378.0,436.0,13.6,1102.0,157.0,742.0,116.0,1796.0,1273.0,17.9,49.4,1.0064
2004-04-05 21:00:00,2.0,1243.0,178.0,8.7,928.0,109.0,852.0,100.0,1622.0,1079.0,17.5,50.9,1.009
2004-04-05 22:00:00,1.7,1196.0,160.0,7.7,885.0,85.0,884.0,89.0,1589.0,973.0,17.4,51.8,1.023
2004-04-05 23:00:00,1.6,1137.0,177.0,7.3,869.0,90.0,890.0,92.0,1554.0,951.0,17.0,53.9,1.0363
2004-04-06 00:00:00,1.0,1015.0,101.0,4.1,718.0,61.0,1065.0,71.0,1428.0,714.0,16.6,55.4,1.0408
2004-04-06 01:00:00,0.8,978.0,66.0,2.7,635.0,36.0,1188.0,51.0,1382.0,579.0,15.9,57.0,1.0224
2004-04-06 02:00:00,0.5,933.0,40.0,1.5,547.0,25.0,1357.0,39.0,1336.0,542.0,15.0,59.2,1.0059
2004-04-06 03:00:00,0.5,927.0,54.0,1.9,579.0,24.5,1267.0,37.0,1370.0,562.0,14.5,61.4,1.0041
2004-04-06 04:00:00,0.5,908.0,39.0,1.8,569.0,24.0,1303.0,35.0,1360.0,526.0,14.1,61.6,0.9883
2004-04-06 05:00:00,0.8,980.0,62.0,3.4,677.0,73.0,1141.0,64.0,1435.0,659.0,14.6,58.8,0.9711
2004-04-06 06:00:00,1.7,1236.0,120.0,8.5,920.0,164.0,880.0,94.0,1641.0,1012.0,14.4,58.9,0.9594
2004-04-06 07:00:00,4.5,1664.0,599.0,24.1,1407.0,329.0,594.0,134.0,2198.0,1564.0,15.3,55.2,0.9538
2004-04-06 08:00:00,6.2,1757.0,1084.0,33.7,1636.0,302.0,494.0,129.0,2560.0,1806.0,16.2,52.5,0.9576
2004-04-06 09:00:00,4.4,1524.0,776.0,22.0,1350.0,256.0,588.0,125.0,2096.0,1604.0,18.4,46.3,0.9734
2004-04-06 10:00:00,2.9,1329.0,470.0,14.1,1119.0,182.0,707.0,107.0,1823.0,1288.0,19.6,41.8,0.9407
2004-04-06 11:00:00,1.6,1167.0,169.0,7.6,884.0,105.0,881.0,78.0,1580.0,931.0,20.2,40.1,0.937
2004-04-06 12:00:00,2.6,1369.0,304.0,14.5,1132.0,136.0,715.0,91.0,1818.0,1162.0,20.9,36.6,0.8939
2004-04-06 13:00:00,2.9,1284.0,405.0,13.6,1103.0,167.0,755.0,116.0,1704.0,1064.0,20.4,34.7,0.8229
2004-04-06 14:00:00,2.5,1221.0,297.0,11.5,1032.0,166.0,811.0,131.0,1630.0,913.0,19.3,35.4,0.7813
2004-04-06 15:00:00,1.9,1096.0,220.0,9.2,947.0,115.0,872.0,113.0,1519.0,684.0,18.6,36.9,0.7829
2004-04-06 16:00:00,1.9,1143.0,226.0,10.3,988.0,109.0,849.0,98.0,1590.0,710.0,18.8,36.8,0.7883
2004-04-06 17:00:00,2.7,1251.0,456.0,14.0,1116.0,143.0,760.0,116.0,1716.0,923.0,17.5,40.6,0.8068
2004-04-06 18:00:00,3.0,1268.0,470.0,15.0,1148.0,159.0,728.0,120.0,1776.0,1006.0,16.8,44.3,0.8428
2004-04-06 19:00:00,3.3,1314.0,503.0,15.1,1150.0,181.0,726.0,126.0,1784.0,1083.0,16.3,47.7,0.8746
2004-04-06 20:00:00,3.2,1315.0,459.0,14.8,1142.0,178.0,724.0,126.0,1807.0,1161.0,15.6,50.7,0.8947
2004-04-06 21:00:00,1.8,1095.0,227.0,8.5,918.0,91.0,896.0,90.0,1527.0,800.0,15.7,49.4,0.8768
2004-04-06 22:00:00,1.3,1027.0,152.0,5.9,808.0,76.0,996.0,81.0,1458.0,647.0,15.8,48.6,0.8653
2004-04-06 23:00:00,1.1,1012.0,94.0,4.8,752.0,66.0,1053.0,74.0,1393.0,649.0,15.7,47.0,0.8325
2004-04-07 00:00:00,0.9,948.0,93.0,4.0,710.0,56.0,1127.0,67.0,1352.0,575.0,15.7,45.9,0.8121
2004-04-07 01:00:00,0.7,889.0,49.0,2.3,603.0,35.0,1308.0,46.0,1271.0,455.0,15.6,44.9,0.792
2004-04-07 02:00:00,0.4,830.0,30.0,1.4,538.0,21.0,1475.0,30.0,1214.0,392.0,15.6,44.4,0.7827
2004-04-07 03:00:00,0.3,801.0,30.0,0.7,464.0,16.5,1749.0,24.5,1154.0,340.0,16.1,42.4,0.7718
2004-04-07 04:00:00,0.3,804.0,30.0,0.7,468.0,12.0,1826.0,19.0,1166.0,320.0,15.7,45.4,0.8063
2004-04-07 05:00:00,0.3,824.0,32.0,0.8,478.0,22.0,1705.0,32.0,1200.0,331.0,15.3,50.1,0.8617
2004-04-07 06:00:00,0.8,1000.0,59.0,3.6,688.0,55.0,1257.0,61.0,1398.0,426.0,14.2,58.6,0.9443
2004-04-07 07:00:00,2.8,1307.0,277.0,12.9,1082.0,152.0,777.0,111.0,1769.0,830.0,14.3,58.2,0.9431
2004-04-07 08:00:00,3.1,1286.0,454.0,15.7,1171.0,153.0,716.0,102.0,1821.0,1006.0,15.0,52.0,0.8817
2004-04-07 09:00:00,2.3,1150.0,211.0,8.6,925.0,152.0,865.0,116.0,1576.0,820.0,13.6,61.4,0.9519
2004-04-07 10:00:00,1.6,1087.0,196.0,7.4,876.0,112.0,911.0,96.0,1554.0,737.0,16.1,53.1,0.9675
2004-04-07 11:00:00,1.5,1016.0,110.0,6.6,839.0,119.0,991.0,97.0,1448.0,790.0,16.6,44.3,0.8294
2004-04-07 12:00:00,1.6,1029.0,164.0,7.8,892.0,122.0,937.0,110.0,1474.0,760.0,17.4,40.3,0.7922
2004-04-07 13:00:00,1.8,1109.0,151.0,9.1,943.0,115.0,883.0,103.0,1604.0,767.0,18.1,42.2,0.8679
2004-04-07 14:00:00,1.4,997.0,112.0,6.1,817.0,84.0,1030.0,79.0,1426.0,626.0,14.4,51.8,0.8433
2004-04-07 15:00:00,1.9,1177.0,117.0,7.5,880.0,146.0,927.0,104.0,1552.0,776.0,10.9,76.4,0.9953
2004-04-07 16:00:00,1.2,1045.0,120.0,5.9,808.0,65.0,1038.0,69.0,1421.0,589.0,16.4,47.7,0.8819
2004-04-07 17:00:00,2.3,1171.0,251.0,12.7,1073.0,120.0,847.0,96.0,1623.0,872.0,18.0,37.1,0.7598
2004-04-07 18:00:00,3.3,1221.0,435.0,13.5,1101.0,185.0,799.0,121.0,1700.0,996.0,14.7,48.7,0.8089
2004-04-07 19:00:00,3.1,1262.0,345.0,14.5,1133.0,157.0,774.0,129.0,1748.0,1033.0,11.3,71.3,0.9514
2004-04-07 20:00:00,3.3,1207.0,343.0,11.0,1013.0,174.0,876.0,116.0,1632.0,982.0,10.0,74.0,0.9087
2004-04-07 21:00:00,1.2,956.0,62.0,3.2,666.0,62.0,1235.0,71.0,1282.0,518.0,9.8,71.8,0.8702
2004-04-07 22:00:00,1.3,1020.0,70.0,4.3,727.0,81.0,1153.0,85.0,1391.0,631.0,9.3,75.2,0.8796
2004-04-07 23:00:00,1.9,1107.0,114.0,7.1,861.0,118.0,957.0,101.0,1510.0,879.0,9.6,76.0,0.9088
2004-04-08 00:00:00,1.4,1020.0,88.0,4.8,752.0,95.0,1074.0,97.0,1398.0,839.0,9.3,75.0,0.8799
2004-04-08 01:00:00,1.5,1051.0,95.0,5.7,798.0,84.0,1016.0,89.0,1455.0,876.0,9.0,76.7,0.8825
2004-04-08 02:00:00,1.1,965.0,83.0,4.1,716.0,56.0,1087.0,72.0,1383.0,827.0,8.2,79.6,0.8672
2004-04-08 03:00:00,0.8,890.0,63.0,3.3,672.0,49.5,1183.0,64.5,1338.0,781.0,7.6,80.6,0.8437
2004-04-08 04:00:00,0.8,823.0,38.0,1.8,568.0,43.0,1366.0,57.0,1263.0,699.0,8.3,75.6,0.8302
2004-04-08 05:00:00,0.8,869.0,68.0,2.8,642.0,69.0,1291.0,62.0,1288.0,723.0,8.1,72.1,0.7798
2004-04-08 06:00:00,1.1,939.0,59.0,4.8,754.0,74.0,1169.0,64.0,1384.0,797.0,8.1,70.4,0.7609
2004-04-08 07:00:00,2.6,1274.0,226.0,13.8,1109.0,161.0,820.0,80.0,1723.0,1138.0,8.1,70.5,0.7627
2004-04-08 08:00:00,5.1,1512.0,802.0,27.1,1482.0,308.0,596.0,118.0,2189.0,1605.0,9.9,64.3,0.7859
2004-04-08 09:00:00,4.2,1435.0,585.0,19.1,1271.0,300.0,676.0,130.0,1885.0,1569.0,13.0,54.2,0.809
2004-04-08 10:00:00,2.6,1207.0,324.0,11.7,1041.0,189.0,813.0,113.0,1620.0,1319.0,16.5,42.6,0.7912
2004-04-08 11:00:00,2.4,1223.0,308.0,12.7,1075.0,164.0,818.0,112.0,1678.0,1198.0,19.3,34.2,0.7566
2004-04-08 12:00:00,2.1,1121.0,238.0,11.3,1026.0,122.0,865.0,96.0,1541.0,958.0,21.5,27.4,0.6941
2004-04-08 13:00:00,2.6,1176.0,301.0,14.2,1123.0,166.0,816.0,125.0,1609.0,1068.0,20.4,26.7,0.6323
2004-04-08 14:00:00,2.8,1144.0,294.0,13.9,1114.0,181.0,845.0,128.0,1551.0,1010.0,20.6,22.6,0.5432
2004-04-08 15:00:00,2.5,1136.0,353.0,13.2,1089.0,127.0,856.0,101.0,1552.0,928.0,20.6,24.8,0.5931
2004-04-08 16:00:00,1.9,1085.0,209.0,10.7,1004.0,106.0,888.0,95.0,1454.0,816.0,21.0,25.4,0.6264
2004-04-08 17:00:00,3.6,1297.0,538.0,19.7,1287.0,192.0,723.0,138.0,1798.0,1216.0,21.5,24.5,0.6203
2004-04-08 18:00:00,4.6,1408.0,808.0,24.0,1404.0,241.0,646.0,154.0,1972.0,1463.0,19.3,28.6,0.6357
2004-04-08 19:00:00,6.3,1618.0,974.0,29.1,1530.0,326.0,579.0,171.0,2167.0,1791.0,18.0,32.9,0.6737
2004-04-08 20:00:00,4.3,1319.0,544.0,15.8,1172.0,232.0,746.0,136.0,1699.0,1425.0,15.8,39.8,0.7096
2004-04-08 21:00:00,1.6,1045.0,138.0,7.0,857.0,92.0,968.0,93.0,1410.0,922.0,15.3,41.5,0.7194
2004-04-08 22:00:00,1.4,1058.0,92.0,6.3,824.0,95.0,993.0,99.0,1411.0,971.0,14.1,46.0,0.7363
2004-04-08 23:00:00,2.0,1062.72,137.0,6.3839999999999995,827.72,129.0,987.92,106.0,1416.96,978.2,14.016,46.876,0.7449399999999999
2004-04-09 00:00:00,2.4,1067.44,189.0,6.468,831.44,154.0,982.84,109.0,1422.92,985.4,13.932,47.752,0.7535799999999999
2004-04-09 01:00:00,1.8,1072.16,159.0,6.552,835.16,118.0,977.76,97.0,1428.88,992.6,13.847999999999999,48.628,0.76222
2004-04-09 02:00:00,1.0,1076.88,80.0,6.636,838.88,69.0,972.68,83.0,1434.84,999.8,13.764,49.504,0.77086
2004-04-09 03:00:00,1.0,1081.6,66.0,6.72,842.6,83.0,967.6,81.0,1440.8,1007.0,13.68,50.38,0.7795
2004-04-09 04:00:00,1.0,1086.32,87.0,6.804,846.32,97.0,962.52,79.0,1446.76,1014.2,13.596,51.256,0.78814
2004-04-09 05:00:00,0.9,1091.04,79.0,6.888,850.04,145.0,957.44,84.0,1452.72,1021.4,13.512,52.132000000000005,0.7967799999999999
2004-04-09 06:00:00,1.5,1095.76,150.0,6.9719999999999995,853.76,169.0,952.36,86.0,1458.68,1028.6,13.427999999999999,53.008,0.80542
2004-04-09 07:00:00,2.6,1100.48,196.0,7.056,857.48,250.0,947.28,111.0,1464.64,1035.8,13.344,53.884,0.81406
2004-04-09 08:00:00,2.9,1105.2,299.0,7.14,861.2,215.0,942.2,117.0,1470.6,1043.0,13.26,54.760000000000005,0.8227
2004-04-09 09:00:00,2.7,1109.92,254.0,7.224,864.92,237.0,937.12,122.0,1476.56,1050.2,13.176,55.636,0.83134
2004-04-09 10:00:00,2.4,1114.64,226.0,7.308,868.64,190.0,932.04,119.0,1482.52,1057.4,13.091999999999999,56.512,0.83998
2004-04-09 11:00:00,2.6,1119.36,262.0,7.392,872.36,219.0,926.96,121.0,1488.48,1064.6,13.008,57.388000000000005,0.84862
2004-04-09 12:00:00,4.1,1124.08,505.0,7.476,876.08,294.0,921.88,127.0,1494.44,1071.8,12.924,58.264,0.85726
2004-04-09 13:00:00,4.3,1128.8,512.0,7.5600000000000005,879.8,253.0,916.8,135.0,1500.4,1079.0,12.84,59.14,0.8659
2004-04-09 14:00:00,2.2,1133.52,159.0,7.644,883.52,176.0,911.72,119.0,1506.36,1086.2,12.756,60.016000000000005,0.87454
2004-04-09 15:00:00,3.4,1138.24,337.0,7.728,887.24,243.0,906.64,137.0,1512.32,1093.4,12.672,60.892,0.8831800000000001
2004-04-09 16:00:00,3.6,1142.96,357.0,7.812,890.96,214.0,901.56,139.0,1518.28,1100.6,12.588,61.768,0.8918200000000001
2004-04-09 17:00:00,2.5,1147.68,194.0,7.896,894.6800000000001,141.0,896.48,117.0,1524.24,1107.8,12.504,62.644000000000005,0.90046
2004-04-09 18:00:00,2.8,1152.4,278.0,7.98,898.4,166.0,891.4,127.0,1530.2,1115.0,12.42,63.52,0.9091
2004-04-09 19:00:00,3.4,1157.12,303.0,8.064,902.12,197.0,886.3199999999999,137.0,1536.16,1122.2,12.336,64.396,0.91774
2004-04-09 20:00:00,3.0,1161.84,234.0,8.148,905.84,191.0,881.24,127.0,1542.12,1129.4,12.251999999999999,65.272,0.92638
2004-04-09 21:00:00,2.1,1166.56,128.0,8.232,909.56,159.0,876.16,107.0,1548.08,1136.6,12.168,66.14800000000001,0.9350200000000001
2004-04-09 22:00:00,2.4,1171.28,160.0,8.316,913.28,175.0,871.08,102.0,1554.04,1143.8,12.084,67.024,0.94366
2004-04-09 23:00:00,2.3,1176.0,169.0,8.4,917.0,157.0,866.0,95.0,1560.0,1151.0,12.0,67.9,0.9523
2004-04-10 00:00:00,1.3,1047.0,77.0,5.4,783.0,83.0,1014.0,79.0,1449.0,975.0,12.0,66.9,0.9336
2004-04-10 01:00:00,1.7,1116.0,98.0,6.9,854.0,118.0,929.0,78.0,1533.0,1034.0,11.5,70.1,0.9503
2004-04-10 02:00:00,1.7,1074.0,102.0,6.4,832.0,101.0,951.0,75.0,1507.0,980.0,11.4,69.8,0.939
2004-04-10 03:00:00,1.0,922.0,65.0,3.6,687.0,73.5,1142.0,63.5,1390.0,825.0,11.1,69.3,0.9128
2004-04-10 04:00:00,0.8,898.0,69.0,3.3,669.0,46.0,1163.0,52.0,1386.0,807.0,10.8,70.3,0.9092
2004-04-10 05:00:00,1.0,970.0,89.0,4.0,708.0,81.0,1121.0,55.0,1435.0,842.0,10.2,73.4,0.9129
2004-04-10 06:00:00,1.4,1073.0,134.0,6.0,812.0,112.0,988.0,65.0,1500.0,950.0,10.8,70.5,0.9142
2004-04-10 07:00:00,1.7,1081.0,157.0,8.2,906.0,150.0,895.0,72.0,1591.0,1024.0,11.0,71.0,0.9279
2004-04-10 08:00:00,2.0,1159.0,167.0,9.9,976.0,138.0,837.0,76.0,1663.0,1098.0,12.4,64.0,0.9206
2004-04-10 09:00:00,2.0,1112.0,157.0,8.8,931.0,124.0,869.0,84.0,1588.0,1011.0,15.0,53.1,0.8993
2004-04-10 10:00:00,1.9,1112.0,172.0,8.4,917.0,124.0,897.0,90.0,1542.0,931.0,16.6,44.4,0.8313
2004-04-10 11:00:00,2.1,1063.0,114.0,7.5,877.0,115.0,971.0,89.0,1481.0,811.0,18.0,38.4,0.7862
2004-04-10 12:00:00,1.8,1032.0,166.0,7.8,892.0,101.0,973.0,87.0,1457.0,756.0,20.6,30.0,0.7213
2004-04-10 13:00:00,1.5,936.0,94.0,6.4,829.0,90.0,1054.0,88.0,1336.0,607.0,19.9,26.7,0.6137
2004-04-10 14:00:00,1.3,883.0,108.0,5.1,766.0,90.0,1152.0,81.0,1238.0,498.0,19.8,23.1,0.5283
2004-04-10 15:00:00,1.4,942.0,98.0,6.9,852.0,89.0,1055.0,89.0,1318.0,540.0,21.4,22.7,0.5722
2004-04-10 16:00:00,1.5,943.0,132.0,6.8,850.0,92.0,1084.0,91.0,1296.0,544.0,22.1,21.3,0.5605
2004-04-10 17:00:00,1.7,1007.0,144.0,7.4,875.0,103.0,1027.0,104.0,1357.0,620.0,21.1,24.5,0.604
2004-04-10 18:00:00,2.0,1037.0,165.0,8.7,927.0,122.0,949.0,111.0,1426.0,740.0,18.3,31.6,0.6562
2004-04-10 19:00:00,2.5,1127.0,210.0,11.2,1022.0,159.0,871.0,129.0,1534.0,921.0,16.1,35.0,0.6372
2004-04-10 20:00:00,2.4,1123.0,277.0,10.5,996.0,172.0,861.0,133.0,1551.0,1033.0,14.8,41.5,0.6929
2004-04-10 21:00:00,2.0,1110.0,168.0,8.2,909.0,125.0,916.0,115.0,1487.0,984.0,13.2,50.3,0.7577
2004-04-10 22:00:00,2.9,1247.0,248.0,11.6,1037.0,187.0,812.0,125.0,1618.0,1193.0,12.3,55.5,0.7916
2004-04-10 23:00:00,2.5,1220.0,235.0,9.7,967.0,174.0,844.0,117.0,1545.0,1219.0,11.8,56.6,0.7833
2004-04-11 00:00:00,1.4,1028.0,84.0,5.1,770.0,75.0,1047.0,84.0,1326.0,913.0,11.2,56.2,0.7469
2004-04-11 01:00:00,1.2,978.0,75.0,4.0,711.0,48.0,1144.0,63.0,1304.0,750.0,11.0,56.6,0.7418
2004-04-11 02:00:00,1.0,949.0,62.0,3.7,694.0,61.0,1160.0,68.0,1310.0,772.0,9.3,64.3,0.7531
2004-04-11 03:00:00,1.0,910.0,66.0,4.0,709.0,49.5,1162.0,60.0,1329.0,712.0,8.8,66.0,0.7501
2004-04-11 04:00:00,0.85,863.0,49.0,3.0,651.0,38.0,1224.0,52.0,1286.0,712.0,7.8,70.4,0.7463
2004-04-11 05:00:00,0.7,836.0,38.0,2.9,643.0,38.0,1244.0,49.0,1306.0,727.0,7.7,70.7,0.7463
2004-04-11 06:00:00,0.8,856.0,44.0,2.9,644.0,41.0,1259.0,49.0,1301.0,746.0,7.4,71.0,0.7346
2004-04-11 07:00:00,0.9,888.0,60.0,3.0,651.0,51.0,1240.0,52.0,1298.0,733.0,8.2,66.6,0.7283
2004-04-11 08:00:00,1.1,912.0,88.0,3.7,694.0,61.0,1196.0,58.0,1343.0,727.0,8.7,64.3,0.7267
2004-04-11 09:00:00,1.0,938.0,70.0,3.9,706.0,47.0,1177.0,51.0,1320.0,642.0,13.0,47.9,0.7116
2004-04-11 10:00:00,1.6,1053.0,94.0,6.2,823.0,87.0,1040.0,77.0,1386.0,810.0,17.4,35.4,0.699
2004-04-11 11:00:00,1.8,1087.0,126.0,7.3,870.0,107.0,1014.0,90.0,1412.0,851.0,20.2,29.2,0.683
2004-04-11 12:00:00,2.6,1153.0,181.0,9.2,945.0,161.0,969.0,118.0,1425.0,911.0,22.7,22.9,0.6224
2004-04-11 13:00:00,1.1,894.0,66.0,4.0,710.0,61.0,1209.0,70.0,1200.0,611.0,22.3,22.4,0.5955
2004-04-11 14:00:00,0.6,797.0,54.0,2.3,606.0,26.0,1452.0,35.0,1076.0,368.0,22.2,18.9,0.4993
2004-04-11 15:00:00,0.9,854.0,48.0,3.1,658.0,42.0,1409.0,46.0,1108.0,369.0,22.0,19.0,0.4969
2004-04-11 16:00:00,1.0,892.0,66.0,3.2,665.0,55.0,1348.0,58.0,1150.0,394.0,21.0,23.6,0.5788
2004-04-11 17:00:00,1.2,935.0,65.0,3.3,672.0,65.0,1299.0,61.0,1183.0,415.0,19.6,27.4,0.6162
2004-04-11 18:00:00,1.4,989.0,68.0,4.0,709.0,75.0,1225.0,80.0,1233.0,469.0,17.9,30.8,0.6258
2004-04-11 19:00:00,2.0,1063.0,118.0,5.7,797.0,93.0,1079.0,93.0,1285.0,607.0,16.4,35.3,0.6532
2004-04-11 20:00:00,1.1,922.0,65.0,3.4,674.0,63.0,1220.0,78.0,1205.0,498.0,15.6,37.5,0.6575
2004-04-11 21:00:00,1.1,925.0,63.0,3.5,680.0,60.0,1223.0,76.0,1217.0,481.0,15.5,36.7,0.6438
2004-04-11 22:00:00,1.1,924.0,61.0,2.9,648.0,63.0,1272.0,74.0,1186.0,465.0,14.5,39.0,0.6428
2004-04-11 23:00:00,1.1,914.0,63.0,3.1,661.0,66.0,1256.0,81.0,1187.0,478.0,14.2,38.2,0.6163
2004-04-12 00:00:00,0.7,840.0,31.0,1.6,556.0,41.0,1474.0,58.0,1094.0,366.0,13.7,38.3,0.5957
2004-04-12 01:00:00,0.6,799.0,29.0,1.1,514.0,42.0,1615.0,59.0,1036.0,332.0,14.1,34.0,0.5442
2004-04-12 02:00:00,0.7,856.0,34.0,2.0,581.0,36.0,1448.0,54.0,1111.0,346.0,14.6,34.0,0.5605
2004-04-12 03:00:00,0.6,830.0,34.0,1.7,560.0,26.0,1452.0,39.5,1066.0,350.0,14.4,32.8,0.5364
2004-04-12 04:00:00,0.3,753.0,9.0,0.7,462.0,16.0,1822.0,25.0,955.0,274.0,13.9,30.9,0.4868
2004-04-12 05:00:00,0.3,785.0,14.0,0.5,448.0,16.0,1923.0,26.0,1003.0,263.0,13.5,37.9,0.5852
2004-04-12 06:00:00,0.4,835.0,23.0,0.7,472.0,33.0,1756.0,49.0,1117.0,314.0,13.9,43.6,0.6871
2004-04-12 07:00:00,0.5,865.0,36.0,0.9,494.0,39.0,1613.0,53.0,1185.0,367.0,13.5,50.1,0.7706
2004-04-12 08:00:00,0.6,922.0,39.0,1.5,541.0,45.0,1453.0,57.0,1246.0,432.0,13.3,53.6,0.8169
2004-04-12 09:00:00,0.8,975.0,38.0,2.2,598.0,63.0,1268.0,73.0,1293.0,536.0,13.4,56.0,0.8576
2004-04-12 10:00:00,1.0,1040.0,55.0,2.9,646.0,71.0,1210.0,78.0,1325.0,555.0,13.0,59.6,0.886
2004-04-12 11:00:00,1.3,1115.0,75.0,3.9,707.0,104.0,1105.0,93.0,1384.0,677.0,12.7,62.7,0.9173
2004-04-12 12:00:00,1.1,1004.0,64.0,2.8,641.0,85.0,1201.0,71.0,1305.0,557.0,12.1,60.5,0.8505
2004-04-12 13:00:00,0.6,895.0,39.0,1.4,536.0,53.0,1415.0,56.0,1229.0,421.0,11.2,64.4,0.8537
2004-04-12 14:00:00,0.7,917.0,42.0,1.7,563.0,58.0,1415.0,60.0,1257.0,423.0,10.7,67.6,0.8703
2004-04-12 15:00:00,1.2,1025.0,78.0,3.6,689.0,89.0,1189.0,77.0,1325.0,519.0,11.4,61.2,0.8236
2004-04-12 16:00:00,1.4,1035.0,69.0,3.1,660.0,96.0,1222.0,82.0,1301.0,533.0,9.9,70.5,0.8581
2004-04-12 17:00:00,1.2,1025.0,67.0,3.5,682.0,88.0,1197.0,77.0,1313.0,537.0,10.3,65.2,0.8151
2004-04-12 18:00:00,1.3,1040.0,83.0,3.9,705.0,100.0,1149.0,91.0,1324.0,612.0,11.0,58.9,0.7714
2004-04-12 19:00:00,1.8,1070.0,79.0,5.2,776.0,127.0,1065.0,93.0,1369.0,697.0,10.6,59.5,0.7595
2004-04-12 20:00:00,1.2,964.0,68.0,3.7,692.0,88.0,1176.0,82.0,1292.0,573.0,10.6,57.7,0.7362
2004-04-12 21:00:00,0.8,904.0,56.0,2.7,635.0,66.0,1269.0,74.0,1233.0,489.0,10.6,56.1,0.7149
2004-04-12 22:00:00,0.8,913.0,49.0,2.6,626.0,61.0,1271.0,68.0,1234.0,474.0,10.3,58.0,0.7239
2004-04-12 23:00:00,0.8,914.0,56.0,2.4,610.0,54.0,1322.0,65.0,1230.0,455.0,10.4,58.4,0.7352
2004-04-13 00:00:00,0.7,893.0,48.0,2.0,587.0,46.0,1368.0,58.0,1219.0,433.0,10.7,58.2,0.7459
2004-04-13 01:00:00,0.5,844.0,27.0,1.3,532.0,25.0,1499.0,36.0,1176.0,376.0,10.5,59.9,0.7624
2004-04-13 02:00:00,0.3,837.0,29.0,1.2,518.0,18.0,1581.0,29.0,1182.0,360.0,10.5,60.8,0.7704
2004-04-13 03:00:00,0.4,868.0,32.0,1.3,530.0,19.5,1482.0,28.5,1215.0,384.0,10.6,63.1,0.8068
2004-04-13 04:00:00,0.3,825.0,47.0,0.9,489.0,21.0,1565.0,28.0,1171.0,363.0,11.1,60.1,0.7925
2004-04-13 05:00:00,0.7,956.0,66.0,3.1,656.0,76.0,1251.0,68.0,1356.0,525.0,10.1,68.4,0.8443
2004-04-13 06:00:00,1.6,1124.0,163.0,6.9,853.0,149.0,960.0,99.0,1531.0,873.0,10.0,68.7,0.8456
2004-04-13 07:00:00,3.9,1496.0,524.0,19.1,1272.0,328.0,667.0,130.0,2011.0,1399.0,11.0,64.2,0.8398
2004-04-13 08:00:00,4.5,1452.0,657.0,22.1,1354.0,282.0,620.0,128.0,2057.0,1501.0,12.0,58.1,0.8138
2004-04-13 09:00:00,2.7,1172.0,324.0,11.8,1042.0,206.0,797.0,120.0,1641.0,1186.0,12.8,52.0,0.7643
2004-04-13 10:00:00,1.6,1020.0,144.0,7.3,871.0,133.0,956.0,93.0,1426.0,911.0,12.6,50.8,0.7387
2004-04-13 11:00:00,1.6,1044.0,135.0,8.0,900.0,137.0,934.0,96.0,1471.0,919.0,13.8,47.4,0.7435
2004-04-13 12:00:00,1.6,1020.0,140.0,7.2,866.0,116.0,972.0,84.0,1429.0,791.0,15.1,42.7,0.7294
2004-04-13 13:00:00,1.5,1009.0,141.0,7.7,885.0,112.0,994.0,87.0,1439.0,751.0,16.3,38.1,0.7006
2004-04-13 14:00:00,1.8,1073.0,181.0,9.7,966.0,128.0,935.0,87.0,1537.0,805.0,16.6,36.7,0.6867
2004-04-13 15:00:00,2.1,1098.0,227.0,9.8,971.0,145.0,877.0,103.0,1527.0,966.0,15.8,40.5,0.7241
2004-04-13 16:00:00,1.7,1061.0,149.0,7.7,887.0,110.0,920.0,88.0,1462.0,869.0,16.3,41.8,0.7712
2004-04-13 17:00:00,3.0,1289.0,425.0,15.3,1158.0,184.0,755.0,118.0,1791.0,1196.0,16.1,42.8,0.7783
2004-04-13 18:00:00,4.6,1442.0,669.0,21.5,1337.0,243.0,630.0,134.0,2004.0,1523.0,15.3,46.8,0.8074
2004-04-13 19:00:00,5.0,1479.0,680.0,21.7,1343.0,259.0,631.0,144.0,1995.0,1579.0,14.7,47.0,0.7815
2004-04-13 20:00:00,3.5,1266.0,446.0,14.6,1138.0,205.0,726.0,129.0,1747.0,1370.0,14.1,49.6,0.7931
2004-04-13 21:00:00,2.1,1149.0,205.0,9.3,952.0,144.0,845.0,108.0,1577.0,1204.0,13.5,54.1,0.8351
2004-04-13 22:00:00,2.1,1168.0,194.0,9.4,954.0,152.0,843.0,104.0,1586.0,1201.0,12.3,59.2,0.8461
2004-04-13 23:00:00,1.5,1079.0,115.0,6.8,847.0,108.0,925.0,90.0,1463.0,1122.0,11.6,62.2,0.851
2004-04-14 00:00:00,1.1,1047.0,74.0,4.9,760.0,64.0,1032.0,74.0,1379.0,1003.0,11.5,61.4,0.8303
2004-04-14 01:00:00,0.9,936.0,85.0,3.9,705.0,73.0,1086.0,73.0,1364.0,918.0,10.9,64.6,0.8395
2004-04-14 02:00:00,0.7,900.0,66.0,2.7,635.0,47.0,1207.0,60.0,1307.0,836.0,11.1,63.2,0.8331
2004-04-14 03:00:00,0.4,839.0,60.0,1.9,576.0,46.0,1325.0,58.5,1285.0,759.0,10.7,64.4,0.8284
2004-04-14 04:00:00,0.65,840.0,40.0,1.7,563.0,45.0,1349.0,57.0,1275.0,755.0,10.7,63.8,0.8174
2004-04-14 05:00:00,0.9,905.0,47.0,3.3,670.0,79.0,1191.0,62.0,1346.0,820.0,10.2,65.8,0.8196
2004-04-14 06:00:00,1.6,1079.0,116.0,7.4,875.0,113.0,947.0,71.0,1535.0,998.0,10.3,65.6,0.8225
2004-04-14 07:00:00,3.9,1417.0,478.0,18.2,1246.0,263.0,669.0,94.0,1921.0,1403.0,10.8,64.0,0.8307
2004-04-14 08:00:00,5.0,1529.0,836.0,27.7,1497.0,275.0,569.0,99.0,2278.0,1641.0,13.3,55.6,0.8453
2004-04-14 09:00:00,4.3,1397.0,655.0,18.3,1248.0,263.0,659.0,119.0,1906.0,1534.0,15.8,46.8,0.8328
2004-04-14 10:00:00,2.7,1214.0,312.0,12.3,1061.0,183.0,780.0,103.0,1662.0,1257.0,19.5,34.4,0.7738
2004-04-14 11:00:00,2.1,1109.0,195.0,8.9,935.0,147.0,882.0,95.0,1518.0,1026.0,21.1,30.2,0.745
2004-04-14 12:00:00,2.1,1122.0,238.0,10.4,993.0,132.0,859.0,95.0,1571.0,993.0,18.4,34.2,0.7185
2004-04-14 13:00:00,2.185714285714286,1094.0,252.1904761904762,9.7,966.0,140.42857142857142,877.0,95.9047619047619,1519.0,919.0,21.0,30.6,0.7538
2004-04-14 14:00:00,2.2714285714285714,1164.0,266.3809523809524,12.8,1076.0,148.85714285714286,788.0,96.80952380952381,1653.0,1032.0,21.4,28.7,0.7231
2004-04-14 15:00:00,2.357142857142857,1188.0,280.57142857142856,12.9,1082.0,157.28571428571428,790.0,97.71428571428571,1653.0,1077.0,21.3,27.3,0.6856
2004-04-14 16:00:00,2.442857142857143,1098.0,294.76190476190476,8.9,934.0,165.71428571428572,895.0,98.61904761904762,1497.0,883.0,20.4,30.4,0.7193
2004-04-14 17:00:00,2.5285714285714285,1180.0,308.95238095238096,11.0,1014.0,174.14285714285714,826.0,99.52380952380952,1595.0,1036.0,18.7,34.8,0.7436
2004-04-14 18:00:00,2.6142857142857143,1195.0,323.1428571428571,12.6,1072.0,182.57142857142856,799.0,100.42857142857143,1609.0,1144.0,18.6,34.7,0.7369
2004-04-14 19:00:00,2.7,1234.0,337.3333333333333,13.3,1095.0,191.0,789.0,101.33333333333333,1638.0,1212.0,17.9,35.8,0.7276
2004-04-14 20:00:00,2.7857142857142856,1425.0,351.5238095238095,18.1,1242.0,199.42857142857144,675.0,102.23809523809524,1858.0,1486.0,16.5,42.1,0.7856
2004-04-14 21:00:00,2.8714285714285714,1320.0,365.7142857142857,13.0,1085.0,207.85714285714286,730.0,103.14285714285714,1689.0,1440.0,14.8,49.7,0.8321
2004-04-14 22:00:00,2.9571428571428573,1158.0,379.9047619047619,7.8,892.0,216.28571428571428,870.0,104.04761904761905,1494.0,1242.0,13.4,54.3,0.8291
2004-04-14 23:00:00,3.0428571428571427,1060.0,394.0952380952381,5.8,805.0,224.71428571428572,964.0,104.95238095238095,1418.0,1089.0,13.4,54.2,0.8319
2004-04-15 00:00:00,3.1285714285714286,1036.0,408.2857142857143,4.7,746.0,233.14285714285714,1034.0,105.85714285714286,1364.0,993.0,12.3,57.6,0.8223
2004-04-15 01:00:00,3.2142857142857144,943.0,422.4761904761905,3.1,660.0,241.57142857142856,1163.0,106.76190476190476,1297.0,862.0,11.6,58.8,0.7996
2004-04-15 02:00:00,3.3,899.0,436.66666666666663,2.1,591.0,250.0,1243.0,107.66666666666667,1259.0,815.0,10.7,62.3,0.7988
2004-04-15 03:00:00,3.3857142857142857,889.0,450.85714285714283,1.7,559.0,258.42857142857144,1331.0,108.57142857142857,1241.0,714.0,10.2,63.2,0.7865
2004-04-15 04:00:00,3.4714285714285715,847.0,465.04761904761904,1.3,527.0,266.8571428571429,1416.0,109.47619047619048,1216.0,682.0,10.5,61.3,0.7761
2004-04-15 05:00:00,3.557142857142857,918.0,479.23809523809524,2.6,625.0,275.2857142857143,1255.0,110.38095238095238,1298.0,744.0,9.3,65.8,0.7722
2004-04-15 06:00:00,3.642857142857143,1105.0,493.42857142857144,7.9,897.0,283.7142857142857,906.0,111.28571428571428,1510.0,1050.0,9.1,67.4,0.7814
2004-04-15 07:00:00,3.7285714285714286,1491.0,507.6190476190476,21.4,1335.0,292.1428571428571,625.0,112.19047619047619,2001.0,1522.0,10.2,62.9,0.7831
2004-04-15 08:00:00,3.814285714285714,1508.0,521.8095238095239,22.1,1355.0,300.57142857142856,609.0,113.0952380952381,2034.0,1623.0,11.6,58.7,0.7999
2004-04-15 09:00:00,3.9,1489.0,536.0,19.1,1270.0,309.0,633.0,114.0,1889.0,1638.0,13.5,53.4,0.8196
2004-04-15 10:00:00,3.8,1451.0,481.0,17.3,1219.0,327.0,661.0,127.0,1804.0,1633.0,15.0,49.3,0.8364
2004-04-15 11:00:00,3.8,1454.0,460.0,17.5,1225.0,299.0,661.0,135.0,1809.0,1654.0,17.1,42.1,0.812
2004-04-15 12:00:00,3.9,1392.0,597.0,17.0,1210.0,257.0,689.0,135.0,1792.0,1559.0,18.4,36.9,0.7758
2004-04-15 13:00:00,3.5,1351.0,465.0,17.0,1210.0,195.0,709.0,120.0,1783.0,1374.0,19.3,35.4,0.7824
2004-04-15 14:00:00,4.0,1418.0,542.0,19.5,1282.0,231.0,681.0,129.0,1890.0,1418.0,19.2,35.7,0.7826
2004-04-15 15:00:00,3.0,1303.0,437.0,14.8,1143.0,170.0,748.0,114.0,1734.0,1228.0,21.5,30.4,0.7677
2004-04-15 16:00:00,3.1,1292.0,383.0,14.0,1116.0,192.0,746.0,129.0,1676.0,1293.0,19.6,34.6,0.7807
2004-04-15 17:00:00,5.2,1560.0,778.0,24.4,1413.0,251.0,594.0,149.0,2046.0,1642.0,19.6,35.5,0.8017
2004-04-15 18:00:00,5.9,1765.0,926.0,28.1,1507.0,289.0,533.0,149.0,2271.0,1895.0,18.3,44.1,0.9183
2004-04-15 19:00:00,7.3,1875.0,1189.0,33.7,1637.0,351.0,482.0,158.0,2446.0,2086.0,17.4,47.8,0.9392
2004-04-15 20:00:00,6.1,1746.0,824.0,24.2,1409.0,319.0,553.0,148.0,2119.0,1898.0,16.8,49.8,0.9446
2004-04-15 21:00:00,4.6,1607.0,660.0,19.8,1290.0,264.0,587.0,134.0,1960.0,1758.0,16.2,53.2,0.9723
2004-04-15 22:00:00,2.5,1277.0,203.0,9.3,952.0,144.0,802.0,111.0,1607.0,1284.0,14.9,59.1,0.9928
2004-04-15 23:00:00,2.2,1207.0,136.0,7.3,868.0,119.0,877.0,106.0,1532.0,1075.0,13.9,64.0,1.013
2004-04-16 00:00:00,2.0,1209.0,114.0,7.1,863.0,120.0,882.0,108.0,1547.0,1084.0,13.7,66.8,1.041
2004-04-16 01:00:00,1.9,1189.0,110.0,6.7,844.0,96.0,887.0,93.0,1566.0,1049.0,13.4,69.6,1.0688
2004-04-16 02:00:00,1.6,1132.0,127.0,6.0,810.0,77.0,899.0,83.0,1532.0,1021.0,12.8,71.9,1.0632
2004-04-16 03:00:00,1.0,974.0,68.0,2.7,635.0,70.0,1159.0,76.0,1387.0,778.0,12.9,68.5,1.0155
2004-04-16 04:00:00,1.0,1033.0,70.0,3.6,686.0,63.0,1030.0,69.0,1420.0,948.0,11.9,74.8,1.038
2004-04-16 05:00:00,1.2,1075.0,93.0,5.4,782.0,97.0,941.0,77.0,1505.0,988.0,11.6,76.4,1.0415
2004-04-16 06:00:00,2.0,1242.0,179.0,10.0,978.0,180.0,778.0,87.0,1686.0,1184.0,11.7,75.3,1.0325
2004-04-16 07:00:00,4.5,1657.0,523.0,23.2,1384.0,352.0,579.0,109.0,2176.0,1600.0,12.8,71.0,1.0428
2004-04-16 08:00:00,4.1,1406.0,546.0,18.7,1258.0,279.0,636.0,116.0,1890.0,1495.0,13.8,61.1,0.9595
2004-04-16 09:00:00,2.6,1150.0,251.0,9.9,973.0,186.0,827.0,105.0,1590.0,1188.0,15.3,51.4,0.8886
2004-04-16 10:00:00,2.3,1184.0,222.0,10.2,983.0,169.0,823.0,106.0,1604.0,1166.0,16.6,48.7,0.9146
2004-04-16 11:00:00,2.6,1223.0,212.0,11.0,1014.0,172.0,781.0,108.0,1666.0,1219.0,17.6,46.7,0.9324
2004-04-16 12:00:00,2.4,1196.0,263.0,10.5,997.0,127.0,802.0,100.0,1644.0,1128.0,19.2,42.7,0.9425
2004-04-16 13:00:00,4.3,1559.0,535.0,18.9,1267.0,230.0,653.0,149.0,2047.0,1373.0,15.7,62.5,1.1092
2004-04-16 14:00:00,4.6,1544.0,609.0,18.9,1266.0,280.0,613.0,148.0,2066.0,1415.0,14.5,75.7,1.2425
2004-04-16 15:00:00,4.0,1485.0,449.0,17.5,1223.0,242.0,650.0,126.0,1980.0,1302.0,14.4,77.4,1.2654
2004-04-16 16:00:00,4.7,1498.0,536.0,17.7,1230.0,250.0,649.0,140.0,1963.0,1308.0,14.6,74.9,1.2391
2004-04-16 17:00:00,5.7,1593.0,743.0,23.0,1378.0,309.0,582.0,142.0,2159.0,1449.0,14.6,76.0,1.2573
2004-04-16 18:00:00,5.2,1529.0,575.0,20.4,1309.0,270.0,627.0,141.0,2083.0,1385.0,14.0,76.3,1.2166
2004-04-16 19:00:00,6.4,1689.0,783.0,26.8,1474.0,323.0,560.0,149.0,2298.0,1492.0,13.9,78.0,1.2303
2004-04-16 20:00:00,6.0,1535.0,706.0,19.9,1295.0,307.0,627.0,140.0,2039.0,1380.0,13.8,78.0,1.2229
2004-04-16 21:00:00,3.4,1304.0,299.0,12.5,1067.0,224.0,737.0,117.0,1811.0,1167.0,13.5,79.4,1.2224
2004-04-16 22:00:00,2.7,1235.0,159.0,9.6,963.0,166.0,803.0,103.0,1680.0,1095.0,13.1,80.1,1.2016
2004-04-16 23:00:00,3.1,1281.0,171.0,10.0,977.0,171.0,794.0,99.0,1695.0,1105.0,12.8,81.0,1.1915
2004-04-17 00:00:00,2.6,1167.0,162.0,8.1,904.0,169.0,846.0,100.0,1627.0,1051.0,12.7,80.6,1.1819
2004-04-17 01:00:00,2.2,1134.0,111.0,7.1,863.0,120.0,869.0,88.0,1599.0,1009.0,12.5,81.8,1.1838
2004-04-17 02:00:00,1.9,1100.0,134.0,6.4,829.0,103.0,887.0,83.0,1565.0,972.0,12.7,81.2,1.1849
2004-04-17 03:00:00,1.891156462585034,1057.0,133.40136054421768,5.1,768.0,102.70068027210884,958.0,82.83673469387755,1527.0,884.0,12.4,82.4,1.1848
2004-04-17 04:00:00,1.8823129251700679,902.0,132.80272108843536,3.0,652.0,102.40136054421768,1158.0,82.6734693877551,1437.0,661.0,12.6,79.9,1.1619
2004-04-17 05:00:00,1.8734693877551019,982.0,132.20408163265307,4.2,724.0,102.10204081632654,1055.0,82.51020408163265,1508.0,774.0,12.8,80.0,1.1761
2004-04-17 06:00:00,1.864625850340136,997.0,131.60544217687075,5.1,769.0,101.80272108843538,1002.0,82.34693877551021,1524.0,868.0,12.6,79.9,1.1596
2004-04-17 07:00:00,1.85578231292517,1141.0,131.00680272108843,8.1,902.0,101.50340136054422,905.0,82.18367346938776,1672.0,965.0,12.5,79.6,1.1538
2004-04-17 08:00:00,1.846938775510204,1163.0,130.40816326530611,8.8,930.0,101.20408163265306,849.0,82.0204081632653,1691.0,985.0,12.8,80.8,1.1863
2004-04-17 09:00:00,1.838095238095238,1107.0,129.8095238095238,7.2,864.0,100.9047619047619,911.0,81.85714285714286,1604.0,963.0,13.5,78.1,1.1997
2004-04-17 10:00:00,1.829251700680272,1228.0,129.2108843537415,9.2,949.0,100.60544217687075,838.0,81.6938775510204,1706.0,1069.0,14.6,74.9,1.2348
2004-04-17 11:00:00,1.820408163265306,1033.0,128.6122448979592,6.0,810.0,100.3061224489796,969.0,81.53061224489795,1526.0,864.0,16.8,61.0,1.1599
2004-04-17 12:00:00,1.8115646258503402,984.0,128.01360544217687,5.0,763.0,100.00680272108843,1054.0,81.36734693877551,1472.0,641.0,18.8,50.1,1.0769
2004-04-17 13:00:00,1.8027210884353742,1066.0,127.41496598639456,7.5,879.0,99.70748299319727,939.0,81.20408163265306,1536.0,740.0,19.3,47.1,1.0445
2004-04-17 14:00:00,1.7938775510204081,926.0,126.81632653061224,3.9,707.0,99.40816326530613,1130.0,81.04081632653062,1429.0,532.0,19.3,46.6,1.0298
2004-04-17 15:00:00,1.7850340136054421,979.0,126.21768707482994,5.0,764.0,99.10884353741497,1054.0,80.87755102040816,1462.0,572.0,19.7,44.4,1.0081
2004-04-17 16:00:00,1.776190476190476,993.0,125.61904761904762,5.4,783.0,98.80952380952381,1033.0,80.71428571428571,1482.0,630.0,19.3,45.7,1.0161
2004-04-17 17:00:00,1.76734693877551,970.0,125.0204081632653,5.0,763.0,98.51020408163265,1043.0,80.55102040816327,1462.0,608.0,17.9,49.9,1.0135
2004-04-17 18:00:00,1.758503401360544,997.0,124.421768707483,5.5,788.0,98.21088435374149,1014.0,80.38775510204081,1482.0,644.0,16.9,53.2,1.0179
2004-04-17 19:00:00,1.749659863945578,1097.0,123.82312925170068,7.8,892.0,97.91156462585035,909.0,80.22448979591837,1594.0,833.0,16.1,56.0,1.0151
2004-04-17 20:00:00,1.7408163265306122,1105.0,123.22448979591837,8.2,908.0,97.61224489795919,900.0,80.06122448979592,1566.0,923.0,16.5,52.8,0.986
2004-04-17 21:00:00,1.7319727891156462,993.0,122.62585034013605,5.3,777.0,97.31292517006803,1022.0,79.89795918367346,1482.0,790.0,16.9,51.1,0.9743
2004-04-17 22:00:00,1.7231292517006802,1136.0,122.02721088435374,7.9,896.0,97.01360544217687,919.0,79.73469387755102,1623.0,961.0,17.0,50.8,0.9751
2004-04-17 23:00:00,1.7142857142857142,1297.0,121.42857142857143,10.7,1003.0,96.71428571428571,798.0,79.57142857142857,1700.0,1177.0,16.9,54.8,1.0455
2004-04-18 00:00:00,1.7054421768707482,1110.0,120.82993197278911,6.9,855.0,96.41496598639456,897.0,79.40816326530613,1568.0,943.0,16.3,57.2,1.0492
2004-04-18 01:00:00,1.6965986394557822,1027.0,120.2312925170068,6.3,827.0,96.1156462585034,942.0,79.24489795918367,1529.0,742.0,16.0,56.2,1.0164
2004-04-18 02:00:00,1.6877551020408164,1024.0,119.63265306122449,5.6,795.0,95.81632653061224,982.0,79.08163265306122,1501.0,705.0,15.6,60.2,1.0617
2004-04-18 03:00:00,1.6789115646258503,992.0,119.03401360544217,5.4,783.0,95.51700680272108,988.0,78.91836734693878,1527.0,663.0,14.6,68.2,1.1282
2004-04-18 04:00:00,1.6700680272108843,929.0,118.43537414965986,3.2,664.0,95.21768707482994,1144.0,78.75510204081633,1449.0,536.0,14.3,69.6,1.1257
2004-04-18 05:00:00,1.6612244897959183,892.0,117.83673469387756,1.9,579.0,94.91836734693878,1309.0,78.59183673469389,1396.0,441.0,13.8,71.9,1.1312
2004-04-18 06:00:00,1.6523809523809523,895.0,117.23809523809524,2.3,609.0,94.61904761904762,1268.0,78.42857142857143,1410.0,477.0,13.8,72.7,1.1402
2004-04-18 07:00:00,1.6435374149659863,915.0,116.63945578231292,2.4,612.0,94.31972789115646,1266.0,78.26530612244898,1411.0,506.0,14.2,72.3,1.1632
2004-04-18 08:00:00,1.6346938775510202,947.0,116.04081632653062,2.9,649.0,94.0204081632653,1154.0,78.10204081632654,1459.0,608.0,14.5,72.9,1.195
2004-04-18 09:00:00,1.6258503401360542,1032.0,115.4421768707483,4.2,721.0,93.72108843537416,1052.0,77.93877551020408,1546.0,663.0,14.2,75.6,1.2201
2004-04-18 10:00:00,1.6170068027210884,1219.0,114.843537414966,6.8,849.0,93.421768707483,901.0,77.77551020408163,1664.0,912.0,14.5,77.2,1.2695
2004-04-18 11:00:00,1.6081632653061224,1217.0,114.24489795918367,7.3,869.0,93.12244897959184,873.0,77.61224489795919,1660.0,963.0,14.9,74.5,1.253
2004-04-18 12:00:00,1.5993197278911564,1097.0,113.64625850340136,5.3,779.0,92.82312925170068,980.0,77.44897959183673,1565.0,803.0,15.5,67.4,1.178
2004-04-18 13:00:00,1.5904761904761904,938.0,113.04761904761905,3.4,674.0,92.52380952380952,1136.0,77.28571428571429,1433.0,564.0,16.7,56.0,1.0544
2004-04-18 14:00:00,1.5816326530612244,944.0,112.44897959183673,3.4,677.0,92.22448979591837,1140.0,77.12244897959184,1436.0,501.0,17.1,55.5,1.0724
2004-04-18 15:00:00,1.5727891156462586,1139.0,111.85034013605443,6.8,847.0,91.92517006802721,929.0,76.95918367346938,1604.0,701.0,16.2,62.4,1.1423
2004-04-18 16:00:00,1.5639455782312925,1163.0,111.25170068027211,7.0,859.0,91.62585034013605,921.0,76.79591836734694,1603.0,783.0,17.4,58.9,1.1567
2004-04-18 17:00:00,1.5551020408163265,1157.0,110.65306122448979,7.7,885.0,91.3265306122449,916.0,76.63265306122449,1590.0,784.0,17.5,54.6,1.08
2004-04-18 18:00:00,1.5462585034013605,1154.0,110.05442176870748,8.5,919.0,91.02721088435374,876.0,76.46938775510205,1623.0,861.0,17.5,54.2,1.0722
2004-04-18 19:00:00,1.5374149659863945,1342.0,109.45578231292517,13.5,1102.0,90.72789115646259,744.0,76.3061224489796,1824.0,1156.0,17.0,55.1,1.0621
2004-04-18 20:00:00,1.5285714285714285,1178.0,108.85714285714286,9.2,949.0,90.42857142857143,847.0,76.14285714285714,1653.0,1047.0,16.4,57.8,1.0669
2004-04-18 21:00:00,1.5197278911564625,1152.0,108.25850340136054,8.7,926.0,90.12925170068027,854.0,75.9795918367347,1669.0,1034.0,15.8,60.4,1.0744
2004-04-18 22:00:00,1.5108843537414964,1078.0,107.65986394557822,6.6,841.0,89.82993197278911,920.0,75.81632653061224,1595.0,962.0,15.5,63.3,1.1071
2004-04-18 23:00:00,1.5020408163265306,1167.0,107.06122448979592,9.1,945.0,89.53061224489795,826.0,75.65306122448979,1702.0,1100.0,15.0,65.2,1.1045
2004-04-19 00:00:00,1.4931972789115646,1111.0,106.46258503401361,7.8,890.0,89.2312925170068,871.0,75.48979591836735,1658.0,1047.0,14.5,67.3,1.1054
2004-04-19 01:00:00,1.4843537414965986,988.0,105.8639455782313,4.2,722.0,88.93197278911565,1029.0,75.3265306122449,1500.0,874.0,14.1,70.1,1.1224
2004-04-19 02:00:00,1.4755102040816326,917.0,105.26530612244898,3.4,677.0,88.63265306122449,1103.0,75.16326530612245,1494.0,747.0,13.8,73.3,1.1518
2004-04-19 03:00:00,1.4666666666666666,850.0,104.66666666666667,1.7,562.0,88.33333333333333,1275.0,75.0,1407.0,589.0,13.1,78.3,1.1716
2004-04-19 04:00:00,1.4578231292517008,885.0,104.06802721088435,2.1,589.0,88.03401360544217,1238.0,74.83673469387755,1443.0,635.0,13.0,78.2,1.1664
2004-04-19 05:00:00,1.4489795918367347,888.0,103.46938775510205,2.2,597.0,87.73469387755102,1242.0,74.6734693877551,1428.0,671.0,14.3,70.1,1.1328
2004-04-19 06:00:00,1.4401360544217687,1101.0,102.87074829931973,6.9,852.0,87.43537414965986,913.0,74.51020408163265,1655.0,992.0,14.0,70.9,1.1306
2004-04-19 07:00:00,1.4312925170068027,1399.0,102.27210884353741,16.5,1195.0,87.1360544217687,680.0,74.34693877551021,1976.0,1308.0,15.4,64.2,1.1123
2004-04-19 08:00:00,1.4224489795918367,1325.0,101.6734693877551,18.7,1260.0,86.83673469387756,652.0,74.18367346938776,1969.0,1303.0,16.5,57.9,1.0826
2004-04-19 09:00:00,1.4136054421768707,1058.0,101.07482993197279,8.5,921.0,86.53741496598639,876.0,74.0204081632653,1594.0,893.0,18.8,48.0,1.0323
2004-04-19 10:00:00,1.4047619047619047,990.0,100.47619047619048,6.8,846.0,86.23809523809524,947.0,73.85714285714286,1503.0,715.0,19.5,43.3,0.9706
2004-04-19 11:00:00,1.3959183673469386,1018.0,99.87755102040816,7.5,879.0,85.93877551020408,950.0,73.6938775510204,1574.0,685.0,18.5,45.5,0.9606
2004-04-19 12:00:00,1.3870748299319726,1105.0,99.27891156462584,10.9,1010.0,85.63945578231292,811.0,73.53061224489795,1709.0,947.0,18.0,46.7,0.9569
2004-04-19 13:00:00,1.3782312925170068,1194.0,98.68027210884354,13.4,1097.0,85.34013605442178,743.0,73.36734693877551,1847.0,1049.0,16.5,58.2,1.0813
2004-04-19 14:00:00,1.3693877551020408,1088.0,98.08163265306123,7.9,893.0,85.04081632653062,892.0,73.20408163265306,1565.0,741.0,12.1,75.6,1.0662
2004-04-19 15:00:00,1.3605442176870748,1084.0,97.48299319727892,8.8,933.0,84.74149659863946,872.0,73.04081632653062,1602.0,801.0,11.1,75.6,0.9974
2004-04-19 16:00:00,1.3517006802721088,1207.0,96.8843537414966,11.5,1032.0,84.4421768707483,797.0,72.87755102040816,1701.0,969.0,10.5,79.0,1.0016
2004-04-19 17:00:00,1.342857142857143,1186.0,96.28571428571428,11.8,1042.0,84.14285714285714,808.0,72.71428571428572,1684.0,1038.0,10.0,80.5,0.9853
2004-04-19 18:00:00,1.334013605442177,1053.0,95.68707482993197,8.3,911.0,83.843537414966,916.0,72.55102040816327,1528.0,889.0,11.3,70.5,0.9389
2004-04-19 19:00:00,1.325170068027211,1032.0,95.08843537414967,7.9,895.0,83.54421768707483,921.0,72.38775510204081,1508.0,879.0,10.7,71.5,0.9197
2004-04-19 20:00:00,1.316326530612245,989.0,94.48979591836735,6.7,846.0,83.24489795918367,960.0,72.22448979591837,1476.0,846.0,9.9,74.0,0.9009
2004-04-19 21:00:00,1.307482993197279,930.0,93.89115646258503,4.6,745.0,82.94557823129252,1085.0,72.06122448979592,1391.0,712.0,10.8,68.2,0.8806
2004-04-19 22:00:00,1.2986394557823129,951.0,93.29251700680271,5.0,766.0,82.64625850340136,1056.0,71.89795918367346,1431.0,747.0,10.2,74.0,0.9176
2004-04-19 23:00:00,1.2897959183673469,985.0,92.6938775510204,5.3,780.0,82.34693877551021,1017.0,71.73469387755102,1444.0,791.0,10.1,77.5,0.9579
2004-04-20 00:00:00,1.2809523809523808,937.0,92.0952380952381,3.9,703.0,82.04761904761905,1136.0,71.57142857142857,1377.0,637.0,9.9,77.7,0.9497
2004-04-20 01:00:00,1.2721088435374148,887.0,91.49659863945578,2.9,648.0,81.74829931972789,1222.0,71.40816326530613,1357.0,553.0,9.5,80.2,0.9533
2004-04-20 02:00:00,1.2632653061224488,806.0,90.89795918367346,1.5,544.0,81.44897959183673,1429.0,71.24489795918367,1290.0,449.0,9.5,79.7,0.9489
2004-04-20 03:00:00,1.254421768707483,771.0,90.29931972789116,0.8,483.0,81.14965986394557,1587.0,71.08163265306122,1277.0,485.0,9.7,78.9,0.9487
2004-04-20 04:00:00,1.245578231292517,802.0,89.70068027210884,1.2,519.0,80.85034013605443,1523.0,70.91836734693878,1315.0,540.0,9.8,80.0,0.967
2004-04-20 05:00:00,1.236734693877551,878.0,89.10204081632654,2.9,644.0,80.55102040816327,1260.0,70.75510204081633,1410.0,685.0,10.0,79.6,0.98
2004-04-20 06:00:00,1.2278911564625852,1070.0,88.50340136054422,7.6,883.0,80.25170068027211,942.0,70.59183673469389,1625.0,925.0,10.3,79.4,0.9927
2004-04-20 07:00:00,1.2190476190476192,1430.0,87.9047619047619,20.7,1316.0,79.95238095238095,638.0,70.42857142857143,2069.0,1382.0,11.0,77.4,1.0135
2004-04-20 08:00:00,1.2102040816326531,1565.0,87.3061224489796,29.9,1549.0,79.65306122448979,540.0,70.26530612244898,2396.0,1645.0,12.3,69.2,0.9906
2004-04-20 09:00:00,1.2013605442176871,1365.0,86.70748299319729,20.1,1299.0,79.35374149659864,637.0,70.10204081632654,1999.0,1514.0,14.5,60.4,0.9936
2004-04-20 10:00:00,1.192517006802721,1348.0,86.10884353741497,17.1,1214.0,79.05442176870748,678.0,69.93877551020408,1874.0,1509.0,16.0,56.3,1.0185
2004-04-20 11:00:00,1.183673469387755,1311.0,85.51020408163265,19.4,1279.0,78.75510204081633,648.0,69.77551020408163,1991.0,1520.0,18.1,51.1,1.0551
2004-04-20 12:00:00,1.174829931972789,1302.0,84.91156462585033,18.7,1260.0,78.45578231292517,658.0,69.61224489795919,1970.0,1471.0,23.0,37.5,1.0389
2004-04-20 13:00:00,1.165986394557823,1250.0,84.31292517006803,15.8,1173.0,78.156462585034,720.0,69.44897959183673,1870.0,1282.0,21.8,39.6,1.0209
2004-04-20 14:00:00,1.157142857142857,1083.0,83.71428571428572,10.3,988.0,77.85714285714286,859.0,69.28571428571429,1643.0,1004.0,21.9,37.2,0.9683
2004-04-20 15:00:00,1.148299319727891,1005.0,83.1156462585034,7.9,894.0,77.5578231292517,956.0,69.12244897959184,1530.0,714.0,23.8,31.4,0.9132
2004-04-20 16:00:00,1.1394557823129252,1129.0,82.51700680272108,13.7,1107.0,77.25850340136054,844.0,68.95918367346938,1742.0,940.0,25.9,26.9,0.8845
2004-04-20 17:00:00,1.1306122448979592,1327.0,81.91836734693877,19.7,1289.0,76.95918367346938,712.0,68.79591836734694,1938.0,1272.0,25.8,29.9,0.9808
2004-04-20 18:00:00,1.1217687074829932,1428.0,81.31972789115646,25.3,1437.0,76.65986394557822,599.0,68.63265306122449,2156.0,1526.0,22.6,39.5,1.0679
2004-04-20 19:00:00,1.1129251700680272,1426.0,80.72108843537416,23.9,1400.0,76.36054421768708,612.0,68.46938775510205,2102.0,1488.0,19.9,45.0,1.0364
2004-04-20 20:00:00,1.1040816326530614,1310.0,80.12244897959184,20.6,1313.0,76.06122448979592,663.0,68.3061224489796,1958.0,1475.0,17.9,47.4,0.9657
2004-04-20 21:00:00,1.0952380952380953,1114.0,79.52380952380952,12.3,1059.0,75.76190476190476,792.0,68.14285714285714,1704.0,1182.0,16.8,50.4,0.9545
2004-04-20 22:00:00,1.0863945578231293,991.0,78.92517006802721,7.7,889.0,75.46258503401361,932.0,67.9795918367347,1550.0,933.0,16.0,52.0,0.9375
2004-04-20 23:00:00,1.0775510204081633,1089.0,78.3265306122449,9.0,940.0,75.16326530612244,866.0,67.81632653061224,1589.0,1001.0,14.2,59.1,0.952
2004-04-21 00:00:00,1.0687074829931973,911.0,77.72789115646259,4.5,740.0,74.8639455782313,1071.0,67.65306122448979,1412.0,756.0,14.2,56.7,0.9111
2004-04-21 01:00:00,1.0598639455782313,1005.0,77.12925170068027,5.8,802.0,74.56462585034014,976.0,67.48979591836735,1474.0,952.0,12.2,67.7,0.9625
2004-04-21 02:00:00,1.0510204081632653,863.0,76.53061224489795,3.2,664.0,74.26530612244898,1172.0,67.3265306122449,1381.0,808.0,13.2,61.7,0.9328
2004-04-21 03:00:00,1.0421768707482992,857.0,75.93197278911565,3.0,653.0,73.96598639455783,1197.0,67.16326530612245,1375.0,779.0,10.9,71.0,0.9249
2004-04-21 04:00:00,1.0333333333333332,804.0,75.33333333333334,2.0,585.0,73.66666666666667,1301.0,67.0,1319.0,717.0,11.3,67.6,0.9038
2004-04-21 05:00:00,1.0244897959183672,871.0,74.73469387755102,3.7,694.0,73.36734693877551,1160.0,66.83673469387756,1421.0,779.0,10.1,71.8,0.888
2004-04-21 06:00:00,1.0156462585034014,1035.0,74.1360544217687,8.7,929.0,73.06802721088435,887.0,66.6734693877551,1599.0,1009.0,10.2,70.9,0.8841
2004-04-21 07:00:00,1.0068027210884354,1513.0,73.53741496598639,27.0,1480.0,72.7687074829932,572.0,66.51020408163265,2249.0,1595.0,11.8,66.0,0.9085
2004-04-21 08:00:00,0.9979591836734694,1726.0,72.93877551020408,40.3,1776.0,72.46938775510205,478.0,66.34693877551021,2684.0,1940.0,14.0,58.2,0.9271
2004-04-21 09:00:00,0.9891156462585035,1396.0,72.34013605442178,20.0,1296.0,72.17006802721089,619.0,66.18367346938776,1991.0,1628.0,17.0,50.2,0.9646
